-- phpMyAdmin SQL Dump
-- version 4.7.7
-- https://www.phpmyadmin.net/
--
-- Servidor: 127.0.0.1
-- Tiempo de generación: 10-03-2018 a las 05:10:13
-- Versión del servidor: 10.1.30-MariaDB
-- Versión de PHP: 7.2.2

SET SQL_MODE = "NO_AUTO_VALUE_ON_ZERO";
SET AUTOCOMMIT = 0;
START TRANSACTION;
SET time_zone = "+00:00";


/*!40101 SET @OLD_CHARACTER_SET_CLIENT=@@CHARACTER_SET_CLIENT */;
/*!40101 SET @OLD_CHARACTER_SET_RESULTS=@@CHARACTER_SET_RESULTS */;
/*!40101 SET @OLD_COLLATION_CONNECTION=@@COLLATION_CONNECTION */;
/*!40101 SET NAMES utf8mb4 */;

--
-- Base de datos: `house_delight`
--

-- --------------------------------------------------------

--
-- Estructura de tabla para la tabla `cliente`
--

CREATE TABLE `cliente` (
  `id` int(10) NOT NULL,
  `name` varchar(255) COLLATE utf8mb4_unicode_ci NOT NULL,
  `adress_bill` varchar(255) COLLATE utf8mb4_unicode_ci NOT NULL,
  `adress_delevery` varchar(255) COLLATE utf8mb4_unicode_ci NOT NULL,
  `phone` varchar(20) COLLATE utf8mb4_unicode_ci NOT NULL,
  `email` varchar(40) COLLATE utf8mb4_unicode_ci NOT NULL,
  `created_at` datetime NOT NULL,
  `updated_at` datetime NOT NULL
) ENGINE=InnoDB DEFAULT CHARSET=utf8mb4 COLLATE=utf8mb4_unicode_ci;

--
-- Volcado de datos para la tabla `cliente`
--

INSERT INTO `cliente` (`id`, `name`, `adress_bill`, `adress_delevery`, `phone`, `email`, `created_at`, `updated_at`) VALUES
(1, 'maxgroup', 'as', 'asd', '45345345', 'maxgroup@maxgroup.com', '0000-00-00 00:00:00', '0000-00-00 00:00:00');

-- --------------------------------------------------------

--
-- Estructura de tabla para la tabla `item`
--

CREATE TABLE `item` (
  `id` int(11) UNSIGNED NOT NULL,
  `part_number` varchar(6) DEFAULT NULL,
  `serie_id` int(11) DEFAULT NULL,
  `type_id` int(11) DEFAULT NULL,
  `size_id` int(11) DEFAULT NULL,
  `box_id` int(11) DEFAULT NULL,
  `description` text,
  `updated_at` datetime DEFAULT NULL,
  `created_at` datetime DEFAULT NULL
) ENGINE=InnoDB DEFAULT CHARSET=latin1;

--
-- Volcado de datos para la tabla `item`
--

INSERT INTO `item` (`id`, `part_number`, `serie_id`, `type_id`, `size_id`, `box_id`, `description`, `updated_at`, `created_at`) VALUES
(0, 'xxxx', 1, 1, 1, 1, 'xxxx', '2017-12-23 02:10:08', '2017-12-23 02:10:08'),
(1, 'SQITYX', 1, 1, 1, 1, NULL, NULL, NULL),
(2, 'SQITYF', 1, 1, 2, 1, NULL, NULL, NULL),
(3, 'SQITYM', 1, 1, 3, 1, NULL, NULL, NULL),
(4, 'SQITYL', 1, 1, 4, 1, NULL, NULL, NULL),
(5, 'SQMXYX', 1, 2, 1, 1, NULL, NULL, NULL),
(6, 'SQMXYF', 1, 2, 2, 1, NULL, NULL, NULL),
(7, 'SQMXYM', 1, 2, 3, 1, NULL, NULL, NULL),
(8, 'SQMXYL', 1, 2, 4, 1, NULL, NULL, NULL),
(9, 'SQITGX', 1, 3, 1, 2, NULL, NULL, NULL),
(10, 'SQITGF', 1, 3, 2, 2, NULL, NULL, NULL),
(11, 'SQITGM', 1, 3, 3, 2, NULL, NULL, NULL),
(12, 'SQITGL', 1, 3, 4, 2, NULL, NULL, NULL),
(13, 'SQMXGX', 1, 4, 1, 2, NULL, NULL, NULL),
(14, 'SQMXGF', 1, 4, 2, 2, NULL, NULL, NULL),
(15, 'SQMXGM', 1, 4, 3, 2, NULL, NULL, NULL),
(16, 'SQMXGL', 1, 4, 4, 2, NULL, NULL, NULL),
(17, 'CORSWY', 2, 5, 5, 3, NULL, NULL, NULL),
(18, 'CORSGE', 2, 6, 5, 4, NULL, NULL, NULL),
(19, 'THBSY', 3, 7, 5, 5, NULL, NULL, NULL),
(20, 'BSY', 3, 8, 5, 6, NULL, NULL, NULL),
(21, 'BRY', 4, 5, 5, 7, NULL, NULL, NULL),
(22, 'BRG', 4, 6, 5, 8, NULL, NULL, NULL),
(23, 'ASYS', 5, 5, 5, 9, NULL, NULL, NULL),
(24, 'ASYST', 5, 5, 5, 9, NULL, NULL, NULL),
(25, 'ASYL', 5, 5, 5, 9, NULL, NULL, NULL),
(26, 'ASYJ', 5, 5, 5, 9, NULL, NULL, NULL),
(27, 'ASYT', 5, 5, 5, 10, NULL, NULL, NULL),
(28, 'RAY', 6, 5, 5, 11, NULL, NULL, NULL),
(29, 'COY', 7, 5, 5, 12, NULL, NULL, NULL),
(30, 'GRY', 8, 5, 5, 13, NULL, NULL, NULL);

-- --------------------------------------------------------

--
-- Estructura de tabla para la tabla `item_box`
--

CREATE TABLE `item_box` (
  `id` int(11) NOT NULL,
  `name` varchar(45) NOT NULL,
  `weight` varchar(24) NOT NULL,
  `description` varchar(45) NOT NULL,
  `updated_at` datetime DEFAULT NULL,
  `created_at` datetime DEFAULT NULL
) ENGINE=MyISAM DEFAULT CHARSET=latin1;

--
-- Volcado de datos para la tabla `item_box`
--

INSERT INTO `item_box` (`id`, `name`, `weight`, `description`, `updated_at`, `created_at`) VALUES
(1, 'SQ1Y', '20', 'WHITE', '2017-12-21 22:56:05', '2017-12-21 22:56:05'),
(2, 'SQ2G', '20', 'KRAFT', '2017-12-21 22:56:05', '2017-12-21 22:56:05'),
(3, 'SC1Y', '45', 'WHITE YELLOW', '2017-12-21 22:56:05', '2017-12-21 22:56:05'),
(4, 'SC2G', '45', 'WHITE', '2017-12-21 22:56:05', '2017-12-21 22:56:05'),
(5, 'BN01', '10', 'KRAFT', '2017-12-21 22:56:05', '2017-12-21 22:56:05'),
(6, 'TB01', '10', 'KRAFT', '2017-12-21 22:56:05', '2017-12-21 22:56:05'),
(7, 'BRC01', '20', 'WHITE', '2017-12-21 22:56:05', '2017-12-21 22:56:05'),
(8, 'BRC02', '20', 'KRAFT', '2017-12-21 22:56:05', '2017-12-21 22:56:05'),
(9, 'ASP-SM', '11', 'KRAFT', '2017-12-21 22:56:05', '2017-12-21 22:56:05'),
(10, 'ASP-ST', '11', 'KRAFT', '2017-12-21 22:56:05', '2017-12-21 22:56:05'),
(11, 'APR-LRG', '11', 'KRAFT', '2017-12-21 22:56:05', '2017-12-21 22:56:05'),
(12, 'APS-JM', '11', 'KRAFT', '2017-12-21 22:56:05', '2017-12-21 22:56:05'),
(13, 'APS-TPS', '15', 'KRAFT', '2017-12-21 22:56:05', '2017-12-21 22:56:05'),
(14, 'RDSH-01', '0', 'WHITE', '2017-12-21 22:56:05', '2017-12-21 22:56:05'),
(15, 'COR-01', '0', 'WHITE', '2017-12-21 22:56:05', '2017-12-21 22:56:05'),
(16, 'GB-01', '30', 'KRAFT', '2017-12-21 22:56:05', '2017-12-21 22:56:05');

-- --------------------------------------------------------

--
-- Estructura de tabla para la tabla `item_serie`
--

CREATE TABLE `item_serie` (
  `id` int(11) NOT NULL,
  `name` varchar(45) NOT NULL,
  `updated_at` datetime NOT NULL,
  `created_at` datetime NOT NULL
) ENGINE=MyISAM DEFAULT CHARSET=latin1;

--
-- Volcado de datos para la tabla `item_serie`
--

INSERT INTO `item_serie` (`id`, `name`, `updated_at`, `created_at`) VALUES
(1, 'SQUASH', '2017-12-20 19:37:53', '2017-12-20 19:37:53'),
(2, 'CORN', '2017-12-20 19:37:53', '2017-12-20 19:37:53'),
(3, 'BASIL', '2017-12-20 19:38:21', '2017-12-20 19:38:21'),
(4, 'BROCOLI', '2017-12-20 19:38:21', '2017-12-20 19:38:21'),
(5, 'ASPARRAGUS', '2017-12-20 19:40:31', '2017-12-20 19:40:31'),
(6, 'RADISH', '2017-12-20 19:40:31', '2017-12-20 19:40:31'),
(7, 'CORIANDER', '2017-12-20 19:41:00', '2017-12-20 19:41:00'),
(8, 'GREEN BEAN', '2017-12-20 19:41:00', '2017-12-20 19:41:00');

-- --------------------------------------------------------

--
-- Estructura de tabla para la tabla `item_size`
--

CREATE TABLE `item_size` (
  `id` int(11) NOT NULL,
  `name` varchar(4) NOT NULL
) ENGINE=MyISAM DEFAULT CHARSET=latin1;

--
-- Volcado de datos para la tabla `item_size`
--

INSERT INTO `item_size` (`id`, `name`) VALUES
(1, 'XF'),
(2, 'F'),
(3, 'M'),
(4, 'L'),
(5, 'N/A');

-- --------------------------------------------------------

--
-- Estructura de tabla para la tabla `item_type`
--

CREATE TABLE `item_type` (
  `id` int(11) NOT NULL,
  `name` varchar(45) NOT NULL,
  `updated_at` datetime NOT NULL,
  `created_at` datetime NOT NULL
) ENGINE=MyISAM DEFAULT CHARSET=latin1;

--
-- Volcado de datos para la tabla `item_type`
--

INSERT INTO `item_type` (`id`, `name`, `updated_at`, `created_at`) VALUES
(1, 'ITL YMK', '2017-12-20 19:44:25', '2017-12-20 19:44:25'),
(2, 'MEX YMK', '2017-12-20 19:44:25', '2017-12-20 19:44:25'),
(3, 'ITL GEN', '2017-12-20 19:44:55', '2017-12-20 19:44:55'),
(4, 'MEX GEN', '2017-12-20 19:44:55', '2017-12-20 19:44:55'),
(5, 'YMK', '2017-12-20 19:45:30', '2017-12-20 19:45:30'),
(6, 'GENERIC', '2017-12-20 19:45:30', '2017-12-20 19:45:30'),
(7, 'THAI', '2017-12-20 19:45:47', '2017-12-20 19:45:47'),
(8, 'NUFAR', '2017-12-21 22:58:21', '2017-12-21 22:58:21');

-- --------------------------------------------------------

--
-- Estructura de tabla para la tabla `migrations`
--

CREATE TABLE `migrations` (
  `id` int(10) UNSIGNED NOT NULL,
  `migration` varchar(255) COLLATE utf8mb4_unicode_ci NOT NULL,
  `batch` int(11) NOT NULL
) ENGINE=InnoDB DEFAULT CHARSET=utf8mb4 COLLATE=utf8mb4_unicode_ci;

--
-- Volcado de datos para la tabla `migrations`
--

INSERT INTO `migrations` (`id`, `migration`, `batch`) VALUES
(1, '2014_10_12_000000_create_users_table', 1),
(2, '2014_10_12_100000_create_password_resets_table', 1),
(3, '2016_06_01_000001_create_oauth_auth_codes_table', 1),
(4, '2016_06_01_000002_create_oauth_access_tokens_table', 1),
(5, '2016_06_01_000003_create_oauth_refresh_tokens_table', 1),
(6, '2016_06_01_000004_create_oauth_clients_table', 1),
(7, '2016_06_01_000005_create_oauth_personal_access_clients_table', 1);

-- --------------------------------------------------------

--
-- Estructura de tabla para la tabla `oauth_access_tokens`
--

CREATE TABLE `oauth_access_tokens` (
  `id` varchar(100) COLLATE utf8mb4_unicode_ci NOT NULL,
  `user_id` int(11) DEFAULT NULL,
  `client_id` int(11) NOT NULL,
  `name` varchar(255) COLLATE utf8mb4_unicode_ci DEFAULT NULL,
  `scopes` text COLLATE utf8mb4_unicode_ci,
  `revoked` tinyint(1) NOT NULL,
  `created_at` timestamp NULL DEFAULT NULL,
  `updated_at` timestamp NULL DEFAULT NULL,
  `expires_at` datetime DEFAULT NULL
) ENGINE=InnoDB DEFAULT CHARSET=utf8mb4 COLLATE=utf8mb4_unicode_ci;

--
-- Volcado de datos para la tabla `oauth_access_tokens`
--

INSERT INTO `oauth_access_tokens` (`id`, `user_id`, `client_id`, `name`, `scopes`, `revoked`, `created_at`, `updated_at`, `expires_at`) VALUES
('07db6e735423c1e79c490882800a98e822fed9af68b1dc302cb47ff81168ac2fdb84af669f1a609f', 1, 2, NULL, '[]', 1, '2018-03-08 16:51:00', '2018-03-08 16:51:00', '2018-03-23 08:51:00'),
('0cee51b13f78b893dd400fb94f068ce23f4dd46fd0fb9e429d97f276c9804d7d5983aeaead9468ab', 1, 2, NULL, '[]', 1, '2018-03-09 13:40:44', '2018-03-09 13:40:44', '2018-03-24 05:40:44'),
('0de52e3073cb2a1975b43306823f34f8776e4e574b62ba590038cf246e733cba0788e09309e1b3e6', 1, 2, NULL, '[]', 1, '2018-03-09 17:43:19', '2018-03-09 17:43:19', '2018-03-24 09:43:19'),
('0e3b6af87a27906b71d3e0d63bfcdbb191b324d7e57d6296654c45e51b74532047fa00df1d3e0372', 1, 2, NULL, '[]', 1, '2018-03-10 04:56:59', '2018-03-10 04:56:59', '2018-03-24 20:56:59'),
('12a9bf279bf1a2fbc32c4fb9f00b3ec4a6cd20028bbfc7dd2ec02d7986e92d50ba2449884b9f809c', 1, 2, NULL, '[]', 1, '2018-03-09 16:42:46', '2018-03-09 16:42:46', '2018-03-24 08:42:46'),
('1507a9d35367951ee7c9450bbf3b53e63afa462cfe7eecac46d64984e9ede610751d638c05cfc6ca', 1, 2, NULL, '[]', 1, '2018-03-08 16:30:34', '2018-03-08 16:30:34', '2018-03-23 08:30:33'),
('151d7c2ac516120e75a785baef3cb7262a2754cb8072e8bfa0e736a20f3365068f56618b3cc85f25', 1, 2, NULL, '[]', 1, '2018-03-10 04:24:23', '2018-03-10 04:24:23', '2018-03-24 20:24:22'),
('15f1437b06b74157985c0378b931cf1e88f1b96e9c5e5a136765fa86df2e5e8fca0ec1e3607b0a73', 1, 2, NULL, '[]', 1, '2018-03-09 15:33:14', '2018-03-09 15:33:14', '2018-03-24 07:33:14'),
('169ae92f5940ee4ffdbc9653f0543b2f2ce827dfa7497bc32ec936a7809e6ae1c9ee7fbecd315eeb', 1, 2, NULL, '[]', 1, '2018-03-09 18:16:47', '2018-03-09 18:16:47', '2018-03-24 10:16:46'),
('1aa18a68e2175918403aef56ca2636b5d1e2ce9bb496950f38f487a11c35a7a452d0a49bbdbd379f', 1, 2, NULL, '[]', 1, '2018-03-09 13:36:33', '2018-03-09 13:36:33', '2018-03-24 05:36:33'),
('1eaa7ec3772acf6ff89a21f91488a0be9746e67abd3a9c8dd0777c9f85fee03dd7e1f208337c9d16', 1, 2, NULL, '[]', 1, '2018-03-08 14:42:43', '2018-03-08 14:42:43', '2018-03-23 06:42:43'),
('21b89614c0dec1322b7f9205088afd0b2c6c3d693203a84785bc61c2c5ad8237fc101f92d89dc0ee', 1, 2, NULL, '[]', 1, '2018-03-08 14:29:35', '2018-03-08 14:29:35', '2018-03-23 06:29:34'),
('26041e6594ff3b97c8551ffdb6a10aabeede7e992beb900604b16b5b585b3814b31b151e7868de55', 1, 2, NULL, '[]', 1, '2018-03-09 17:44:37', '2018-03-09 17:44:37', '2018-03-24 09:44:37'),
('2765f683459ec24dc55d1543fc707dd9e8e7758940d65d04b4da62d2a33eccdd0f0b636120d61712', 1, 2, NULL, '[]', 1, '2018-03-09 15:23:11', '2018-03-09 15:23:11', '2018-03-24 07:23:11'),
('29654285689d511e7c9e9794fd1ba820e9dd1d279c115603ef984509f2a45d0cba3aa1ba3eaf2d3f', 1, 2, NULL, '[]', 1, '2018-03-09 17:33:09', '2018-03-09 17:33:09', '2018-03-24 09:33:09'),
('2a7e952bd1353f84d93b4278f92e54befaff9989c153b88cfc0dcc0db133f7523b4489d71491db3b', 1, 2, NULL, '[]', 1, '2018-03-09 14:58:31', '2018-03-09 14:58:31', '2018-03-24 06:58:31'),
('315f62fd0521e62fb1b8f813a0ceccdc71320562a508e1bef070e531e0914ab44124186e730fea72', 1, 2, NULL, '[]', 1, '2018-03-09 15:23:40', '2018-03-09 15:23:40', '2018-03-24 07:23:40'),
('3597f50bd9ddc6080f3c68a2c89e1b5472c3303b5b8db72df7c7a5c20cfe8ddbfd7b044deabd334b', 1, 2, NULL, '[]', 1, '2018-03-08 14:31:00', '2018-03-08 14:31:00', '2018-03-23 06:31:00'),
('35c14fefa8f2cddc78f014e0a5dd19f80ec4d6c9ad6abcbae616a6f682d8d3151559816faf1e68a1', 1, 2, NULL, '[]', 0, '2018-03-08 17:52:22', '2018-03-08 17:52:22', '2018-03-23 09:52:22'),
('38a05c8ef489adbdaafa1bc331e8409bba62e7d82089cfb2926d67212f8c581365fa5958ab4f1e4c', 1, 2, NULL, '[]', 0, '2018-03-09 16:22:29', '2018-03-09 16:22:29', '2018-03-24 08:22:28'),
('3a2a52657fd14563bc1e9858ee4b1d92e45773e6299e10b24296ead049ac3e2b0887abd99e758b68', 1, 2, NULL, '[]', 1, '2018-03-09 18:05:47', '2018-03-09 18:05:47', '2018-03-24 10:05:47'),
('3b10750a6d01107c3955a8a0c7526ac8826bb86e0981c4815220131aa8bb22317f1db8edcce3f7dc', 1, 2, NULL, '[]', 1, '2018-03-08 18:04:50', '2018-03-08 18:04:50', '2018-03-23 10:04:50'),
('3fbf9670848cd0c1cc984577e874b136767e2dbcedb67095b9bddbbeb451561d7ea2496b199d998a', 1, 2, NULL, '[]', 1, '2018-03-09 14:42:19', '2018-03-09 14:42:19', '2018-03-24 06:42:18'),
('40dcc822ccc86a4b5aa9baa46095a26754c4d95afa179a3ec78c340d209e8579dd36d79b5b540682', 1, 2, NULL, '[]', 1, '2018-03-09 17:42:24', '2018-03-09 17:42:24', '2018-03-24 09:42:24'),
('42f038ca2e89f6fd0bb1529bdd0f260cbddfebcc81b07c3f1bd47b02fdff2dc9fc7cc89a63eeb470', 1, 2, NULL, '[]', 1, '2018-03-10 04:52:30', '2018-03-10 04:52:30', '2018-03-24 20:52:30'),
('434303fd6bdffaaa6e367269e6431d3f06ac1c87ad2c276e8ad9dfa61c908d9b8ca2297666977a54', 1, 2, NULL, '[]', 1, '2018-03-09 13:38:48', '2018-03-09 13:38:48', '2018-03-24 05:38:48'),
('43e7c240f4a627e5433a564d3b0fcc1cea1c664e7a70513c8a006ac4f8d86fc093486a04045fa078', 1, 2, NULL, '[]', 1, '2018-03-08 16:49:45', '2018-03-08 16:49:45', '2018-03-23 08:49:44'),
('43f8e1e5d99fb2fd6c4291d8b55249b6cdb8a1b6fb43af2548b7631a81b2e74287c5f57be8f5ec53', 1, 2, NULL, '[]', 1, '2018-03-09 17:51:50', '2018-03-09 17:51:50', '2018-03-24 09:51:50'),
('4458aabdf23cec5fb56997bb3876dcdf8ec9dbe1ce6ca3f2811cfe77b270b138dacd44adf7f2160a', 1, 2, NULL, '[]', 1, '2018-03-08 14:26:36', '2018-03-08 14:26:36', '2018-03-23 06:26:36'),
('44bff41feb8a4ea59f5481b643edfa302a9ca8e35b59477cf8fd64ee0418cdfc03fe56d6429a51a2', 1, 2, NULL, '[]', 1, '2018-03-10 04:27:50', '2018-03-10 04:27:50', '2018-03-24 20:27:50'),
('47067e7bccedc09c6de8bc62315e8d1b03b82058b65998b93186cb32709668386211f93d31326188', 1, 2, NULL, '[]', 1, '2018-03-09 15:49:53', '2018-03-09 15:49:53', '2018-03-24 07:49:52'),
('4f8489818f3e44e0179487649db87b948d2a01b1fb7520399b941b4aa0027e1f164abbc201984100', 1, 2, NULL, '[]', 1, '2018-03-09 17:50:06', '2018-03-09 17:50:06', '2018-03-24 09:50:05'),
('59557810e76cc8f735adeee288488bc8ddf9af4840343860ee0178e4aefced2807d7f2adcbe09a97', 1, 2, NULL, '[]', 1, '2018-03-09 18:26:25', '2018-03-09 18:26:25', '2018-03-24 10:26:25'),
('5b97754e3e1078a2b470d8439d3f09fbf8eb50fa204cb7d9f33c9c7e2615b3b6ebc295225bfd888b', 1, 2, NULL, '[]', 1, '2018-03-09 14:37:30', '2018-03-09 14:37:30', '2018-03-24 06:37:30'),
('5df95b96564a101b037d2edb76f4cf3fabb5f4e644e1dfbbd3c7d7e78ac022ffd8f08193e2095d03', 1, 2, NULL, '[]', 1, '2018-03-08 14:34:21', '2018-03-08 14:34:21', '2018-03-23 06:34:21'),
('5e8c6d9a58a4ba077959256c0341d216001ba7389e34af871614953ff0e6000ca32d28f39c7a14d4', 1, 2, NULL, '[]', 1, '2018-03-08 14:23:26', '2018-03-08 14:23:26', '2018-03-23 06:23:25'),
('680a1568bb996db01fb33f7fa648a1fafa85181599a46149d8418d29551bbfc633c926fbf0e701a0', 1, 2, NULL, '[]', 1, '2018-03-08 17:05:54', '2018-03-08 17:05:54', '2018-03-23 09:05:54'),
('6aff310b41f19bf91441cabcc9db50ca7e27e3f9a2600e535b629bdf8a6e71ea858f6c7883c678f0', 1, 2, NULL, '[]', 1, '2018-03-08 14:38:36', '2018-03-08 14:38:36', '2018-03-23 06:38:36'),
('6b5e57979d91c21475ec2edbececa123a06155c1cca9f06f23b1df279508db8ee80d722f1446125a', 1, 2, NULL, '[]', 1, '2018-03-10 05:08:53', '2018-03-10 05:08:53', '2018-03-24 21:08:53'),
('6f65a3304fb330b5cfb5b9209a522f2365653dfc84a682585d4b44bc5b488e57cafe094c527a31da', 1, 2, NULL, '[]', 1, '2018-03-09 17:19:30', '2018-03-09 17:19:30', '2018-03-24 09:19:30'),
('701128baa95908ee6609b227f485d479d40648f790928417bc2824bbe0ea266a03d44a4f39127b14', 1, 2, NULL, '[]', 0, '2018-03-10 05:33:23', '2018-03-10 05:33:23', '2018-03-24 21:33:22'),
('71223dd1e96cf391a9e51482854a7321d21999449dd047b540e80241eb0392928585bb5cf53e08f3', 1, 2, NULL, '[]', 1, '2018-03-09 13:41:04', '2018-03-09 13:41:04', '2018-03-24 05:41:04'),
('74b71df83f5ff13dedba911854b9552daaf87bb1d268733607098485233e2f38e0cba84cc9cbfcb7', 1, 2, NULL, '[]', 1, '2018-03-09 16:14:47', '2018-03-09 16:14:47', '2018-03-24 08:14:46'),
('754151db2c954e142eddfd59128eda4fe455428ced48c98d208ba33771e960b5409117655772f659', 1, 2, NULL, '[]', 1, '2018-03-09 17:30:42', '2018-03-09 17:30:42', '2018-03-24 09:30:41'),
('772a164756e00184d2f14d1b8322dac0e57c214808cdc17c96bb0b4072a9ebcb4120331050856a12', 1, 2, NULL, '[]', 1, '2018-03-08 16:55:05', '2018-03-08 16:55:05', '2018-03-23 08:55:05'),
('78dd5de3c785b69bfb1f54f8e76d66e0cda0d62f2848775618811845bd4cb259c1a4d395603e0673', 1, 2, NULL, '[]', 1, '2018-03-08 16:43:18', '2018-03-08 16:43:18', '2018-03-23 08:43:17'),
('7cb1f36e801dd90fe80f6d4393d05c283eccd07b4874d79a42cc5c9440c2225a813ea602d01df723', 1, 2, NULL, '[]', 1, '2018-03-09 15:01:41', '2018-03-09 15:01:41', '2018-03-24 07:01:41'),
('7cb5b52f0005512192ce56974f6cebde109d2528864834011df53bbac8fe25469dbf62715fcfbcba', 1, 2, NULL, '[]', 1, '2018-03-10 05:28:28', '2018-03-10 05:28:28', '2018-03-24 21:28:28'),
('7f3d1c877efcd533185a42786012b707ab172a706fa70f228c13be2e851f55962322ffeafa4efe0e', 1, 2, NULL, '[]', 1, '2018-03-08 15:00:08', '2018-03-08 15:00:08', '2018-03-23 07:00:07'),
('7f86e717e31b7c9af77cea5861aff7ca435181783d7487f840dd4836cc901beb31fc16f8268a6f93', 1, 2, NULL, '[]', 1, '2018-03-08 17:00:39', '2018-03-08 17:00:39', '2018-03-23 09:00:39'),
('80b1a183c860122208061e2baab8b0ee9776eabd7da65f8ae9cc5ddc0dd947ab5023b4632b1bc64b', 1, 2, NULL, '[]', 1, '2018-03-09 16:25:42', '2018-03-09 16:25:42', '2018-03-24 08:25:42'),
('8509352d0557e4fc505ba69c8e2a06bd2bd0d6f7912244717b140d53156447118cbb9eae57055c00', 1, 2, NULL, '[]', 1, '2018-03-09 18:06:47', '2018-03-09 18:06:47', '2018-03-24 10:06:47'),
('86558d94aeb2a9b576937551695bed0cebd746ec19a6e60e7622a16d9d16f7884c6839c64858c1dc', 1, 2, NULL, '[]', 1, '2018-03-09 12:48:30', '2018-03-09 12:48:30', '2018-03-24 04:48:28'),
('86953962b212aacbb3dcc51a63bf77cc3b1c20c517253e0e4346e279e5c39d420c9df60b095caf25', 1, 2, NULL, '[]', 1, '2018-03-09 17:36:49', '2018-03-09 17:36:49', '2018-03-24 09:36:48'),
('884ccb4f8afd8216d7cc81fb20134a3323f05ecc9840915f89268c54f2164de82a02d24b15b73235', 1, 2, NULL, '[]', 1, '2018-03-10 04:47:14', '2018-03-10 04:47:14', '2018-03-24 20:47:14'),
('8b078bdc3d9ed597c5334eede800ca69000c47111b704cc330edfe2eac14aa2e5240e9e6a309f100', 1, 2, NULL, '[]', 1, '2018-03-08 16:45:49', '2018-03-08 16:45:49', '2018-03-23 08:45:49'),
('9103ededaa25c90ef20af83bd8f1d63b872c026de8a411758a9ea5e6e6e1d39ec6e8fc9e55dae2bb', 1, 2, NULL, '[]', 1, '2018-03-09 18:35:04', '2018-03-09 18:35:04', '2018-03-24 10:35:03'),
('97466029bf0e4a9e8762b10f2d89734458ae454de64fae0cbfab32cfc20749bd4faa899d0545caa6', 1, 2, NULL, '[]', 1, '2018-03-09 17:18:03', '2018-03-09 17:18:03', '2018-03-24 09:18:03'),
('9954d586e44c6f350ff90d3a36ab3e856077fa20f3abbc896c42f1a99c16b94787289788933d276e', 1, 2, NULL, '[]', 1, '2018-03-10 04:44:39', '2018-03-10 04:44:39', '2018-03-24 20:44:38'),
('9bb20c06a4931834864df2b72fd64a99218b64ca60d8ad7b5a3f17b6874a88b9145cde93783da826', 1, 2, NULL, '[]', 1, '2018-03-08 14:46:12', '2018-03-08 14:46:12', '2018-03-23 06:46:12'),
('9cf2ad15f7495388886a951967acce518e8da646efdc1c157381ffb92e7b6a02c04d4c3dbf9aefbe', 1, 2, NULL, '[]', 1, '2018-03-08 14:40:24', '2018-03-08 14:40:24', '2018-03-23 06:40:23'),
('a0679cc4a244dbc003d8e709e545563d2669e97bf43e61e46aaf3d1c483c88c4691191b7ad6dca1d', 1, 2, NULL, '[]', 1, '2018-03-10 05:29:10', '2018-03-10 05:29:10', '2018-03-24 21:29:10'),
('a0b2afc34a026faf34963921d6c0c1c0867e28a3cf02c71d0a8833930c2571586b3418ced7839da6', 1, 2, NULL, '[]', 1, '2018-03-09 17:48:02', '2018-03-09 17:48:02', '2018-03-24 09:48:01'),
('a1423fc821c172d1f9edbf4c5dc1c860f36be3c6c2817bd04c9fdce83ac8fd65e5598eba15ae00f4', 1, 2, NULL, '[]', 1, '2018-03-09 13:48:02', '2018-03-09 13:48:02', '2018-03-24 05:48:02'),
('a330e8e5ab2c48fae5ff9acd3c2342bb4eb08e76739b753a50d42f6a45f98e247b351e0f6068fe1a', 1, 2, NULL, '[]', 1, '2018-03-10 05:25:55', '2018-03-10 05:25:55', '2018-03-24 21:25:55'),
('a4c9507590ab04c204b070d2c03e60fce053453808ef8df67a32ac67ca52a95df3406d8943a9c7f9', 1, 2, NULL, '[]', 1, '2018-03-09 13:34:09', '2018-03-09 13:34:09', '2018-03-24 05:34:09'),
('a61a809a1eebc7243845ffe194c24bcc3b31dec70007d430dec88af54cdb63e326f7cc38791a92b7', 1, 2, NULL, '[]', 1, '2018-03-08 15:12:21', '2018-03-08 15:12:21', '2018-03-23 07:12:21'),
('a9243a864a8d19ab6558960a1989329f692ba1aa9b249cd26db58ed889f0b73faacd480c5ff9f269', 1, 2, NULL, '[]', 1, '2018-03-09 14:51:55', '2018-03-09 14:51:55', '2018-03-24 06:51:55'),
('a970591817db2b8003f7d5e65ffa1ade0081e3ce73ced61c0eac2a63fd0fe2da7ad3847defc21d3d', 1, 2, NULL, '[]', 1, '2018-03-09 12:39:04', '2018-03-09 12:39:04', '2018-03-24 04:39:02'),
('a9e7ba9be0e34397eee0e2104fcf59e031868ae7d114d96d53fdc30ab46b45a52379243fe1c91a89', 1, 2, NULL, '[]', 1, '2018-03-08 16:44:26', '2018-03-08 16:44:26', '2018-03-23 08:44:25'),
('adba8733c67d83aac7e75e7d55b8eaeb0995c8ddb280a00f3f523c7128d1d088ca58b6d5b5f616c3', 1, 2, NULL, '[]', 1, '2018-03-09 15:19:19', '2018-03-09 15:19:19', '2018-03-24 07:19:19'),
('b174d9433ad464ac157bcf65e2f489737fafd75345dcfcb14b07599ec6b0076562412ebb09e1e6f2', 1, 2, NULL, '[]', 1, '2018-03-09 15:25:54', '2018-03-09 15:25:54', '2018-03-24 07:25:54'),
('b5ca58a33f17912ab8d8cdb042ab8d2aa05dadaf465774256e4b3aac8de2f0a8d1179306cd40fed5', 1, 2, NULL, '[]', 1, '2018-03-10 04:49:03', '2018-03-10 04:49:03', '2018-03-24 20:49:03'),
('bb1017adf6b86ea263742655545d8d4a578f8632fdc1622017eded504bf1e7ac6fc7581e51cf7fbe', 1, 2, NULL, '[]', 1, '2018-03-09 18:03:46', '2018-03-09 18:03:46', '2018-03-24 10:03:46'),
('bb3bd9defc6fa106ea4cd6e1c11f0f412514d1cf3e7a45eb0732ee7cf51675d49ece38a291abafc7', 1, 2, NULL, '[]', 1, '2018-03-09 11:23:36', '2018-03-09 11:23:36', '2018-03-24 03:23:36'),
('be4c93665ff8875ab17ac38ef542d3790fcc2f4410c27521412264ecbc3d22698778fe3d6f76eaae', 1, 2, NULL, '[]', 1, '2018-03-09 18:09:21', '2018-03-09 18:09:21', '2018-03-24 10:09:21'),
('bf06c77665f2a317c7a66ed6765712986703a09b6b6067158dfae2f6cd616cf69e3fcc99d012d60d', 1, 2, NULL, '[]', 1, '2018-03-09 17:14:55', '2018-03-09 17:14:55', '2018-03-24 09:14:55'),
('bffc04295867b737faead60c3636e83f6682a28856a1143e048c88843b7286c9d63c702c2cd8b754', 1, 2, NULL, '[]', 1, '2018-03-09 13:25:08', '2018-03-09 13:25:08', '2018-03-24 05:25:07'),
('c34a1ae4c975bd5f67f0b530059ca52ad2643c91dcf58306c5dc1354fa78a8869519c5cc061b4042', 1, 2, NULL, '[]', 0, '2018-03-09 10:43:50', '2018-03-09 10:43:50', '2018-03-24 02:43:49'),
('c6cf28ce1d26e71f343a5ac2c52f44ec41d3cb45c3ba897cc81d17f21cffd15dc424f4d53fe995d8', 1, 2, NULL, '[]', 1, '2018-03-09 15:25:22', '2018-03-09 15:25:22', '2018-03-24 07:25:21'),
('c772a89212dc4d75c009a8bfcec6521e4fe2bf61aa3433d4abc27611e02b5489994052f1627c7c54', 1, 2, NULL, '[]', 1, '2018-03-09 14:36:31', '2018-03-09 14:36:31', '2018-03-24 06:36:30'),
('c8ae7c7082cb2faa0bb2baebbbfa8576f0ef67596bd612ac2d5a2867b91f64d6579f3c9768686b2f', 1, 2, NULL, '[]', 1, '2018-03-09 18:06:28', '2018-03-09 18:06:28', '2018-03-24 10:06:28'),
('cb5aa874d639fe025beafa725f6c0026ca6e61c6935f707c77396fd9f91ea77020bf7f4365b2ec8d', 1, 2, NULL, '[]', 1, '2018-03-08 15:00:43', '2018-03-08 15:00:43', '2018-03-23 07:00:43'),
('cc885cf1b46c679c0fd8114729a962af0c468b855e39d1f861315c4b06579ca93158140726bd0fa7', 1, 2, NULL, '[]', 1, '2018-03-09 17:23:21', '2018-03-09 17:23:21', '2018-03-24 09:23:21'),
('cd258c4e49c8b3c3abf482c9b9093b2414bac7b8f7c09ba417270c5b918dc1c4fb65da68bf742cfb', 1, 2, NULL, '[]', 1, '2018-03-09 17:28:38', '2018-03-09 17:28:38', '2018-03-24 09:28:38'),
('ce3921503e19adbdfa85c8ec332060b4608c717cf78d7c440bef8e38312d1c18cfe12e5660aea8a8', 1, 2, NULL, '[]', 1, '2018-03-08 14:51:28', '2018-03-08 14:51:28', '2018-03-23 06:51:28'),
('d110ac37df4f38a84ae36442c0c78213044545e641316a9bd10665d86be598679512958afcd16d02', 1, 2, NULL, '[]', 1, '2018-03-08 17:03:04', '2018-03-08 17:03:04', '2018-03-23 09:03:04'),
('d49bf241cab60274dc909d7c7ed30527186882fe144fb71b768f8be9cbd353b9dc2c97519a9cc208', 1, 2, NULL, '[]', 1, '2018-03-09 14:44:47', '2018-03-09 14:44:47', '2018-03-24 06:44:46'),
('d57927064e46ccbfe52a77130c8268d970aa0059ee918b7de7404d2d9d749f9c48567a50a82d610a', 1, 2, NULL, '[]', 1, '2018-03-09 18:02:36', '2018-03-09 18:02:36', '2018-03-24 10:02:36'),
('d77cbdf350530fc0b3b4f557488637fae5972855149381ed84e7691183fb46a463f60698f6e3ebbd', 1, 2, NULL, '[]', 1, '2018-03-09 18:01:54', '2018-03-09 18:01:54', '2018-03-24 10:01:53'),
('d7a1d8376665cdba52cdeeacbb22928360c9c92b1ccc4bc9071d893ec2a62940cea71087f2563489', 1, 2, NULL, '[]', 1, '2018-03-08 14:44:34', '2018-03-08 14:44:34', '2018-03-23 06:44:33'),
('da7e56a8f51ddbe9302e8674d518341be4df9a0771a91cd0acc64a67e7e1051cf115598d810f070c', 1, 2, NULL, '[]', 1, '2018-03-09 14:39:56', '2018-03-09 14:39:56', '2018-03-24 06:39:56'),
('dd7b82353c0b9de0edfe118b0edd462f8016517d876104b3e4a6ab2ee14c1b39e2d6e505c781a6af', 1, 2, NULL, '[]', 1, '2018-03-08 17:02:11', '2018-03-08 17:02:11', '2018-03-23 09:02:11'),
('de2ccca093ceab8d9960dea2ea8edb627bf3bbd6e908661edb6288529c3c0c9aad9c3a65a583328d', 1, 2, NULL, '[]', 1, '2018-03-09 14:49:24', '2018-03-09 14:49:24', '2018-03-24 06:49:24'),
('debc87dbb02c5f575bdcbddf142719fd562f8a30cc7accde45611b92e99bb9edd3a267c0986ae63c', 1, 2, NULL, '[]', 1, '2018-03-09 13:26:05', '2018-03-09 13:26:05', '2018-03-24 05:26:04'),
('e18b28bec994121dee7da43114572680e22ff0a40f1c2f996da48359ff9f6210808cbbaa7c53929c', 1, 2, NULL, '[]', 1, '2018-03-09 16:26:06', '2018-03-09 16:26:06', '2018-03-24 08:26:06'),
('e23cf326bcd7293ad53066c37163b2ce31a93a6268d706f2a1bc7538247ddd438a8aa60891128cbb', 1, 2, NULL, '[]', 1, '2018-03-09 16:56:40', '2018-03-09 16:56:40', '2018-03-24 08:56:39'),
('e43bee2e1a4069e4e09f8dfc6b16e6816608249877f9416b22d74caef71127ec594da291b78c8179', 1, 2, NULL, '[]', 1, '2018-03-09 17:20:21', '2018-03-09 17:20:21', '2018-03-24 09:20:20'),
('e542b004ecbe98ae989e08de020be12a323fe99d78d53639be7043a49940dc68956f04af2d3b061a', 1, 2, NULL, '[]', 1, '2018-03-10 05:04:53', '2018-03-10 05:04:53', '2018-03-24 21:04:52'),
('e868419c224db8bba2d74dca619d8056fe11f1dc189bd807b0693555f04769b176ad13d062b827af', 1, 2, NULL, '[]', 1, '2018-03-09 18:16:22', '2018-03-09 18:16:22', '2018-03-24 10:16:22'),
('e8a72b68c1f0d8f937477dfa343141a7e99b0f2cfca6ce7dad8fc9f6c72de32e8b122a458194fc54', 1, 2, NULL, '[]', 1, '2018-03-09 17:53:31', '2018-03-09 17:53:31', '2018-03-24 09:53:31'),
('e916004914335f483e61c9fd83e9335375f8af56f6bc7da94db0121663a0c713c3d293e85c02f00f', 1, 2, NULL, '[]', 1, '2018-03-09 14:47:28', '2018-03-09 14:47:28', '2018-03-24 06:47:28'),
('ea1f4aaa4c8d48738f21848b52f58d542d9c3b4f4d20a72d68c38ba9e1f811088771e4093c387058', 1, 2, NULL, '[]', 1, '2018-03-09 14:54:09', '2018-03-09 14:54:09', '2018-03-24 06:54:09'),
('ee607fad9786b5310233db43a6f4af5f7b721e8ed994ecf15bde5d76e15a372fd70e6213b7a7f0f0', 1, 2, NULL, '[]', 1, '2018-03-09 19:13:37', '2018-03-09 19:13:37', '2018-03-24 11:13:37'),
('f13e3dc909b5e589815be6cef2232da0e757eccb1225b76e96abfb792acf98d9ea348a8a735e1ec4', 1, 2, NULL, '[]', 1, '2018-03-08 14:37:31', '2018-03-08 14:37:31', '2018-03-23 06:37:31'),
('f2aec99c0bc5b008895b063d20ad747ddeba15e67c1c34a5b8a1dba6eaeb1a3307db4dfaeb6d1bee', 1, 2, NULL, '[]', 1, '2018-03-09 15:16:05', '2018-03-09 15:16:05', '2018-03-24 07:16:05'),
('fae6f252f8dc0114868c038021e62aea413ad75ad9ef9b1dc73a9a80d4f4a37fa301c7255a5148c2', 1, 2, NULL, '[]', 1, '2018-03-09 15:10:16', '2018-03-09 15:10:16', '2018-03-24 07:10:16');

-- --------------------------------------------------------

--
-- Estructura de tabla para la tabla `oauth_auth_codes`
--

CREATE TABLE `oauth_auth_codes` (
  `id` varchar(100) COLLATE utf8mb4_unicode_ci NOT NULL,
  `user_id` int(11) NOT NULL,
  `client_id` int(11) NOT NULL,
  `scopes` text COLLATE utf8mb4_unicode_ci,
  `revoked` tinyint(1) NOT NULL,
  `expires_at` datetime DEFAULT NULL
) ENGINE=InnoDB DEFAULT CHARSET=utf8mb4 COLLATE=utf8mb4_unicode_ci;

-- --------------------------------------------------------

--
-- Estructura de tabla para la tabla `oauth_clients`
--

CREATE TABLE `oauth_clients` (
  `id` int(10) UNSIGNED NOT NULL,
  `user_id` int(11) DEFAULT NULL,
  `name` varchar(255) COLLATE utf8mb4_unicode_ci NOT NULL,
  `secret` varchar(100) COLLATE utf8mb4_unicode_ci NOT NULL,
  `redirect` text COLLATE utf8mb4_unicode_ci NOT NULL,
  `personal_access_client` tinyint(1) NOT NULL,
  `password_client` tinyint(1) NOT NULL,
  `revoked` tinyint(1) NOT NULL,
  `created_at` timestamp NULL DEFAULT NULL,
  `updated_at` timestamp NULL DEFAULT NULL
) ENGINE=InnoDB DEFAULT CHARSET=utf8mb4 COLLATE=utf8mb4_unicode_ci;

--
-- Volcado de datos para la tabla `oauth_clients`
--

INSERT INTO `oauth_clients` (`id`, `user_id`, `name`, `secret`, `redirect`, `personal_access_client`, `password_client`, `revoked`, `created_at`, `updated_at`) VALUES
(1, NULL, 'Laravel Personal Access Client', 'Sid1VSBwNXsjWk4Ygxr05hr91nUnp682rQFlXWnJ', 'http://localhost', 1, 0, 0, '2017-12-10 10:01:06', '2017-12-10 10:01:06'),
(2, NULL, 'Laravel Password Grant Client', 'YqjuFo7d8qf99fYOMgiDga4OEu1xVUXqPyHwIVVy', 'http://localhost', 0, 1, 0, '2017-12-10 10:01:06', '2017-12-10 10:01:06'),
(3, 1, 'app-movil', 'GqeM04L36co1P1IuuQI9cXV9vJmekNlWqnN3qoCn', 'http://localhost:8000/callback', 0, 0, 1, '2017-12-10 10:19:08', '2017-12-10 11:31:11'),
(4, 1, 'app-web', '0seqmpudI5M7W7TZzzlprO9apVFjtzQpdaqGTpUq', 'http://localhost:800/callback', 0, 0, 1, '2017-12-10 10:19:33', '2017-12-10 11:31:08'),
(5, 1, 'test app', 'tVRFVunaenX6kJueSabyHQJF6cpa3HsPbnlAr7gx', 'http://google.com', 0, 0, 0, '2017-12-11 13:25:08', '2017-12-11 13:25:08'),
(6, NULL, 'Laravel Personal Access Client', 'dFZaOVEBy2aCnzrpS6mb7BUFvxjFk3rutrP2Ifd7', 'http://localhost', 1, 0, 0, '2018-02-27 02:23:25', '2018-02-27 02:23:25'),
(7, NULL, 'Laravel Password Grant Client', 'yQrWDUPhELl9nMZyFj1Vwfq7lnFsuzFvzyL4XEF1', 'http://localhost', 0, 1, 0, '2018-02-27 02:23:25', '2018-02-27 02:23:25');

-- --------------------------------------------------------

--
-- Estructura de tabla para la tabla `oauth_personal_access_clients`
--

CREATE TABLE `oauth_personal_access_clients` (
  `id` int(10) UNSIGNED NOT NULL,
  `client_id` int(11) NOT NULL,
  `created_at` timestamp NULL DEFAULT NULL,
  `updated_at` timestamp NULL DEFAULT NULL
) ENGINE=InnoDB DEFAULT CHARSET=utf8mb4 COLLATE=utf8mb4_unicode_ci;

--
-- Volcado de datos para la tabla `oauth_personal_access_clients`
--

INSERT INTO `oauth_personal_access_clients` (`id`, `client_id`, `created_at`, `updated_at`) VALUES
(1, 1, '2017-12-10 10:01:06', '2017-12-10 10:01:06'),
(2, 6, '2018-02-27 02:23:25', '2018-02-27 02:23:25');

-- --------------------------------------------------------

--
-- Estructura de tabla para la tabla `oauth_refresh_tokens`
--

CREATE TABLE `oauth_refresh_tokens` (
  `id` varchar(100) COLLATE utf8mb4_unicode_ci NOT NULL,
  `access_token_id` varchar(100) COLLATE utf8mb4_unicode_ci NOT NULL,
  `revoked` tinyint(1) NOT NULL,
  `expires_at` datetime DEFAULT NULL
) ENGINE=InnoDB DEFAULT CHARSET=utf8mb4 COLLATE=utf8mb4_unicode_ci;

--
-- Volcado de datos para la tabla `oauth_refresh_tokens`
--

INSERT INTO `oauth_refresh_tokens` (`id`, `access_token_id`, `revoked`, `expires_at`) VALUES
('004c14eb203ef3a6b20bcca33ddaed29c17ed491f49ba65bf139a5b1101edaec6795f119b39f68d9', '2da641063607ba59b38213ea184acc65c3406d415ff37d80a937fc23b6b33b684792f968455a29e1', 1, '2019-03-06 04:52:47'),
('00bdb0d47bee5a57c4418f2b46ddf928fc70895e2e469d4819867180e9d95c03fee5a95c00ebb666', 'a6d927840f59eb8f5488ec3d1e604d7c1c80fabc331b44aec0b323f9532537266ad1e02644150eaa', 0, '2018-12-29 03:38:10'),
('01ac6cb3cd201ff9c4bff4f636e091561e0467f9eb49d7e9600dd65d70e57bdf0aa5e35109e7ee90', 'efb442f828e9ce7fcb94bdd71a278ab908806616381b1b02be502c70371d9ffc5de7f708c2057d3c', 1, '2019-03-06 02:42:32'),
('022b49beb5072d3ea72cba4eeb6c26ce86cbf0b16a1115a823cbc92f698a72bbb4cd9e29e4cb9e8c', '20432900bb9c51a5be1311fddbb99cde5a880baf542dc892be717650700eee22779b12f4445fe743', 1, '2019-03-06 06:05:14'),
('02b95105023416ae796f6e546706d33c9725e7dca60df59a43ba29f036eaf8591c885d8f54f7a8ae', 'f4bdddcee33e1581842b4c7399cb2804cbb657fa638cd51ff3904e791b279bfa34c916cf95a85db7', 0, '2019-03-06 10:16:30'),
('03201c4002aaae19c3b6a9f7c05eac7fa027782dc10c8881685e484fd781fa06a03d31ac2483afa2', '35c14fefa8f2cddc78f014e0a5dd19f80ec4d6c9ad6abcbae616a6f682d8d3151559816faf1e68a1', 0, '2019-03-08 09:52:23'),
('0369244ef5ce21956ddda2e06bdd5534a54279bf3c1f7ee546ea8d59ae8eef9a120914ab1c30ccc0', '4fa51bdc9a37a74634c3558998e167ed0e3a429a6a8844be99896b06f76f1b084305b3df89bfe2c9', 0, '2019-02-28 19:40:44'),
('03695a1604e85965a8b5701b02052e197b19bf11c7654f2ec767491e86e61721ef30c2790791a439', '87761412e88efb6a95a3aa1cda5175f3dceaa959146376f1c5fed549bab72d6653a0913fe8beac7c', 0, '2018-12-19 06:36:59'),
('0396377d9817b6190a138d5aecacb9c3fede28cd245890790f0ad0026beae55b5194b6c0e1e66afe', 'fa8ea48ba2f2ad2b1abb14acad70355755f5b7e468f03ab71bb1ca20d788dfa652d48c01b44e2991', 1, '2019-03-04 04:14:26'),
('061eae7c5a66b7d67fc18c59cd6dd0bd644ed943bd4c9b36d17e73d3f1aba0f694d5f1dbb77529dd', 'dcb6d978a47c4065aec1c9c8debf6a97d515c8e9f78245eb1ea77d2bc0b701ad539c5aa9179e5361', 0, '2019-02-28 05:14:15'),
('0662d353c7feec040047d26cd8f01017bdb8f1d98bdd10daaab93c00753bef15dc1f5ad86eae9b04', 'ce3921503e19adbdfa85c8ec332060b4608c717cf78d7c440bef8e38312d1c18cfe12e5660aea8a8', 0, '2019-03-08 06:51:28'),
('067603705cd195584ecfc8baa3e13f68909f07f3ea8603027e1dfe6c59534fa56dc8a6ca3b1f755a', '14fc4c079896ad92b276cfeeb74234dbac4d8824422393fdd8b4af145e5e28a3b15515ce66a3a7b5', 0, '2019-03-04 04:14:20'),
('0792a27262835353ae889aa97ebc3a841f4937315fd06cf16cb44d41d1dc2a978d4cb1eb9a4d9e40', '4d188e4195d06ce8f58e48a12c19899ac6d58872e50b4d19141b60c8cd567bbe6357dde6a5e7bafb', 0, '2018-12-15 08:07:18'),
('08663019198c4a1504cdfeb692846ee3b8f1cea579547eb876d2c0596d9c0128fabc7b28edbcb703', 'a4c9507590ab04c204b070d2c03e60fce053453808ef8df67a32ac67ca52a95df3406d8943a9c7f9', 1, '2019-03-09 05:34:09'),
('096406596114c045d94ffade65b777a085eedd24745793ead5719e9c368ee3ac12844e520f185881', '176573df165d2d16cf76c3295d3f6b2792d9002f60d6e29be97e4ed2adb0c69846849fcb4c25914d', 0, '2019-02-21 04:15:44'),
('09bd359ceb1ff236bde7c8f2b197084d3c7af2baab6438a27921ce4845825b31b81d4b46117cbf33', '4f44edf9686b98fa113401bbf2a1760cefece3a4d95bea85ae4e4012631601972b62ea0f216cc5df', 0, '2018-12-11 06:33:43'),
('0a1b0a07a1911a83964d903bb0b7f2206bc5ddd91518893990f4f89d6bbb5939bbec943410cbc29b', 'e8a72b68c1f0d8f937477dfa343141a7e99b0f2cfca6ce7dad8fc9f6c72de32e8b122a458194fc54', 1, '2019-03-09 09:53:31'),
('0ac01e32fe40d0f1ab66f30618c98ee4d431f0c808dc37e09f882399d4027cc09408154714eb3eb1', '916667824d9d85bcb03f3e538dde000ef43f592366d2148c8034263572288da9fbf45abe7c16279b', 1, '2019-03-01 06:36:11'),
('0c51b46e40ced39ef7424b7db418df87d4c56dc7bdc49b6a25864698c3744b85ac3a32eb49963dac', 'bbecf811b891cab19ced1191bd67edba1dc5804f31bbdedc2bf03194310d1e0ceb953310d09b2cd0', 0, '2019-03-06 08:02:13'),
('0c8b4b36b286d3216716674a756c154ab998f8f43d6919c58aafd03576cf953e02d9586226f13246', '434303fd6bdffaaa6e367269e6431d3f06ac1c87ad2c276e8ad9dfa61c908d9b8ca2297666977a54', 1, '2019-03-09 05:38:48'),
('0cf70283069909fb6b3ce27ae07e61fb069ca27391a7095bf29d8495c88420475769f4ca4da151e4', 'a9e7ba9be0e34397eee0e2104fcf59e031868ae7d114d96d53fdc30ab46b45a52379243fe1c91a89', 1, '2019-03-08 08:44:26'),
('0d67b63d5b3d4638be5be6cccdb28e85d778fd0d33d2ec183eca15c50c3c9700629cd01b89c84300', 'c1cc5f44389944c5645f179c82d588275b9014931216133217d65cdda32719799b82b036eb81946c', 0, '2018-12-15 09:07:52'),
('0dbd30a0ee556a68269b13c23ae30a552c52d05ad1dd9c498d0567ba58b97216a0d01ca1b8952515', '7cb5b52f0005512192ce56974f6cebde109d2528864834011df53bbac8fe25469dbf62715fcfbcba', 1, '2019-03-09 21:28:28'),
('0e3b434ba18d192e332493a72fb231b95c19a9bdfd66f05ec566756a353ff407a146396956ea8604', 'dd7b82353c0b9de0edfe118b0edd462f8016517d876104b3e4a6ab2ee14c1b39e2d6e505c781a6af', 1, '2019-03-08 09:02:11'),
('0f2095029ec1cd78f893754bb945ea212adef5408d6b56231f6916e24a84f123541602fd6c0b7e45', '2a7e952bd1353f84d93b4278f92e54befaff9989c153b88cfc0dcc0db133f7523b4489d71491db3b', 1, '2019-03-09 06:58:31'),
('1010cdce379dd2414717884815d7fb730f90317658d0cd6b8c97bf70d517168e015f723c093c3fb1', '221b8b30073c4b1cdf60159f6bc079ffe1de387ed98d9ccc65a92c96c419fcdadf4a686a25d9c239', 0, '2019-02-20 23:19:06'),
('106067c7d85933a2221eb73930f5d1f47628cb3192c7b7f771e4e6e1885030e03e09c8462444789a', '7ee09859a2e9b8d78c64d4a784f73e53426a198e3ded3af5b43e6323b98e845d6d31480e2915bd24', 0, '2018-12-15 08:07:35'),
('10628f7570b6b47fc2caf665a49838b12619eec028aabe31bb447a56089d7930072be37212e15bbf', '8712242c4f7a4be23815da027c4578af36a12eba5400ad0655e524e0ec469bc8c7b2b554f1c28798', 1, '2019-03-04 05:41:19'),
('1121dcd99665dc2f9fee72ed70977c2d6b7faa9da63f762f0bc675f3b3195fd829dbccf94a325a17', 'c772a89212dc4d75c009a8bfcec6521e4fe2bf61aa3433d4abc27611e02b5489994052f1627c7c54', 1, '2019-03-09 06:36:31'),
('11762b3c275d78dbef1cd710da13939f40ad6f1fa8faeddf435baf16ce91b4ce9e237a5f543f2347', 'fe73effc93902a48cf291a8ce19a584dcab4ef4769a6280d7961c81462b4a0860ed9420202587246', 0, '2019-02-28 19:33:57'),
('1187eeb92025d929f9565a3d42ca23aa9ac6e6e4b4e0ff56ca6288c0f7833f101a6d04abfedaa691', 'bbec6a2d2b5b9648ac4ba40e68aeea3061c3ea336f8905dc75279eb68d71fa93c2c630f26aeb85fa', 1, '2019-03-06 01:46:34'),
('11fe9485ab1123b260ef955357d56354c19684be6ad9d15b401b9d7bf325ecada5a2920826d63e8b', '5df95b96564a101b037d2edb76f4cf3fabb5f4e644e1dfbbd3c7d7e78ac022ffd8f08193e2095d03', 0, '2019-03-08 06:34:21'),
('124255d99d88f4a01b1b65083d0311ecea22bebdb3994a88efea0b30360d48f731667fac8dbeccdb', '9bb20c06a4931834864df2b72fd64a99218b64ca60d8ad7b5a3f17b6874a88b9145cde93783da826', 0, '2019-03-08 06:46:12'),
('12b7be7943869063a5f3882883722b7a7958d38394fc0f1891f4624c309c38bc528978ba1d524749', '4e57e35e7aeb823818a4ef9d26193caaae5defd83ee8b5dd8f9c5b49f210d5e6ce46c8336eac41ce', 1, '2019-03-06 01:45:48'),
('130ee6a8573f0525f3653aae8fa5f3e254787e8832c1772b316e178e63496b2d4ec9c014c7f47c2c', '1eaa7ec3772acf6ff89a21f91488a0be9746e67abd3a9c8dd0777c9f85fee03dd7e1f208337c9d16', 1, '2019-03-08 06:42:43'),
('1374457cb7a8cce8c877b9d251b850fb9e2b2865936df518b20c8ac271453758e6f42a1a100a375b', 'b13a85d02939464f18413041a8cfcd00fa3659d9ee00c9b7089ae98f3d17f07e2a171c0ce8755e4e', 0, '2019-03-06 07:15:12'),
('14385a0f4bbc01c337f59d2e2cc004e38937710a9c2f7c93679edbf1ebfe38b5a7fdf9fdba758cf9', 'c6cf28ce1d26e71f343a5ac2c52f44ec41d3cb45c3ba897cc81d17f21cffd15dc424f4d53fe995d8', 1, '2019-03-09 07:25:22'),
('143998f83a2dcd0ee1c5c23f193ff72976ced1b2dd003da1573ca454dec6b7cd32f1137217e85e8a', '3d3c2dadf336de38f279fb8de071189afc3c26b22c9f119a2454f2b598b248c4d9d2f6b6fca1200d', 0, '2019-03-01 04:09:41'),
('14eeba8311c81921b16d9a01760fba37e4126c3ba413bcf4dcb8f3ddb53a0320baf4fd510dceabe9', 'f1a4040a0c96f640fc4f5bc9f7bc5e6e89518ba1cb87116e146e204a70ea20f6b1fe231a7ad5412e', 1, '2019-03-01 06:39:14'),
('155255077980d68094e004e82ad7924e80118363c4afc8e32ba3bec52c58c51754d2e935602730a5', 'da7e56a8f51ddbe9302e8674d518341be4df9a0771a91cd0acc64a67e7e1051cf115598d810f070c', 1, '2019-03-09 06:39:56'),
('1607bc71089e25a1ba5c11299039d96d66f31139e64cd252e24c15d6c70665142332ea961c2cd817', 'ffd7850a1559359ea35a06d0506d3326c8b5bd4303571620b2a6d87f67241bfb40753f8ae802377e', 0, '2019-02-28 05:56:08'),
('1783a82a0e57bd6ceab40dfb2ecbdb46ddc0202841039d4aedb2dfd91d5056e8eece5c9bdfef49d3', '42f038ca2e89f6fd0bb1529bdd0f260cbddfebcc81b07c3f1bd47b02fdff2dc9fc7cc89a63eeb470', 1, '2019-03-09 20:52:30'),
('17e6808ad86c1db09d4ae69a9f4990828a535bb526c9568af2d1e0291479071e23b6b5c0fb8dd29a', '4f7cc072f38ed35df8bb75a2e4b7cd40ac8d4f578cb56c99e271228b832f5c85508e767bc2ad4522', 0, '2019-02-28 04:01:30'),
('188c23bd4e4fdcb2580d6ccd7eef270829a844d86d41947d7688e63a6466a4572674418d09da6397', 'f3ef40a74e587c63079fa52d89f2b2094cd852d5f9eb130ddc646430b688255733a9753f00e37ec2', 1, '2019-03-06 05:07:39'),
('18c025ef6c34a3dca4861d2d48a8a3f414669f1be830a1f3889498959a6675d55a09edb927034f22', 'a315b3682d4c9f115c3f172db4879373575e6a0b3a8e6356f5938bf5c4d39ba34676adfb39fef164', 0, '2018-12-29 00:46:05'),
('1918c62baa4fc897b25bb201e7c3544e4573939b3bfcae0e1f2d42433446764878ea6286229fdf81', '6e1e0d19eb3da000a142bbcdf69877e56a8e3d598100123f090ef36efc59b4d790d2b4388120fc56', 1, '2019-03-01 04:10:23'),
('19ba08491d1c217e01967fc5437bccfd1c7370ec1ba4de523349f8f29e5572bd88a56d6ed31dacf2', '91cc9af3b3230aa37a33847761f26a6f5b63fb933903dd1215954577ae0b274c90929df65bda6d57', 1, '2019-03-04 05:33:37'),
('1a03d0a3f8c28cd50c8436cef5697357c0bc797161cbb304ea4cf907137ec7bb9f7a732dcecb691c', '3d2c582a1dfcd01fe5ab4e0681a0c5079bece451de4b98d9c2827d2c66b55a37c81da9327f1aa01d', 0, '2019-03-08 05:50:17'),
('1a28253453de99ee53ffd2f61c5c88b7819dec74f27550ff9b0bfd58f0f84815d8576aad04244aeb', '38a05c8ef489adbdaafa1bc331e8409bba62e7d82089cfb2926d67212f8c581365fa5958ab4f1e4c', 0, '2019-03-09 08:22:29'),
('1a6779a131bbeb6cd3fe5f67d69e363801f2f05608305cc35069a2c700ba359ad1352bd47925ed87', 'bbea92c3f7fa02cd2b1ce897d0eb9a31ae4ee4ef39c6b77cf41447ff0eb2948b7dca1da01164e485', 0, '2019-02-28 07:27:29'),
('1ab278f9d770a7746892558f893f3ec473a63cb64bf86b1c15cf9102a3ff5b64109d76c4bfc619e8', 'c178c5f7a2d1dca409092ba7e6846c9f59ee922ccfe997bd59039e1d8a8212643db74726ed45955a', 1, '2019-03-02 05:20:48'),
('1b5263eee0ef82ab8113440387899963517a2462276c29b3c2738596832ea8295f5c843b95be5e2d', '1dfa090d48807c1303efe6fd2ad3c22c867d83b1bdff12925680e7821d0f27173921ce53d14bae46', 1, '2019-03-02 07:38:14'),
('1ce5b255437bd86e09bca879d002f1db0845677e1ccd1591d1d510744cacf13a5fcfa2ce826af205', '6b5e57979d91c21475ec2edbececa123a06155c1cca9f06f23b1df279508db8ee80d722f1446125a', 1, '2019-03-09 21:08:53'),
('1cf3c3fd0375fbe07247729a0c21e17c384d81f0ba32d961c794d31197fb8d805f829fb700c8a0ea', 'd83d7275ce9a861b3bf43cd3a9ad9c1c560d642184365fa21c835bc1398755fbd32d8882ecca78cf', 0, '2019-03-02 04:48:28'),
('1d1fab395490e6c9e84eeea214dae50b678866ea120b72d9bca0b938868f32ccc65d598d3bd4d5e1', '84acc998cd515e2bcc7842908bbed279a2af96d082d061daf78ff2ba5548eac511b755a6edc4cb72', 1, '2019-03-06 10:11:34'),
('1dda19b7c1e10fe256ddbe26405cb4b757d0bc3918ea3e037afbd582aaca6d60a41439bd32f6b32f', 'f82eb9d31a1152aa274ad6245e160f6b050c578dd1945efee9de347cdbc18233de7c8c4d845175e7', 0, '2018-12-15 09:07:22'),
('1ec5809e7928d416cfdbde436a5ea13d1bc9080291d74413af512c47ae96fa8d5c609da7e4ed3462', 'cfa1d1095b30658fda2d06ee143aec0b107e77b5ad6da41a89f4d70de46ac6016eb122134c1a3bba', 1, '2019-03-04 05:26:21'),
('1f5f999df1a73c60a9f2f4ca71259805ac311fee20be27b057c5127c028100fa7efd02dab5d93544', '65ab130d4b50789cea0398c1d71d1d0d61938ab0530712e968126ac3a80ae10915253097bad05bb0', 0, '2019-02-20 20:52:21'),
('1fce94d5e28b4e960975d8252125c56cdd0042ab0db77a3574b739f9f7b002f61d87717cac0ffea8', 'b4b2e4e1d3f937773d1fc45bf8f0d03b90297dc4a7d93e42f0e191b32bf34068aa06a569df172468', 0, '2019-03-06 08:04:03'),
('1ff72e098da5a27d03536133dde6c25985fb53fdaa2421dc96b6da58e0db37e0b9dc4ec180dbb9e6', 'cbddc5f58ecdbd0ed2bb18e156d582a831683a1af655aee1892f077899b50cc653bb96c54ad06537', 0, '2019-02-28 05:03:51'),
('1ffcb68eacce345dcbc3739c800449a2323bd673eb4675a80b303ccce6dd05a86a55ef200c87ae72', 'b2e8fce4e1d0d2583d8cf9b7248584fbb5dd5b981cddf27c4f20134f27b598b7ee5e2d651a24b3c2', 0, '2019-02-22 21:30:11'),
('20152b5a4ad65093d29f8b20127b9098041463a86ca1c17f3ce21d76efdcf2c000532d7b96d77ba4', 'd2579a7ec3da1ad8c2402497176f550a7921bd84ad6c966eb443ffcb2af02f44dd471a56123268f1', 1, '2019-03-04 05:50:59'),
('20846ab62aaa0915dba76058329057fa791b833c1fe19a278bd2756acd55253510849588901eb51e', '4274896b1f413a97cd1b7b1d1708a43294f826fe947ed41dc6a221b4d06dbb25e8484999c5a80f59', 0, '2018-12-15 07:42:05'),
('22053a44174a98595a6a3f570b54c38f73d42e75a52a842f012faef89c9765733808c83392895ea7', '7ffea9e2353c57fcd2d42f4296f27907515da66d900ce2e5cbe6910605406d1271ad8893a13e177c', 0, '2019-02-28 06:54:20'),
('220a4cf1a3c486cd074464ad9bae1c504125a9d0796729ed2f5125c3bed53e15f1b5b45b8fb5e072', '680a1568bb996db01fb33f7fa648a1fafa85181599a46149d8418d29551bbfc633c926fbf0e701a0', 1, '2019-03-08 09:05:55'),
('22f54a244d449bc3ec705963b8a18f65cedb23dcc54c17e412aba0a0663ef4cc24d5209321f515cc', '1679ef8262921e3efd4440f6968b649a57da06ae6f7ed5c2b45a73a3650e58760f5cef85de8e585f', 0, '2018-12-15 09:06:14'),
('23087b3433bbaf7e6727c5d83dfbee1420e4cfef46c8d00e5c354a35f877d4d72c8257f8c6bdbe6d', '2b681d204de2810f88b97bf36faf96a19e1d5ba3111000691268e993c497b2cfccd819a247caad45', 0, '2019-03-06 09:20:53'),
('23be0af50e3156d37222ebdec956cb90cb7c95419d05278d519a0b18eedc4b27bea733bd1c89c7d5', '32b4aa0ae3e71a6c09f4131bc806d7b86277ae43421ddb3e364e6b67b4820f71b6e6ac3a7a9d746b', 0, '2019-02-28 04:01:27'),
('24b90c618793a4bebffd83b1805b200ff74c415af0e1625755d3816c055636edd4e71f92c4f2925b', '14604155a5ac0d85626b3056e97cdcf2a2868b2aeb6b89df0985e6811ad43b107fa2b26ca2550bd1', 1, '2019-03-06 01:44:44'),
('255d61a8044d319987e236c8b1141c2e1a96d764213a80ddc092f3244f4af0cf9ab2d72fd2a963ef', 'be4c93665ff8875ab17ac38ef542d3790fcc2f4410c27521412264ecbc3d22698778fe3d6f76eaae', 0, '2019-03-09 10:09:21'),
('25c2b5819c80c214be21d33332662cf9dfbe195ce270b0e3b1b14c5b690181190b73bf0e4986cfaf', '5b97754e3e1078a2b470d8439d3f09fbf8eb50fa204cb7d9f33c9c7e2615b3b6ebc295225bfd888b', 1, '2019-03-09 06:37:30'),
('2703852f4a82dd8572513eac2298de2cdb69ec0af58391c717148f19c504a0355b0bd9d8a4a4b613', '826ed42dcce5d2ef76d5c0fce596f93a8a08569d05928adaaaf548475d4e376bde40ffdda489c944', 1, '2019-03-06 01:48:38'),
('295dcaae179a250f2e7cdfceec254cbea889ebd966d0611c0d86df3c38616a8f0b13787dbdb97192', 'd4c8024e7ef32bac8f2990478e4e13f7c008738d19c9fb3f9edbd62edac4c133cd9e6865ac603628', 0, '2019-03-08 06:11:30'),
('29ab362ec6032cc78002990537e88bf11d26461d06208664f5bfb8f61ce87ba43b1583fad719aca6', 'e1dd050c46eed6d3f0d8ec51630d98074c6fa565587cd56d0151f7aaa97d694ad1a0b50b5c744be1', 0, '2019-02-20 20:55:48'),
('2a5f8cc80bfa168b3bbe44741f2d8741fc055918ae77439ee6c0ba5cb657253a0e9c10ba82960b71', '3bc3a1e7a41c094c93e6075200bc90545b16c78c110c5a22e5acb141b1a596c841bc07dbd2768c9c', 1, '2019-03-01 06:41:45'),
('2b15509ac278fa55299acbd0f16bdcdcb30f7637070694fb9410bbcb6112c90e892d04bf74a650c2', 'cc04589401600c9d360877ac32ede5ec3122be475af5a873119cc401078ab17bcf8d260f43a2c2fb', 1, '2019-03-01 00:25:24'),
('2b66460ac717964ccfd67da9d30902e7ed2771ecadacc5bf2725dc9a1af23f813c7406822f485649', '07f798d8c1d5746ccd7d89e1ee8451347ad64ffd253afe1b7febd9b68f69b72f4e8872e9b9941fe8', 0, '2019-02-28 05:11:42'),
('2b8e4faf3f32845516e8b3e0a850ca51c5c82b277df035708f3497bfff67c65b7804d138e9b1709d', '97466029bf0e4a9e8762b10f2d89734458ae454de64fae0cbfab32cfc20749bd4faa899d0545caa6', 1, '2019-03-09 09:18:03'),
('2c95b9de067639f125d0f93a0362123e74831d347bead1aac4f60572a3a844df1bcdacd5065666b8', 'ad3b4c8c677cc87b8a3b73f4b33918fa1de24b2b750f45c90dc0843f8856650d34aeddd3f132582e', 0, '2018-12-18 02:14:24'),
('2cec7f54ab9149b041eb2f4cdbc2d6a1df67fbd8a27a01a41093a493c092ad6f0ced8d613ba0143a', '78ea60cfa3ca079e86032f6816ca3f4a47e7440ff587d743d764d3508f111a223a82a8b7582daa5d', 1, '2019-03-01 06:33:44'),
('2d5e96a596042b898459ae50b26749f4fc701dd1b69d0b21c0970fc73a68a63e69e80f7b93979d18', '2b7c804eeeaedd9146e419ae7210f4ecac6d6086c63ff2d91376609a0eb763355ac729d5abe8c366', 1, '2019-03-06 01:47:18'),
('2df7540a632baaf2d2bfd5f1f72bcec164f9e65f5c83493ef21654d2cca7a03a0e28c0bb47beb342', 'a31fdf23c999821d609508a8ac4d956f7a1387067db526c40e7d1bdf61d62a11ee9e2ece96db7173', 0, '2018-12-10 04:36:44'),
('2e536983832f18d31b6ba19da0c6425091f825acd35ba241eff3978ae5c896ededd8133c8ad95bb3', 'd110ac37df4f38a84ae36442c0c78213044545e641316a9bd10665d86be598679512958afcd16d02', 1, '2019-03-08 09:03:04'),
('2ec445091719a4111a72cd7faf2a5491e74c18304cd1da55adf61e1e7298733b0cf2878adf8305a7', '4d41cd6c4adf39650bfd7c646254c9d6edb44dad26cde55bf2465f56b93da601262d58f75f634c79', 1, '2019-03-06 09:37:20'),
('2f3ac3abe972f726b6825719d050f7c5ad8a4897f5dc2bbd3e462f6fd9e5697aae802edbbec6a0d7', '550d318edbdb0d32216b7ebb678e623399bd816aa5a1aa6416f5e95baeba903af144f09d419faed3', 1, '2019-03-06 01:27:11'),
('2f63ecaaaf1ac6b8c5b8ef49f481c81e7d762d1adb888268f814c37d57d2cd321c8dd2224b909318', 'af66cd68f8ac5cb670b9022cf536f8af34e383784f4ae7ec01189e835084d60970dc742675ad9487', 0, '2018-12-15 08:08:11'),
('30899f040e9b2ec46d9977b1a1b1d312eaf6371a1ede3e4b05eb2fe992a5e35bc078a3394187a2ed', '824c44845846c4fb53f7b369d0bb79e0b6964ead929e2ac0c6a8a989e3fe4350dcddba08700371d4', 1, '2019-03-06 10:09:31'),
('30b838d023fca780e2759cf2a8d6bac6c40ce6624a55a66b127a73a1190bec19b056d882d2f39c9c', '13ddb4849edba4aba7c3af34998102c8082af8124cc3682450e27775ccde5dabdfd8160966db5bff', 0, '2019-03-01 04:46:40'),
('31144ce5f529eb33c25736f8d124fc84dd0c5885e4fa8aa8a6272a63520b000fb5f8dcf25269959a', '515f4951851cd25a65e00f8c62f633681963029d9849e2695d713431b88fd3e84fcf271645879181', 0, '2018-12-20 19:37:05'),
('334ad57b4741a7c43825577d1544e5e406c5f267bfb0cb828d689424824ffd997010283a1a9e3487', '3e98a60cbf380aa049e592bdf10ba38c3405c156b4972595446936d14c5b3ea4b361f17616c21abc', 1, '2019-03-05 21:53:43'),
('3366948d6eb5a2214d8f087de7ee8cbac4125511c5f634f0592706b81f30070dccde6943ed8c77db', '46f7f9b716e3ec06f3fd0a30ee0affcf205b7efa33a59838fde66d2109ea7126103844f0bd9275ad', 0, '2018-12-10 04:36:26'),
('33c4ee6558050c2ae7c66bfc12216e7a5d654ac3753713bdbe26035c6d26c6757edf4fdeecafb099', 'aea643c1201ecfd50ef4dd09cc6acd90643f0b3a916c259936199524a02827ce39c0d9aacd9e728b', 0, '2018-12-10 04:36:30'),
('341ca469c06b77d0c9a97c0be3e32dafe0503f6a1be072f85f7001f5dab9a14f80c91e305f017842', 'c9f6c7e1129e4154029f23825e98d36ca0e9ff3628574cc41e12d95ce5791f661b233709afa20437', 1, '2019-03-02 07:27:28'),
('349610f0c63f3e0cf42ea9645fc2a2b7a27f409820c0e930fa5b85321ef1f554982cfde37c8f77f5', 'f3e2b0480bd71d26a3e6ac63024f7863ea5be664b4a74d966c6338b410ca6df27905e784c9e3c3c1', 1, '2019-03-04 05:54:37'),
('34c9b911e6ead3b5b57dce863cafbcab5c92531c32e99b31bef2adf7d48e7dbb2afd49c2486fbc6e', '15f1437b06b74157985c0378b931cf1e88f1b96e9c5e5a136765fa86df2e5e8fca0ec1e3607b0a73', 1, '2019-03-09 07:33:14'),
('35125b8c5106bf13d7b25201abcf24e311200c4e7360c7771cf4e459c4c456e538b8c7c8cf4c0d50', '50225cd1e013d1f7d7e2694bf9a810f347c323f1feb6c50cb4121e35abc42fe7be52f26ed806da13', 1, '2019-03-04 04:51:31'),
('359e108714f18d7964709d4ef23ffb2f1fcedb26ec1c0d32890557bee6050a96b0bf097b5c883c57', 'adff96262e9d736be9c71938802543dc8e4b155c6a84b74147856acf81a4aece9ebe5abbd735610f', 0, '2018-12-15 08:08:10'),
('35a4e91397240ecce7ad05744b9e1c000192cecb2584bc836802f404018b7fcd7c1f5a63b6d9b7ee', 'a0bbaaafa88c34a4f7366e8a0928c3d4c848a2445b55afcbe5b445bc6e40bdd2bf0bc3ba30812113', 1, '2019-03-04 06:11:09'),
('35b3913dca8bd010240455ceab51ef389b8dcd36593826f1ec77bde0f06d96edf51fef3fe7fd6392', '9d3d69e1c2d50bc0439be9bb58b9367ade26141f396f96390aa2dd7188392c6a0aeb5a8b44a134aa', 0, '2019-02-28 05:03:46'),
('369f4e6bf0d5fd504dad0e6eabd11386fea1dbbc1af8f701ec8d0306db60315c96e871b54f8d476e', '5223528ec8c0e498acb604694ac5277f5ee860cb6ea85aad7d120c0ada39a32cb39d7693075daf84', 0, '2019-02-28 19:55:37'),
('37c687cf209eb1490b0d3f8fdd3285e31c86043b31190bd005c1a7f39761dbdb4552fae9cb9e77db', 'b30834bcd516c1334e0e55c1bb0013e3425572ecfa9bbc3697c2b03b3030aadd381c27444b25f99e', 1, '2019-03-04 05:53:44'),
('38cd1bef97cbd1c337a716faf2d27a80ecbd80a5744f4a0e12f875ccdf15018ca30c392b89684c20', 'a4ebb66412ed45d8033c910ef69052f6ad4e08bf9e471b11b29928654b4e2e87612d81aba982d79f', 0, '2019-02-28 20:25:32'),
('3b33f0b1d15f0490fbbcb1da60bedb36b659557260d91eb9d83c0e4a483163dbebb6c46246b61311', 'd9dff43392dda0651b5112cc9c89a74808dad2d19ee1be7b62f513a96a468b2830be6f808ba6d2d8', 0, '2018-03-30 07:04:40'),
('3b45a271ee67642db8f474c00e9bd52a7fab1f1c4018059bcf847556b93c2f780ea3854a77823f5f', 'f2939f4ce002acdda478ffd470cb598d75eb1d41823a2add1d3b8084aef6c209ad1db5752be0bdd1', 0, '2019-03-07 04:20:47'),
('3ed51dc7f9e9c93194417fbb11e17876bd6e2231e967a0806a8815f718369a326e08337f0a18903c', '9856a79c4ffaaac0ec4ec59a0bd2ee4f14dcc46779bed6a53bbcb573a06ae8d45dffcaca3a5d16fa', 0, '2019-02-28 06:45:17'),
('402cc28f2c76cb47d8d8c9f0c02631ac2f4ffaeb7cb74c9c7725c25364750cb864f3299584e384c8', '6d5cf4ffe5003de18970d47f236299559e4a3f1dc04e22d83de4b6300303826a15af610b7edc278c', 0, '2019-02-27 22:06:07'),
('41991b9d8399806596bfebe329ecd592caf140ffbceb57f4404523146b07f9bd9977884d78aad70f', '4aa38db0250f1ec0cec21e1c52dad3a6c4d1b6b6aac132e9620fdc7c09765fe5a487867122bbf8b8', 0, '2019-02-28 07:38:11'),
('4208928e0ad63500903d6896615e08d54dc79b5468ee1d3ef005baa84bfaa246b069438520744922', '44bff41feb8a4ea59f5481b643edfa302a9ca8e35b59477cf8fd64ee0418cdfc03fe56d6429a51a2', 1, '2019-03-09 20:27:50'),
('422e16d96d56ddf8e92ec095ab09c34d39049a7c33fe0de457107c83cb849fcf070213ef2012418b', '7c960f85b0a712970f89a5a27ae0ede1d7a1e4762a8a4a0f1ae80ff7aada7ee4184bb16d9cd0e194', 0, '2018-12-31 22:22:33'),
('4319469a7115b3b567bcc2cb27153a550f184ec43397cbb720256b1f6a8a0c1e030a0c69a4cba529', 'c2e532896b6363d8d6421022ef0d8c6acf2e51996f0517487062b356285dc5997582b7d0d6d0421c', 0, '2019-03-01 00:42:49'),
('433c4e0b5498697396e8c6f6090d02da75dd64b110b7767c5dc34cdf16c79bbc2a659b70d18754d7', 'd7bf6961a63cc43a1751d816daa71da60bf8c540adf30f58a66991013546086618d6cf0d46f47339', 1, '2019-03-01 06:36:57'),
('44b78ee481152cff5aff95dc6e35730014d5a5e385ec7200eb59c06366e79eeb952bcf98c396f0da', 'c8cde1286885e7e55494663e09a2201d98a34e17f6692ce9add8d447f3b2ff90cb0d0a187912e444', 1, '2019-03-04 10:20:50'),
('473b724c33dd99fddfa6c76092c5afae3e15e2e4ccbfa002acf72188c044e3ca76207139e7e94146', '96af2aa9dba79982f8f9909576ebfdf5f6327571484e809d4aba0a1ab7fa0d1ed26456e2d33462a8', 0, '2019-02-20 22:41:39'),
('48bb38ac5dd2fb3688cc5c6869334754f963b2fdb91f00dfa0309f938d7600ac555fd90bbb6620e8', 'a1a8b446dcc369e870ab214fedf3560ae5df93a76dbeccfda1c0a65a3e9a28e7e2fd496e35c9d38a', 0, '2019-03-04 05:56:22'),
('492a3ae551738f7c6711782acf4d173e326b8ff8df0ed5bb694053eaa815b169f7a07c240211d92b', '772a164756e00184d2f14d1b8322dac0e57c214808cdc17c96bb0b4072a9ebcb4120331050856a12', 1, '2019-03-08 08:55:05'),
('493a2a24ba73c3bcfbd5a03d2ec23ce8e0d40dbd55ddc4f8b988840dcf3f3efc48cc074d274df46d', 'e868419c224db8bba2d74dca619d8056fe11f1dc189bd807b0693555f04769b176ad13d062b827af', 0, '2019-03-09 10:16:22'),
('49d4b26ce52c6b51741ab45ac6286de31926685f90926de0e48165152540a81597731dd4705fd865', '339b4aeb94db2c01d0063986c8d57f033c81b275cf9c6738a22bee0495960f24c243ca9cb305924e', 0, '2019-02-28 00:26:25'),
('49df1effb0e9c993fd2f6271932cdace4d1df25bdae7447cac781faecb1bea7f606c678b14cc8809', 'f0aa8a2c31a4686b40dbb8451e3ccbb958d800466360f51f6d4a496b38d078ac45d09c0457dc5674', 1, '2019-03-06 02:40:09'),
('4a6119f5aebed183ca6407907ddd9d2bc7892443a63b6afafd4521cbf69e3e3e1a12d7d14e768de8', 'bd31a3cfc96711229fe3f111cea987d8b97b2318e5b4696f190f4c6caae43a6e757a606d4c28cbc7', 0, '2018-03-30 07:11:55'),
('4acc87ca85b446fc09db4788817daa65f2400f50c423f26c56151e46127c2b2b8b0c3a77c845cc6a', '9103ededaa25c90ef20af83bd8f1d63b872c026de8a411758a9ea5e6e6e1d39ec6e8fc9e55dae2bb', 1, '2019-03-09 10:35:04'),
('4b01e7a3063c4631452323df98a5d799f39943f6c004523d58d416c18a0c6dc7ad6c0ae4e5a11781', 'f2edb4d560b17f4be26fc963e853da14ee9b98c727db19493e369a48e62b4abb42d2bfd4d92659d3', 1, '2019-03-07 01:07:13'),
('4b377d428c3e56f852b1d6f6ce442cac8182fd6cb4116755c0414c8e9706a6b586cb4452281a9db3', '2a8e6c544465bde81d763dfb7a9ded67f62e6c99b63ea4cd1c5994b0bb6f4efb25b17ae0e0e8336a', 1, '2019-03-04 06:05:11'),
('4b47ae2f6927c6f7ce5310a55f66f0c05e2e054aea98228a1481f4d12ba871bbc21cc5bdc98d1cce', 'b6377e28250f8df6819d076bb6b0420a9318fc31c854943e8316cb307c8582f3a89bb3d4ba029d73', 1, '2019-03-04 04:47:35'),
('4b7c502e2f21dfb0b9d4ba7927cd1958f46c9735d7f52a0f1081c0a58e2193dbb4a4ae9cb3b060c4', 'e18b28bec994121dee7da43114572680e22ff0a40f1c2f996da48359ff9f6210808cbbaa7c53929c', 1, '2019-03-09 08:26:06'),
('4c2276a1bd3af5dc51a8e96463f55b2eca567ff1d2a95ffdb7c06664ab073bc39eaed3fbb6cc8a32', '3d1a6ae461d5031c59772f0fb45886761d5ff633fccebb894aa6ce8e9097243b96a0de3cee373883', 1, '2019-03-04 05:36:17'),
('4c64c6165cab92fc3a4b77f12b966c40e224c7f5b2e2652a43ac9fdc2ae15acbeae1ca76ccf0570a', '3d1649c4f0f749b53b690aae9a889c5f047e110fee121ca648339cfaecb59896ae70db85d35cd51c', 0, '2019-02-28 19:33:54'),
('4c73a18a20231a0f4646a3892bfd0dcb25423e25927b21c64f274702c29bddab1bc9ddde928f474d', 'e710fe9e0496a8f806fe4dcbbf13f6a64496bcab9bcdca70a54091b320a9abdbaa323a040359de2c', 1, '2019-03-02 05:48:01'),
('4cc634b31c249ebced616629145ab25463a5aae5a585c7d190c051cf5b214d9bc9cccb3712b635e5', 'd40d7b63ba7d46108726f84cccf3590db6e33e3e68251d3e4cc146f868078a742e98059f923b0079', 1, '2019-03-02 07:31:02'),
('4cd81924a706f87984e9a510ce8b83c10a85f461e63522556215796adafa85a5c12cc21adb0da3d8', '4ffae9477a1a2840e4ee5e3a9c69e8a359ac53b080060057bce56f46a5c1c198efb6943156d9d07e', 0, '2019-03-06 23:07:06'),
('4d27db6276fb2f6b472f71f3a3aa0422aabe7e49bd2108179e13433b75fd2baf44ddd1adb5b31682', '5d7f7ab33036e88c5084b3337f16fcd102291769d8fc1e1b1c754089930b2995961dbf681edea268', 1, '2019-03-06 04:28:51'),
('4d38f6946b13c953d259b99aaaf81a6f527881a27385c5c51aa44faad6755e9c0fc5d83f642fe6db', 'd1c052adaf11a5ea5a9f5f57ad64f472211e768991147765810bade2fdf4d635be17f2b5dbb4e2eb', 1, '2019-03-06 05:35:32'),
('4da4ef70f309857998ec54d648bd1981af16f276b9f61e3ad945c76f60ea60b66f3d03b19ed87a50', 'ffa9385f34463fb4251237870a1e0b84326fb406fea68327a1de96b29e37d774503685196e1a3ec1', 0, '2018-12-18 02:20:15'),
('4e09ab3486ee9b8b4a4326b29b4e324e59f63f930cf28060e8123699a94dc2ff6ac923e2d3bdc1b2', '7cb1f36e801dd90fe80f6d4393d05c283eccd07b4874d79a42cc5c9440c2225a813ea602d01df723', 1, '2019-03-09 07:01:41'),
('4e1be30bac41a430ece3261924a5bd6de3e220b90e80882dc4cdc2ae5edfb8c09e45f13c4522cb45', 'fbf79179e81952b43f9296c8c3f6568e342c7ec540a673c23c4798c4e1ac7ac3d3027b2dc86becfb', 0, '2018-12-28 22:42:40'),
('4ee1ebd6eb76708470081b7196405627be48c419398f3f52988dfc8dddf6ec5cc401670633d66bb5', '8b078bdc3d9ed597c5334eede800ca69000c47111b704cc330edfe2eac14aa2e5240e9e6a309f100', 1, '2019-03-08 08:45:49'),
('4f8270de0edaa0e7194d4b20f4644ddcbd31199f0f3b13bdca205f6d79faf33ccfe2c389a1018b16', 'a970591817db2b8003f7d5e65ffa1ade0081e3ce73ced61c0eac2a63fd0fe2da7ad3847defc21d3d', 1, '2019-03-09 04:39:05'),
('508f8d6a7b04eaf31e9e683c87051a4058f1a0c44b9050e7857aacd389f536ddd170dcd272210892', '14c7583c06f6b792ae2345717d050438f4fe4c800e8163e6012ac7410213fe87745b7199e5f4ecb3', 0, '2019-03-01 04:21:50'),
('5106a8a1f25d1f0364462fc19e6f706ccf756fb5df86d5b33a6842f5fc108734a9c0407485a72d0e', '2e7331f5d003deedccd3239c0064657098049b53b40c267734d7dc337fc3f3fe67f30a4e84f2dddd', 0, '2019-02-28 07:25:54'),
('5143cb5096ca2675ae021c3ca7b7ca71175bf28a21acbc720d766fc1c6523a20f20f6985c258e158', '86953962b212aacbb3dcc51a63bf77cc3b1c20c517253e0e4346e279e5c39d420c9df60b095caf25', 1, '2019-03-09 09:36:49'),
('516865c4e157846a3adbd982fe2d48798139c1edc7668b1b94cea96d6a63cf99d7b57d4e9be4f773', '9954d586e44c6f350ff90d3a36ab3e856077fa20f3abbc896c42f1a99c16b94787289788933d276e', 1, '2019-03-09 20:44:39'),
('51a2b73bec0dbfba2a65836b8e09881b2fec4b7d3c196c52cf1d3fc1f67859bc3d2a1a6d1f55e25e', '5e8c6d9a58a4ba077959256c0341d216001ba7389e34af871614953ff0e6000ca32d28f39c7a14d4', 1, '2019-03-08 06:23:26'),
('52bd0f70cf216e5ed340068215925f1ea80e2f0d6dda46057449fd88093a1a443c14261a689a8eee', 'c190248b79104f0044f0cd424ca074d4bf4120987bd3a8e9622d9ab54a069217300ce876e953e8e6', 0, '2019-03-06 07:04:32'),
('538609889e3c813fee69f262d7332e0d5e711534ddf1d64e705522d2dc56b9c006c9931dcaddd061', '34f0615d259b85810e1724025bc8abcc146ef889c7e446b449bd10645f84f90992b9f5d1706e96a7', 1, '2019-03-04 10:24:06'),
('54f9d8c4a51075af1e42dfecd46855298effd78b4ad613fe843dff86903ffc79d36c5314b0f964b8', '4587f080dbc6f4543b96d1eb98c240271d8d32e030724f709a7934dab4368f02c2fca7c084076c6f', 0, '2019-02-28 06:54:25'),
('5513137673ac5d9acff39505f8f84934926d527061c7ee142b5a5558e96110c3c953c1a20994fb42', '9a0452c2f14ddfa4311ca19fbdbf71d3e365136f180fda3a235965482ab0e226ba500768fd9b429d', 0, '2019-03-01 05:02:11'),
('56565e3d11b3e0cb65a10d78cd4b3ede4c80eb8f14180bf82bb9fa0a5739e6dbb9e57e965da288ca', '2765f683459ec24dc55d1543fc707dd9e8e7758940d65d04b4da62d2a33eccdd0f0b636120d61712', 1, '2019-03-09 07:23:11'),
('58345267d3c9a9c88a4687b4921996c400f11ac6c91c03a05abfaf7cff3312d9b04c0e6ca6131f2f', 'e23cf326bcd7293ad53066c37163b2ce31a93a6268d706f2a1bc7538247ddd438a8aa60891128cbb', 1, '2019-03-09 08:56:40'),
('583dafdab1e508940a19648e56d833394bb8d7f0aaa77b095ec2c1fcba17a7a98c968beb10a55b77', '52d7f041b1c7076171e6a2287f5ecf43ca31d36a9d975a40c00dd24878dbe9035f8e067d284693a5', 1, '2019-03-04 10:08:33'),
('589f995b4f51c38d40362af44173e33ea83cd8bace03417343bab3390d9487665ff2b278d9772a6b', '3bd5fc504a256bbb6ebb90fafe326fbeb7866a4c2cfbab92006972209df0dbd5a73d6835f7a9a00d', 1, '2019-03-01 05:26:28'),
('59317c1f58fcbd6a2a62e9e36e5aea93fdba77f9acbb020d8d5e3f4b7ffe07b75d228ecd5623f676', '302e780367b62efe55cf43f5ed77180480d63c00ca9e5351863daa7fdc6570ee67af94b6081974da', 0, '2019-02-20 21:13:20'),
('594c5eef37c23d869c32b3367cad753dc6543d541991bb0eb7e870954d86c1d346d6d68964e6899e', '29654285689d511e7c9e9794fd1ba820e9dd1d279c115603ef984509f2a45d0cba3aa1ba3eaf2d3f', 1, '2019-03-09 09:33:09'),
('59db4ae653ac423bf12d8576eaed75a71948b911c5b2090b00a8c2806b7085d1f9c0d3f607363cfc', 'e76e95f824a46af7378be3927e265f27df554606b8d4c57986237c7ea42cbacab6f4fd8f696a7514', 1, '2019-03-04 06:12:14'),
('59ecac3256dd6de1c81695da6b803aad2d86f4486f8c7713e722a5beaa991c5d4e7a80957c426417', '21b89614c0dec1322b7f9205088afd0b2c6c3d693203a84785bc61c2c5ad8237fc101f92d89dc0ee', 0, '2019-03-08 06:29:35'),
('5a03ddf6c13872dcb279822d553b8f67b287af057627a037dff72588cba4958b3ee7e22acaa95bfe', 'bdf4c1bc45d5dcaa94a6a7fbdb6917beb90907874a9d0b9fb0cbccff67b617ca61102bf3822c2077', 0, '2018-12-15 09:31:04'),
('5af4c240c06f956152b07820991c82825e329108fc825318777618880ba976051414321a68096e39', '81e8f940c914dbf34a72aa827200b10bc4cd08b0ac1bf516ab29937b713c2769c92b7070917a5e5f', 1, '2019-03-01 05:17:38'),
('5ba48bb2e826dd2e6e5aaf2270dcf4e26fc8d3fadb2516792321b41673d1b32886fa03ae2c999a1b', '1403163923fd3b07def2d568e198388f141c48b0966f5cad1ff50065badf518e30b9a997d4b57285', 1, '2019-03-02 07:49:33'),
('5c5b267066815f33fcba4f1212d3b6303beefcc10d986f9ff004626e87e95b46bc69b21ba3367632', 'a0679cc4a244dbc003d8e709e545563d2669e97bf43e61e46aaf3d1c483c88c4691191b7ad6dca1d', 1, '2019-03-09 21:29:10'),
('5c857ec3ab9c71cafec9ee71b0578fc988af70a82e7f065d22960d5a690994f51a8eea50141c1e40', '19d1b417ea7c2d17be23de935ae1b4ca836f7655e4eaad46738718c3ccf4f07711e169c32cf31495', 0, '2019-03-01 04:49:23'),
('5ce7af2d9a61cdad30ea0ac8d94b30e4a1048a925b31ee4424a53b164f6666008580ebacc348f06d', '78dd5de3c785b69bfb1f54f8e76d66e0cda0d62f2848775618811845bd4cb259c1a4d395603e0673', 1, '2019-03-08 08:43:18'),
('5f14a1cf266dac94fb2be1aa3a064c10305f1b52ae58b3985460f3752b67917d66bcb77e2b5ed55f', '8906dc8a861d33822f312eff2cca329a9a0052b2e557f98495b91e6f240cc81ef0d59f02573ad95d', 0, '2018-12-10 03:57:42'),
('6030d5f7472c6e3680b0d7b1dd02b00822f57230a6ce69dc04c631b250a45d31b6557a7cfd2af4f5', '0cde6e31444d62b318f8ad4388f44fcc08cc5edc45cf477bb1e87d8189ba5f3d1d4603e1b55cf090', 1, '2019-03-04 04:53:16'),
('604d960dea271f6878571f002637408970e01a390cb20d81c71a16ac76077708a9455e3781e048b2', 'ab19e1a2420ec2b2e84f9ebff70a74a2bad07c3058b97b0750c1e9e337abfdad18f263ba973d7e36', 0, '2019-03-06 23:05:31'),
('606736fa0d43a100f93512990235b6c27becce57ce02f2b38e4c046fb378f0e76bc5cb8368dc9462', '0e062e4e2110fc9ba190d4485ded8f8e4085da4dfd19963999f761f4bff72ab13d8e55e40eaa884a', 0, '2019-03-01 00:17:59'),
('6089e3531eed438b5c40477cb856f58a80f4e2b694c313ea388f0d655555e170506a8ff56495021d', '893b840f433c5744b09e67b23028add36cb573b84f310c33be069c35023e247e0adbfa160f660958', 0, '2019-03-01 04:11:21'),
('60d8ea3b26fb4f40370af415668e8b10ce9ae8d203bc5ebb2dee8978b299fccc162d89cdbd298af2', '74b71df83f5ff13dedba911854b9552daaf87bb1d268733607098485233e2f38e0cba84cc9cbfcb7', 1, '2019-03-09 08:14:47'),
('610845bc18d4f3bb5755823c129b50612a900981a073aff5b249b9809b7670d08a26855632f1c64e', '6c5222a96dd3abe306a7d5c8e18792516c2d5c32f3ac886525ad013f426b205b74a51cafc7c3c8e7', 0, '2018-12-15 08:08:11'),
('61239c9a56b31831bdd12d3f0befc948b2883f03da4531fff58eb00d9e725fe552394593f58ee254', '71223dd1e96cf391a9e51482854a7321d21999449dd047b540e80241eb0392928585bb5cf53e08f3', 1, '2019-03-09 05:41:04'),
('61c39981bcbffb6e6faff7f688006bed67bad24f86443184a3299afd7a02fe7cad8b85e22f287ddc', '185b00f673c96336f6e48296741f048022a6f88387cbc840363f622a0b7900c97dc72e8bd284425d', 1, '2019-03-03 03:50:09'),
('6217871a3ffc4516498568fbe1f3b1b805f2c1631704fbb12e33b51badd67f39b41049474a780ed7', '95758aa776adb15e9ddc467ade95a929e32486e2a2cc1a0904811347dabee5d2bac1299ab0ffb443', 0, '2018-12-18 02:16:51'),
('62318acf05853656b2a756f1dde40243769fff2fa46d3355c6f7d31df286a471a85e73020be58b9f', 'e4d70484497e990a642265052c9756f6a64e1af9382a9ad8fb220baacde1457772cc4653ab7bee37', 0, '2019-03-06 07:06:43'),
('63a1251e76610a572f27f178c82941df0a6affb1d4d9023536a9a051552dc830a1166c8d53a471a3', '9e2d99180c3fd3ea8eb5967ed41171a0fc81604b9fedfcfe19d405e74f74d05a5a24cbdd5b4dafe6', 1, '2019-03-06 11:45:33'),
('651fe059ee29f331d0bfbc0e7278f1daafed046cbe769179aea5139e4085a00fed37537102ea6e00', '7b7ca18f225b130eb4d464d7cc97961e443eea5b894f6f3710d811b6840432f3622e3d0e52385686', 0, '2019-02-28 05:56:11'),
('66a4547af98cda23e9b28a48500a97648fc9e9f2d18deb4ad44ef88436ef19965e0bc36df8fcfb02', '500f99c9b107d3540b6f4f94982849f554c0027f1b3820589bbc5a2b7f2910891288a04b2fc2b2ac', 1, '2019-03-04 10:43:17'),
('66b56c10272e27f8f6f0eec70cf1c2c5f091ba34a68b66a767f032d51d945e98b8467b2cf4bfa69a', 'bad7561edd375e68e864e0b5eeb778d17038bbb121cf81bfece14557fb29518a26a2995d0e49fee8', 1, '2019-03-01 06:37:39'),
('66c03364d070dc19438ed8f855c3b7a761a8431f7d40e539283de18d3521d5d7bb5917c2dd404928', 'c79cbf3d7c5734f7ca8c9bc20fbd7ffa450e6c7aaf84ef6ee93643ea59c730d8d80d27c4f7d25838', 0, '2019-02-28 05:11:47'),
('67326d07027e5cca4521525ef8f64df05f636e1aed582a7700069d0d77bb39171d156112b5b81712', 'd55551622c2409e22ae859ee750996b5d0e3bc56dba02c5dff38fa29d3b83393a7cd7e7f2a3d9ddf', 1, '2019-03-01 05:24:33'),
('677801eade2c65ebfed3deaa3394eef31e7c6e7858aa5616c8aeb18f13551822ad2d6141b9e99552', '741c20d868c78795922a0ad141c09ee6c3d87d09bde1d617072e24e43bcbcbd5e9306f05e63d268b', 1, '2019-03-06 02:44:26'),
('68445c2303b9ed78d9d2c3231eabb99a829a94dfb4cb3769544bd1bf9137c4c62a20898a7faabe1f', '596b455817aa1390b0b55d524bbcf1570392d55a14ccf59e9971e1d0d11aff430f3348252aea723d', 1, '2019-03-02 07:29:31'),
('69cea73ec1ad2572d383b3282027280fa6de0e9c19b25b1c54f3e1cfa68feea531d8ea8dc2c2f67e', '7ea859c68eced65141bec64d734751033978a3ee249b49d1b388f78fd05ddb651c0856ef8a37b15e', 0, '2018-12-20 19:52:04'),
('6a5b01b49875b3130417075697cd77cd8f538194f9f5cf81f6929b8743cdbcbfc67f9d6989e6f093', 'f920ba7cc9ce89cdfd8bc144494213804bc3ffda3fcc5a05a26281e9840a6009f053a0aec834eddc', 1, '2019-03-06 01:52:25'),
('6b19ffbb2cc040f6f53e0e9f0ad87011f364fd5cbde2177247b395adfba062c0ed052ff89684209b', '78ed68cef274ed517b592696c08b37d73243330a882ad499d27b08705058183edf7ff81ffc5fd4b6', 0, '2019-03-06 18:37:02'),
('6c5e09f04eb0b65a7f81be95d2fcce7304ae02b0c18f79c7304a1f1a607c30df94fcf524c5174902', '2a3c163b4b7bf76ff5b4bde30bbf0c65bcabf91a24796ae718c5d89f02b494f840e63f7acadc2409', 0, '2019-02-28 07:25:50'),
('6c838aa8b5eb0dd966fd4a1003ab23f87d89be509b5ffa6b45d966d497f1f53358bf9a84a435f92a', '1323c27ad4615ee4a43d472d379e59abb528b51de4d8bc187c4e9db8ebc6e62d41baa9754f811a33', 1, '2019-03-01 06:26:07'),
('6d8c7c485c33ac9918e06e890e795963f69727ebaa3f66abf470afe07a0307b01e3cbf3e5c39e0e9', '41a3494f44d955f0cbea2c3a1d45ad1b9f6ecbfec6edadd9b2d89c96c6ff2503966435f6de5e8b14', 0, '2019-02-28 06:32:54'),
('6db500197c2dc70f287e10647a64401608a08c15bd7287976960caf691ef32b9fe96ea0e704a6ce9', '061a93c0a02d769598e7699031a30f2cf178baca174a6853ea2e4cadfdb2a91bee2b9655028b709a', 0, '2019-02-22 21:30:11'),
('6eccf6bf89f92883e2c741495bc896fde60ad95745c77caaef2585b652cbddb91607697a77b8c565', '350f28bd02980e6cfe16d8c27bad4d29f0575e1356c0dce6861946b04d4b86b54d34f8861f3c2a8c', 0, '2019-02-20 20:42:36'),
('6ed4aa6f02e47778b72bb4a462c205db65ce5d225108128b5bfed40b247b60d3ab0b3ab3ab1e792c', 'eede834f85329e41122a43ad7f5b4a9d832f08792583cfc34455b7395e26ac7d6c732779a8396ef5', 0, '2019-02-20 21:57:31'),
('6ef646c42e24a66f45c4e469fc1d872d09213ecc7045fc78b63f5968775192b443e69b2e8f845e44', 'afd9ef11acbbda777b6b82f17a2bb1e99a31fb3d8e341c9ce370b351bcf60d05406ae9a1e600f517', 1, '2019-03-02 07:31:52'),
('6f396ee391018a07e4d7c91f6da6ffc0c2fae1f2113bf1e8fa29970f78dcb30e3b45df50d0fbd22e', '50c6fc145fb8544bf1d403cefe169e3577c6ec143e883fd598cc48846f5e4d254e59a27e1964d6f2', 1, '2019-03-04 06:09:25'),
('6f47a429f0d9fde9c94565b96bea2e86b4acc7ba14037e5d8257eda0e931e6fba36dabdf9eda9d9a', 'cc58b1b42ddc614b93917ba1a8dbbef10995cfdecadf5699fe5e868aa1db190c0c54de53ca073b83', 0, '2018-12-31 22:52:48'),
('6ff6206f97b55f77ddac196539cfbc1b60676bbb3e5a084a96a497f047b4729bdc5b4a5715ffe44b', '7e3691bad4bf10524f515e39165f911c7023c718b3c418d8f019758d7670d1d79ddb687d8745d8ac', 0, '2018-12-15 08:08:05'),
('704415bbd1ae43dc4703d318d8a51c921a79b273fb3e76519a6d7865506d8029c49adfe019e45248', 'b85e63f4be31b505c56ed8ce7db1e94375932276c9d9bfc078581e87acc9f3bdb09fa7da21220680', 1, '2019-03-06 11:42:48'),
('70e112e22079b6ba9ba26438c9b17f88e1d45287d8bf6bb90baa289f64668f1b9cf315fc6ff870de', '14141581d39a7465c30a3371299317131c388f8586011cb483a3bc82bb9488b11f20b0c2b5cb3aee', 0, '2019-03-01 00:41:22'),
('70f5fb1e6364e231d3d2f5bcf719c818bde7ad586dca6ea27c9ab03b69ceae42384d38e0e9d80fda', '98a10e26c1d674e649c406398ee1b0e7ebd03af0aba3ede836fa370b242560e3a6cac9df99d9d057', 0, '2018-12-15 08:08:11'),
('710e3fc91be0c95393bf49e9979d9b09323091ffe619cd5c1de95f89434ad675ba3b75704a53d1a1', '5553d01cb70409d9e4457064ddca2aca2a7170865562c58cae2979010bee1059d9f20b57caa5f5c1', 0, '2018-12-15 08:07:01'),
('731ee28e3531c806e28abba53681e21af578e3d15192f66fa1aa756b1bede4bec79c723261b5f581', '884ccb4f8afd8216d7cc81fb20134a3323f05ecc9840915f89268c54f2164de82a02d24b15b73235', 1, '2019-03-09 20:47:14'),
('7363fa31e2b92d79f79cce06e8303123476d153346186f29b1cc96ba1e19f6eca8b914a25ea1cd72', '49723e5e18ce005337f408c73aed65283bd6ce94092a32498bd35219c887305ad46357ea0bb5a6c5', 1, '2019-03-04 10:27:28'),
('75160137a4e51c364f8b922408e9f00e5ff449c7b495f00dbd3b7633d959af0dae5a19ccf3a3a157', 'a323982829763d6ec92753095d8cd2046fd48d3f7263a0e09f3f6ab87b604287325fb1873140f012', 0, '2019-02-28 20:14:23'),
('754a5e1e6ffc8daa5201cb8248544a466e14520cf498b8bd94a50babbbfe13aa88b2229cdeffde45', 'b5ca58a33f17912ab8d8cdb042ab8d2aa05dadaf465774256e4b3aac8de2f0a8d1179306cd40fed5', 1, '2019-03-09 20:49:03'),
('774e2533d82af778622d0b7554de879c3f08224778b5f30700fff2746ddd1a4481b5bc2557938364', 'a330e8e5ab2c48fae5ff9acd3c2342bb4eb08e76739b753a50d42f6a45f98e247b351e0f6068fe1a', 0, '2019-03-09 21:25:56'),
('77a2ded259c28d4c96e9deace4e7bf95f4978b038f9692c31e8335bda5d7a3360feac3817d7bc7df', '7fb4343e92f34b61944957957db9caaf811292d2bfd79ed35b04396a3080bb47ae1eea7a40d60ba2', 1, '2019-03-02 07:57:46'),
('7801f7c0978b2fb5a3c2c3026614d007006239e7ad6d37f32be5c45cb750a107439e1c65a15bd7f9', '972c7537d6e3bf04ce794c97100e49118605ba8b2fd9acbdad1a67d487171e9fe31e0f6ff40a8b35', 1, '2019-03-02 04:50:32'),
('788e1a8e815a31d372810fd7527e6a20898674505d0717e311dc254c130bfc3e86e0f37da53be3b2', 'bb1017adf6b86ea263742655545d8d4a578f8632fdc1622017eded504bf1e7ac6fc7581e51cf7fbe', 1, '2019-03-09 10:03:47'),
('78f43e3c2121a820555f59d5727a53114b03f4daafb3b2583174f07ba8b15c6373e97597b4d395fb', '54c06848dd41e06e9fa88cc99e228ff04337129750f80873640815e4f7c40f7533ba3014bba38689', 0, '2018-12-20 19:32:54'),
('799525948e60c0672371d43835d8d69b940a59ef6725d4b4ea6fd9b0a7d48c18a22c81a1d980d272', '12a9bf279bf1a2fbc32c4fb9f00b3ec4a6cd20028bbfc7dd2ec02d7986e92d50ba2449884b9f809c', 1, '2019-03-09 08:42:46'),
('79d8fe17a760fff3af9832ddfaa84a8e5e796ebbcdfe30a647b8275a33c97d6793ec9dd329d918b2', '6aff310b41f19bf91441cabcc9db50ca7e27e3f9a2600e535b629bdf8a6e71ea858f6c7883c678f0', 0, '2019-03-08 06:38:36'),
('7a9b3ebc529e2231d01fdaff7e0f3dbe2fd00c1707e0686e642ff0281201d377afc8129e93610a76', 'f3e5d29865f41af04fcd935d591c236aead15f272062367e22aecd8d98594d9c1011b6138c7363ff', 1, '2019-03-02 07:07:24'),
('7ae21822bb832ab9e48dc0622f995ed61641378ee8ecac0fc18f3a7289ffa5a519712b9ba01ee9f1', '5967dedbd4b5119991ec4ce3895844ded4807f7200aafe2626044ffffd0ec1fa84b50337de1cce0a', 1, '2019-03-04 06:34:25'),
('7b2340b0cd4cd54ba228467398e4a95b588bd5c1f9de08e72b977b4c414d67f44aea03517e0fedd1', '2fa1ff5c197efe7e595cda3862dc529cd2fe2811321010916ad3eb32f2d4c736b827040aebaa61eb', 0, '2018-12-15 09:34:09'),
('7b808fa658766dde9234234dd6458b6702414e2119efed9baca88b26854ef77935a4dbb41e1b5a6d', 'f69987c4e39b1c65a7c6e232d9feb1d2980f1a5a1eaabb1fce9e3179ab29063f7e774727af3f263e', 0, '2019-02-26 18:27:23'),
('7bd31d04d1cab366407942a69650b928fa38753dec38ca3e99ddc822011cf2f6e6d95d033ff6ba99', 'debc87dbb02c5f575bdcbddf142719fd562f8a30cc7accde45611b92e99bb9edd3a267c0986ae63c', 1, '2019-03-09 05:26:05'),
('7c3b7dcd2ba93b7ae3ad306ead3045c9a8896524db1bce8a303cd04821adbcd369eb731377bc908c', '4f8489818f3e44e0179487649db87b948d2a01b1fb7520399b941b4aa0027e1f164abbc201984100', 1, '2019-03-09 09:50:06'),
('7c64d151919ee3ad3e72f27a1ac47d7dfcf75338fb60d57cbeebe5d3225f832112fba40e8bcf9bd3', '6ef1b2a0bf1f15b3adbbc426cfa305629b1e1bdff557796e629cb8303cb0a104b3dde0beab9af754', 0, '2019-03-06 23:07:03'),
('7ca5ca6867955c88eeed519e15e94a1a1982cd315a398ba1fad4cc6af3126646867c3ca02ddcab4b', 'cae44aa931f5351c182e860dec6bc009899bb8277007225fddc5551dcf4fd1faea634915ea4d40c3', 0, '2018-12-29 17:48:00'),
('7d021c66d2b12fce2a21bff0e502f00eca5f0f44553e19d38ab0d45015f0cf0847ff8854d219b46d', 'b852f37c0e4b3fa52af6d993d0f25053f7794f865bda0788d8622788d271984978a1c0854a0986ba', 0, '2019-02-09 19:26:44'),
('7da7e635ec8ecd780d4bc8904ded58d3cf8adbdf25247b0683edba5e6b924a05796f06b283fd4063', 'd820e90cc9014a3643f1923af57477e01e40acae047d002ad7d8d487c79874b56998f5b94b880947', 1, '2019-03-04 05:52:00'),
('7dec263b09d5e9b47ea4bd592b783c66f846dbb13f04fc444c17f28838e3cf938bb0ee5151b77d48', '8c914265f26f0eeb500d194e627591c040d24d3b95cddd289a4c9a933074798dcc59a1d6b80bbd90', 0, '2018-12-20 19:28:53'),
('7e228e5dcbc16381e9ca7418727ebaca2d146ab91c5ed047de9ee9bc4ba8ac1d2dcfa5d61f7d4154', 'a3b8dba7fe35cfa1c197998d89ef1a7344487bc48ec14f0ecac138de1027972247c4494a42557ff7', 1, '2019-03-06 18:33:47'),
('7f46068845d1b8c38369b85153238e4829057978c5ba1ea7924a30288b04b748829134102f85c6a3', '67cf76263874c34fa37ec113b1f3879301ef1c94c33c654399f334edf44fe58cf63048c1217ef09d', 0, '2019-03-07 01:08:52'),
('80ef3efc7ebadbb2a7c90c1e0faaac599b2c987e2720d1e3010dbd1005f3b55f5cac2436b0edfe8b', '7f3d1c877efcd533185a42786012b707ab172a706fa70f228c13be2e851f55962322ffeafa4efe0e', 0, '2019-03-08 07:00:08'),
('812a44e0de2438252c42c0c18a93c2a7ede33ac190faff5e829412599906e3927d4ef16d4ed1a8a6', 'ab0eb491f66c2819133ea0a5a0795f94363a91ae7d12238f555935c0838c2a15a7947a71813e4c16', 1, '2019-03-06 06:43:40'),
('818fa5a2e2734bf1443efe86e7800b118f2ebfbe1b6c82eea524582fc488debee2f8897b34276b84', '9d86af984c6dec7d27edb4f41f9da49fcee303b5857585affc0e478fb3b56abe582ee5731dd07fa4', 0, '2019-03-01 00:13:47'),
('825dd63f160a8f70bec3c4430b1951c6c88aebec6d3106924a4f33a9d50b0eee4a9892ce0df02861', '816b59750a0f01d29eaa8ddaa307e06d3af052a32504869cf147079c418627e9b0fe966c934b0c86', 0, '2019-02-20 22:41:39'),
('82aa4d1eeb39aaf6f72ee74a1878caf04fb995c675d6db836e85dd65f4aa35c834ba91ba77f26c19', 'ecc45168b2eb2576f54553ef114f65569645232452ef1b23d57e31b79c0e487b2b2e283cbc2fdda3', 1, '2019-03-06 01:25:57'),
('82fbb8945143f6c8b93653829b5ee1cd4e4a90bbbcc7e5f7b9d0ffd840912ef1ea261b5b4278b0b0', '43826ea23bbd12ae64a59e283c98d195e1c0b1945bdc2281e8d291fec63924dc354eb2b663d58df4', 0, '2018-12-10 03:57:34'),
('8364334282a844e2b18d3505b64a837ecd21c9ec4469e5eb5c306a8089b820ff5f8f9192c8419ccd', '76a56ae84a9852e9dcaf1eb475af722285974a736538dae189fdff5a7f818634dc3f477dc6934e16', 1, '2019-03-01 05:33:05'),
('84c171374e99a21847ffeb94a632317428f2135cb9d38a5aec18fef01ecff5d91a8c2ebb82b54266', '65bb9d08ee85b81872e31e25314c159e355b470f14d5d48ab981cf30244936e28ab89dfa09e007ed', 0, '2019-03-01 04:50:52'),
('88004586f34a01434f621aded3506b07bdcefb30b9a0c76c4ce11595ffc5a9ecfbbbee2596e108bd', 'b3ced67558e3fe02f65e21ce922ff8c9e8836e6992ff9e04432fc158fa12a4882fa6c7ea1c0fdc9f', 0, '2019-03-01 04:47:46'),
('88cd7bb24bf22b50b485c030a4cbae5dcbf46f9a24ed0becdcfea6341f8f59129bbc5d805021faae', '422e93399c8675d94985bf533de83d5ff86e3333ec9702106c906d52d2c9b5e7afeb0c6c6d6ce546', 0, '2019-03-06 23:07:00'),
('892e5c9d957097bf52ebcc8a5b58464659f8ad8d0c9af3e4dec4ee76906e43563a3de59f8831d086', 'c0002381f73782ca831d7ab8281643e6ceed51cd1c27ddc4ead52db51804356739467b3a8b178747', 0, '2018-12-10 03:57:38'),
('8a34ef7755cb0d64b3c4d86a8ff78ce6f549105bc4ab2c65e101be1ddd6268ac39f947f57a0f535b', 'ee56b0a721dd5a118394d042cd0b46f5c0c78c3dfba0d90d080993645ba408c12aad103870d33371', 1, '2019-03-02 05:13:59'),
('8cab94753bf92001e8e5f4b1cdd1de89b5591a179f9d0b5789d359697251289cee4d0d09565aacb5', '67a4f3b758e3bddee965f81b32afae38a8803ea19d6952a3d7ee867bfc49d45b5e776fd2efc15236', 0, '2019-02-28 07:24:08'),
('8cd33e1ba2021e7602c889bc0d3fb7c5b7625cf2c039db61d721c82848c71e38cc74f6a7711902d7', '8509352d0557e4fc505ba69c8e2a06bd2bd0d6f7912244717b140d53156447118cbb9eae57055c00', 1, '2019-03-09 10:06:47'),
('8cddde8b70825cf9005c6462b78c4ee8f44d30fa4bf668735ec7897319d6cdcf81a187bedea5a179', '86558d94aeb2a9b576937551695bed0cebd746ec19a6e60e7622a16d9d16f7884c6839c64858c1dc', 1, '2019-03-09 04:48:30'),
('8d29615a95146eb6c293028642d160fff60e5410e006942eb9db1c42582a7330683d92a01d61ecfb', 'd6f6aa49440835f600311a7579573af804374fa6fea3418fb64dd0c5444ac3e5fdb965b91efbd76a', 0, '2018-12-15 07:27:35'),
('8d8cb2506e649b8dfb62e2947c40967101ceb3d61c9e2f085f44c42c63c722b076b185de0b5407cc', 'ff3a595cd442af775d15a5d7808c3dfe359e3b5c953714648b759b11d29301cdc1718009d47d0d6e', 1, '2019-03-06 04:48:06'),
('8e064c16ee866b29c886936a0b8363f07e732a2ce7529ee721159c64bc10c84e6a39527d864791b0', '86a00391f56196d7d112b7cb6cd979b4d955283dc3a93754698953d3ff8d614ea1c4ac1f23819ca4', 0, '2019-02-28 05:11:45'),
('8e4a1f3e77c32472e5204e21e12beaf8c5eda973ab2f108e3e0e92feb57649a815a50d28b68e8d84', '9a332e5f2bcf3233cde030e4e6505366e566dfcdf5c217e2ea2d8c4358a9e8627a5cf37a25472eb0', 0, '2019-02-28 23:45:07'),
('8f2c439f34537306ad40e9a350107657ee09d1e869e4b8c6ccf858665524c89df930c14d0af09841', 'aca7ff93902368067361dbf07fd27d299861a9c9cab86671083ac876ed02a99597c9b60957e27879', 1, '2019-03-06 18:34:49'),
('8fec10a800c748d44954b36a1adfdf34cf707efc19c5204acc798568510e7576abf131918c913dd8', 'b901ecc8a3f0a865064cdab3bf63c183d0c996e727d1300bda14eb18c44ddc9dce064852e21157ed', 0, '2019-03-06 22:47:24'),
('9028caa9e7866250596a187b46e9fdda92b9f2d549e57eb26a216f44b33679f77c519d140252d6f1', '26041e6594ff3b97c8551ffdb6a10aabeede7e992beb900604b16b5b585b3814b31b151e7868de55', 1, '2019-03-09 09:44:37'),
('90445a7c02b6c6a0b42e1f838ef44649e98a47af3735d29b353d1d8ed4e0284c416d043450564838', '3bf6aa2382c3c4ce035c9f8377c7e5504401acd7f26fac2f6dd616ccde7c001d106400c371c727bc', 1, '2019-03-06 10:15:49'),
('90b6229db8568a740f33bb1145cda66b4831859f7bdde8aeced0e68f6680718c5611eba2965bfc9b', '3e04775e4ebed322f53de0111daee7d51abf8237de8a4d6a1c6d1f8a116db7b1d8d7c34f0bef5317', 0, '2019-02-28 04:46:10'),
('90c2545a82e1bbbe7636eaf6639fe79cfaff503c24841cef57191ccebd8dbf853d0bc3100c9a860d', 'ea4ab7d2dbd61b416dd112c442405db640984cde84dfa497f5836ae27eff6a2fd10c326874de275e', 0, '2018-12-10 03:57:16'),
('911cc4b675b9e13e11cc8572c98912959df1c158f6096aa6e7270d1cea5bc5a7548cdac6b44139a2', '55e4193c831c5e2394fa2f93034997f297df8259915f4c7484020ddb541f2b0e22f281e2c5c81b5a', 1, '2019-03-04 05:35:45'),
('912b893b1e6c734993e2b6482ec8d25756d73b9b3da4e8bafc92712e98d2e32d50f9070bbf475636', 'e43bee2e1a4069e4e09f8dfc6b16e6816608249877f9416b22d74caef71127ec594da291b78c8179', 1, '2019-03-09 09:20:21'),
('9243b2a7aa5270001930d238b158bed9094836da1115badec316463215b84942aa463694d75815f6', '43e7c240f4a627e5433a564d3b0fcc1cea1c664e7a70513c8a006ac4f8d86fc093486a04045fa078', 1, '2019-03-08 08:49:45'),
('92e6f11b1afec2d86b788bee9debf7858c17fb201c314bc10fdf2a07dd83bcc9b12d57bbc45aadf0', '0cee51b13f78b893dd400fb94f068ce23f4dd46fd0fb9e429d97f276c9804d7d5983aeaead9468ab', 1, '2019-03-09 05:40:44'),
('93369b0de8cf9bd1dd0327d57ff8825a440205aafc98bcd133f56ee04a6399fc76341306d75ac752', '3d3e84dae91edd91beb358ebbe819c063190aa0a72a7b0b875544315a1c9c03c6f7d649a6f407ba8', 1, '2019-03-06 02:43:23'),
('93ec62a02bc1f47db2e99c08eb029514222fc74fe1cc4e65c910550218ce948f077e654922331227', 'a79dddaaabe7a30418d9b47d7d7e398605538389b896cf323a5b9ce5931c8b1ba9df371b410cc43f', 1, '2019-03-06 05:03:52'),
('941ea2999078a3f20d9f9a75e941bd960a8dbaf73a8e377408c0fe940039588f6be563c0566d295f', 'd5cb6e071f696527f6cfb7e9f089571ac2b9e1f8e697cfb0a14a34f3ce34b04c58be7229b79312e1', 0, '2019-02-28 19:13:26'),
('9431ca7f4e31f6c64746fb06244eaaf50c3620c05c2c2933088bfcad6a004a7a69f9c7e24cd90a28', '7c529c7ced95bb4c4bf6b381a08ba4b864c66ad38bdd82f77be7d7174d75a9cbdf96f12c70f3572b', 1, '2019-03-04 05:45:16'),
('9485cfb1feb49f1e940b741e6dc1181a65899967cadfdc901b0ea9c536c2219f9714fce99b225872', 'e23a8e12aa64ce0bd6ea3d8efaed0eb0d7cb139cc86e049b5cd439e0d0bab1969aecdd84b93dc050', 0, '2019-02-28 19:45:12'),
('94d8d2512d1e5c0b1fb22b8f3de6492682cae13733c71c532346c01ac93f9b0e8213654ecf53ba68', '314c5e8c7380a623eb9b09662818b9b57cadbe33fa67e0243894be1b78522576963dc964cf2f6410', 0, '2019-01-02 23:51:20'),
('95495a0254248e4bc97baae51e097b470408439721b40ce51d98e3c7f2ba509876b72fcafad45774', 'c14b38d31bd561315e413595994cdc440fe7576fa5a231abb10bf35341be7cd7057d87c5337ab5f8', 0, '2019-02-21 04:08:35'),
('97ec575c8f1e0d8eaff2d3802d329020ad393b4253d395356294efc15a73c7a00d13ca463c63f32e', '4458aabdf23cec5fb56997bb3876dcdf8ec9dbe1ce6ca3f2811cfe77b270b138dacd44adf7f2160a', 1, '2019-03-08 06:26:36'),
('9ae680cef534d0a135927739f54f1fa7090ba7c375da08fed07115aba38a7a7b7672cf6760f9a3ab', '43f8e1e5d99fb2fd6c4291d8b55249b6cdb8a1b6fb43af2548b7631a81b2e74287c5f57be8f5ec53', 1, '2019-03-09 09:51:50');
INSERT INTO `oauth_refresh_tokens` (`id`, `access_token_id`, `revoked`, `expires_at`) VALUES
('9b9c0930cc3c34f1f68258c4d82a0badad7f18b98133795235da77d54f0a57b59b7a7663763de1c1', '3d37c111a07a8eecd405e1ca02bdbb9314b7f3f2ac831f017274f1dd87127a3401839c3a7c479264', 0, '2019-02-20 20:45:13'),
('9c92596119af6ffdaadef8e14f6955b0324b7ddf72e234034b65512f2f41276ffb41701074e395c8', 'bf06c77665f2a317c7a66ed6765712986703a09b6b6067158dfae2f6cd616cf69e3fcc99d012d60d', 1, '2019-03-09 09:14:55'),
('9cecd9d741752f2eeffc83721af84c1a74ccbca6040e1ef10c92768d121f44c6149055d6c16cceda', 'be48796d4745828966f7d5caaf8a9be1cd91cc1bd4978a37cf3ed6673df9941295069c5c3500ce15', 0, '2018-12-15 09:38:26'),
('9d3968448daeb7236e4e214db3a284e423fbc324fa7d8e1e59b71d7e1f5d461bf96a7996e4c2f95c', '235e01e9a4e187803c38d9658721b0c2086b8b49431dc9944c9dcf3948bb0d59654dce29776f0d0e', 1, '2019-03-06 07:46:26'),
('9d8759a613675d5916feecbe49d915596dcc54dc282361d8d9121c71a60e007328ad6abfc2fb1914', '0df8c678567d93121cf6ee6ed16e7e4bf36764ecb1c019c7548759022109b2c0556373478c55bcc3', 1, '2019-03-01 00:53:49'),
('9e03478cc5dc5e977ca66a77f3ea92d8d873a68ef69b87e97423a599f39ea3d7d0d38c0ed3bb84e1', '06d3d56f9df77970dfb539d83de6be759714b4115ef1cfe9fda35733a0d5e2db013cd57031a92eaf', 1, '2019-03-01 00:40:04'),
('a143cddfbb1b565641f77226ff8ea6e2a93ba550c0ef5557f7fdc1fd77e07367d298c17fd2289158', '151d7c2ac516120e75a785baef3cb7262a2754cb8072e8bfa0e736a20f3365068f56618b3cc85f25', 1, '2019-03-09 20:24:23'),
('a17c3d2fd44d13a541607360f62ab2308358365d12d7e32750158fe6bfbd3f98b15e2924b592eea4', '98946aaad8ba89c81c1710682dcdbefe29fc1febe96e791a0a01f78282b1e1e1f7de2c75c8133b07', 1, '2019-03-06 11:59:02'),
('a1e0ce2c48f3499e94d9e705a4c5c448362fd5677257ca6532c76930567d2d8c0fcffda31b0791c6', 'ca4cbff0e270db7ed0e04771a0544d6a273e751454c3594fbcb320240e697a399462bd7f6a2b0cc5', 0, '2018-12-21 06:02:12'),
('a21cdf52bdeb128d40b2e737c7de83d828ccfe621fb6fdf038ad1ce7f62555d935010e8540b0c201', 'e4d4445bb02cd6c8e66eadcfcdded53a7f744fa31aac240f1b7cf9e606f22a6bdd704ede19ed554d', 1, '2019-03-06 07:01:59'),
('a28e9c8983220e956d12f17cbee8e205ecc3b9c22859007632876833af0ab9e793574e154993b9cb', '7f86e717e31b7c9af77cea5861aff7ca435181783d7487f840dd4836cc901beb31fc16f8268a6f93', 1, '2019-03-08 09:00:39'),
('a2c33335f44c9de9a9ee4cacf54f89ba6010495c957deec1803f91f7079db50ec46b1c3affb588db', 'adba8733c67d83aac7e75e7d55b8eaeb0995c8ddb280a00f3f523c7128d1d088ca58b6d5b5f616c3', 1, '2019-03-09 07:19:19'),
('a372ad173ae71a884ea861ac20751dfd6d1f1823556ef14dd7f8b9b11eccc374a35ec99961ed20da', 'f197169c192b2f459c1a0549ea5e1a9f3c2867355ddf05503f03c6248c2783eb40499f8baee6c794', 0, '2018-12-20 21:44:58'),
('a3dab9d64b31a33f825acb54197f87940dbff63c229a8613d932f556f18180d4d52a43a5dcbbaa9e', 'b2321febd4b6e74c907704276bed00e6a06bb7f29d49351637370f72a23f4b2d98bfe59ca59899d7', 0, '2018-12-17 22:26:07'),
('a491cbecd14c58435e50010be60c97572d15026614fc4d34ebaafa64af0448e10ddb2da3c8938170', 'b9dd3f4900cdba0af62e00c4f66585ed3229f24325cffc9460d540e73a9efb39cfaf2d6892c74988', 0, '2018-12-18 02:15:48'),
('a4d03c4d9e4742424ce9f1bba4db1b8ed9270292565993a1f4c314cf2f67765ffe16bcffee3f909a', '146fdf31eb8e48f7b36489a50c22a501bf7ec74e061c93586dd1705e632597c87eb9966899ff6023', 0, '2019-01-02 20:49:19'),
('a50f5d2ba6a8891ee90b169abbf10a7b7953f7ccd52431a41b7b4bf5c72d3eb3333b31a9430aec4e', 'd49bf241cab60274dc909d7c7ed30527186882fe144fb71b768f8be9cbd353b9dc2c97519a9cc208', 1, '2019-03-09 06:44:47'),
('a5669c26a73a3d2ec9d5e68ada57a6c236741757ddd87489c47763f669bd965901df13e3774afd77', '0412da1813c6c967a96c84a00c22d0ff7dfddbb6c4f7fd19d4a856106b6c87c68f59c53620e8352b', 1, '2019-03-04 06:35:36'),
('a5a6be50d7e0d76c500ce47c59f44500a444227bb962a3212f4b1e5ad2f440d8cd1f4a55695c563a', '365edc376904d7d0f935c377f98318fe2ac2b4173540b54d3338d7569bfe5314f1ef76f0c71513f4', 1, '2019-03-06 02:44:51'),
('a5a70157543b49cab846d65df311d396595812a30f38243a34c167ebafbffa10e0f1295f65520901', 'bffc04295867b737faead60c3636e83f6682a28856a1143e048c88843b7286c9d63c702c2cd8b754', 1, '2019-03-09 05:25:08'),
('a5d7b014297ed90410c5ac763443063a8a13f0114632b11f484a645d70c50c3fc17ac909eea9721f', 'e4236eddbcfce04e0111d0a80a894b66fbcc3ce7d1a4554a232eca4d3bb6460cb457d9f0881e2bf5', 0, '2018-12-11 06:33:32'),
('a65c7eac4bcbdcd7dd5c907dc214ab27c75093d2bb64a0f06ed8abe9dc994e4fd32a970683845d8e', '1aa18a68e2175918403aef56ca2636b5d1e2ce9bb496950f38f487a11c35a7a452d0a49bbdbd379f', 1, '2019-03-09 05:36:33'),
('a6b54c7b6cfa51d8b78b089a78e5b700361d533e11e89e7ce51d13841694129114768e05f901bd78', '03186bbf36ffca86305f50711cc0baee03386871f9c72db74f1bc6eb32df31b0119516970714c2ab', 1, '2019-03-06 09:29:51'),
('a736b71f50bed92d05d5e7c2181d3ba3917c1adb26c53d9439041320049f09fb82ca5bdc87017928', 'a1423fc821c172d1f9edbf4c5dc1c860f36be3c6c2817bd04c9fdce83ac8fd65e5598eba15ae00f4', 1, '2019-03-09 05:48:02'),
('a8a87635db0653420d80b37190b4ae76c75e4cf32e99d85eeee33e286b55d729c6725714e2d33375', 'e094b09180bf6b213e49b2244cda36c34071d33cfdabda1bbaaad3a1f0c04f33e617e17b218c9085', 1, '2019-03-01 00:43:50'),
('a9ac92e5d9cd892514f30de7a6204a43643731061f79a9c1ca153e2b93b363d6e2424b4de0002ed1', 'f13e3dc909b5e589815be6cef2232da0e757eccb1225b76e96abfb792acf98d9ea348a8a735e1ec4', 0, '2019-03-08 06:37:31'),
('aa9d8e17d06711639fe0ddd7b9e8638675c6202ca1221a5b848f07117a86ebfc0094936b8c118c46', '2b00033bf7716516177b8158dcde67908575bb039a98f4d92425687a5ed99771245436b9a574d886', 1, '2019-03-06 11:51:46'),
('aaa315ca0423c9ddc4d95389e76f710274e99cd7dbbb948f58a9d2b89ced399e0e0e682b0c76eafa', '822cbecc2541f88f6be459279dafa39f3a6eff7c0389b11cd98b21f485b46e4934ae11bd8c175a33', 0, '2019-02-20 22:28:15'),
('aabb72426825737338a198f376b2559d147768e01f6fa8fe41c3ba51464aa492d1dbdce59a078b26', '8289617da0b5bd048f5c18d57885372c479c63200359ca5610e9d71f543504bdb4724c24c9652517', 0, '2019-02-28 04:43:05'),
('ab1aa09733eda0100f55ab512fc902f662e4ba64868cd516e8debd611fd4cb8bba3f8b43ce2ddb5e', 'd7a1d8376665cdba52cdeeacbb22928360c9c92b1ccc4bc9071d893ec2a62940cea71087f2563489', 0, '2019-03-08 06:44:34'),
('ab1ecb81de8a7705b71b377491eb8d98777175aeacaf3d2e94a555feb31cffca83d86699db79cc8f', '5d856cd491dbf3d640dfbf91955392682bf0cf7f8fe500aa65a7152eeff7fe5f8955968b48d43666', 0, '2018-12-10 04:42:32'),
('ab5bc7c40a09ee556939e25823fae93c192771d5e1a1877b3651019f24ce82b374856f87bab146e8', '754151db2c954e142eddfd59128eda4fe455428ced48c98d208ba33771e960b5409117655772f659', 1, '2019-03-09 09:30:42'),
('aba9b8c95fe7ce543d77a9abd65e285da482c6616897e5148b7cec7a1dd095293312abe78005696d', '8c9189fdbb6f1c8fbc161947030b14fd03c1f9df0a1c3a2035fe233386a508f0e7e04ca4977ce2c4', 1, '2019-03-04 05:39:21'),
('ace916f80094b7976557aed3988b316ed2ff990cf80e814efbf2f9558ba70138305b2c8a37eee283', 'c34a1ae4c975bd5f67f0b530059ca52ad2643c91dcf58306c5dc1354fa78a8869519c5cc061b4042', 0, '2019-03-09 02:43:50'),
('ad69d1bedb5f5898da1417bc1991c35bac819f930b09f8681103e121ab00800b58314162009ff91f', '9cf2ad15f7495388886a951967acce518e8da646efdc1c157381ffb92e7b6a02c04d4c3dbf9aefbe', 0, '2019-03-08 06:40:24'),
('ad6dd000e61b2b698dbcdc960e61b422e236bd6fa05681ecee187ce28f00dc0700f4df0f7cf0a744', 'fae6f252f8dc0114868c038021e62aea413ad75ad9ef9b1dc73a9a80d4f4a37fa301c7255a5148c2', 1, '2019-03-09 07:10:17'),
('adb31126082433308c5b2b9a1263273629c37c76bb6265f0ec1ae95664b27d279e88abdbd9f8a3a1', '99428c91877688f9ac9e353b6ca52eb0fce823f082c0fbc6af42e70dfd3144a2bbfa9d2c2a5a070f', 1, '2019-03-04 04:48:29'),
('ae74478cc3585d4dcd66548c7d08b72c6514059092d2914cf74c903fe6ed6b7d2e2727479c014692', '83a4e100b899ee627a267d0736fb9690e4a382699cc2aa75232a72d4d328ba6bc97090fa7b8101e8', 0, '2019-02-28 20:17:48'),
('aeaf9b40888a446bb91f147b10e9da950867f52e1588cfb3e060b8a733bda88507dffbbb473a67f7', '57baba68db8dc1eb9088158d228b4bfc145512de5a9c95cb7d24c8e16610d8e498622f1180e44116', 1, '2019-03-01 04:07:34'),
('af2d269d217b989668bc4a7b9e9a8948b64fb099e58cefbb41528dfd893c605f64d036f1988cc82d', '3c3dc1f308a3e846ad56df1ce3cd0d2d83df1f9a3fa5e4697ebfd2f6c805d9845637e10e5cd4ca46', 0, '2019-02-27 22:06:04'),
('af37c3f52eb315d6dce9e8b3934c0ba7d0706893568b2685953b101f2202653e58cd345a66c85244', '1ea67b064ce53ce2c09508db5fb4a8700ee07a221b9db19159ffda72931a125df66ac7cda465172c', 0, '2019-03-01 05:32:36'),
('af68a6c52b5efdc2277715441d22aceb229349fda9d5008c961f2274e53cbf5da57def4bb24f6187', '05c21a07c3b7cf32b45f07b2d8fbd027b01206a86bd0e8736dd3eed7060ccc89ec2fb16800b539b7', 0, '2019-03-01 00:17:56'),
('af68d2dac85cda84e496611a9bb5333686aa6bf933fa6cc1c6b75f491fd7bf6110d5b2eb96768591', 'b174d9433ad464ac157bcf65e2f489737fafd75345dcfcb14b07599ec6b0076562412ebb09e1e6f2', 1, '2019-03-09 07:25:54'),
('b01577135fbb6b7a0b6a0f30ad3de516616dfef8214a655e53c170a757515876e54ff713c46b3d8e', '3445af54f2609767a399d7435018ef1fc7fdd09f98cb0ddcf54f40581724556932d75ec1c7827b90', 0, '2019-02-28 19:27:12'),
('b10c1a854bdbdc3aca27c954d26bfdcabd409fd3bf60790bf33a3a796759fe8a97a2a056b42f8459', 'd57927064e46ccbfe52a77130c8268d970aa0059ee918b7de7404d2d9d749f9c48567a50a82d610a', 1, '2019-03-09 10:02:36'),
('b1a56293dc908372fbdfad927b63fb71238265351211c2c918dee362329b0b830163febd291cc1de', '6dc627bd5ef8c52d22607a299de57e1721a201594653e7dc1222eb5af702302c20068f8a5be647fb', 0, '2018-03-30 07:16:48'),
('b2ac9beab7139daa1f6b32e74eec2620e7e7000257a76764d9a16916215d8a7628e1507d38a0a15f', '169ae92f5940ee4ffdbc9653f0543b2f2ce827dfa7497bc32ec936a7809e6ae1c9ee7fbecd315eeb', 1, '2019-03-09 10:16:47'),
('b3c5598959fdbf2783a5a4d4305660d44d0d8483a1923c93b70587a0232eacb5c3318d459f80341b', 'cb5aa874d639fe025beafa725f6c0026ca6e61c6935f707c77396fd9f91ea77020bf7f4365b2ec8d', 0, '2019-03-08 07:00:44'),
('b3c9a5520dab12f838bdb2998a492d993c4bd597b638dd2848a4aa7aea886cc15d4d190199e15497', 'd57c06fc5399f3c603e863ab233eeb506faa005468e6f0c85b08d788a1cbfcb8224dfdcbbca56edf', 0, '2019-02-20 20:48:28'),
('b45acb8292d47be154d6318cb7460d3d33514796226223b9362510fbbe12691024b4959f5db8e76f', 'a6470a8a0effc2751dea9254c13879518d42b93d3f80c1f5ecbc5a67dcffa80da093a59683e98d20', 0, '2019-03-08 05:57:55'),
('b4bed2b0f4d534eb750a3855f8f95823ea367227084d5b633a696c19719620569867c669d4352526', 'cf090c954f5e7040eab0abc5782c8d88a4881303c530a48b0bb54442d49661ab3c35914e7815c778', 1, '2019-03-05 21:48:32'),
('b4cc2f1e9962a51e2ade925c14dfa2f6e5025d6dfb1efecad9f1f9b740feb6e367995988f2ac9d6e', '6913dba3aa6356cd215ab317c84d6b7818942704c908a42352b546ecf4e418466e3589337c6dc577', 1, '2019-03-04 04:39:48'),
('b4da0f39d09ecadf2b2581da3ac3654679bc46bfeaf045df953cefb5e80b4de3e854d8354bcb1424', 'da88b7568b85b223403b917d024f446a8f01ab7340bbda1e0f8eafd8e76e618c1766f32ef9ca4e25', 1, '2019-03-01 05:31:15'),
('b53cdb45981649becaab34f9db7fc4cba211dd2af69e72013fdae6f15acd6e5994b7fb400ac37e16', '4404d632fc4a27cf9840662e74630bed96dbfb8348e61c3c94b04d7b52676f88373c55739eb1913d', 0, '2018-12-31 21:22:17'),
('b6e3c280ae198aa4bfdd57d7d729cd2a6509bfd461344ad162aab8fe4dd5a8bddfd7c399d0e5c321', 'fbe4d714243b9b1294fe57ed03cc4c45a02a1ba2845df1467d25a748f4030f9d80bfcf19ddcf1161', 1, '2019-03-04 05:47:44'),
('b70714c0f3da31e33f1e871ab9abc0872f4b1cdd5bd845641209bb8f24cf47d88f627cb69db40cfe', '2ca35aa868cf11e89caec65c61c7566033237c76a141facc9abc682a0fb8df091686f57bed661802', 0, '2018-12-10 04:42:39'),
('b7fbcf099536885f27566dfe7014308888a24c98743cb5a3f5ad84afb04f089ab45903ab9b77b4aa', '9577cfd8622434d23f18df319ee84016fb7db4caa76fe4650382fdb95cbd448843405f617d7980a6', 0, '2019-02-28 06:33:31'),
('b841f6489043ec706f4383631b2aba3d6ee2f1048ce5a5f1b1773fab61d7ef2d7363f8bc69d8ae3a', 'eb40073889b178b92098158648541d10902647261fceaa00b527acbeadf4048437208b28fe6c9b6a', 0, '2018-12-15 09:26:55'),
('b8aba769a3256c761abe4a1caee7aace7d09c17f7411325ada209ea31b6e48ac39daa628ddb33a42', 'b0cc5ee63f16b6a90b79363e4b5582e60ceef00fb0b7eca6bfbfd164ce4c0a4ac5feb5e6138bc463', 1, '2019-03-04 10:14:37'),
('b8bdbb25c65d461a593a4b82cf33e6e0a89209fb6ce853d2b5736d14998c54bc21c166134aa73fe6', '64bf64c16e59cc71bbf5bc8e79d2ab23b7d15989d4f3395fc8b2f89bd16ff0c385fbfc4d87f27c3e', 0, '2018-12-15 08:08:07'),
('b9037664cb1ac549f50f6ab384c684087bc8564c62e125b2f9801e76ea1c190905157a83af67fe7a', '6f65a3304fb330b5cfb5b9209a522f2365653dfc84a682585d4b44bc5b488e57cafe094c527a31da', 1, '2019-03-09 09:19:30'),
('b94ba53014f95a0996bd980565e211ee2057a385516bc8fc6da0fcfc4ac5a71bb41655c6ef1c8d68', '9d7a9348edf18d916142bc3081fc3f2bc02ebc1e14361af22d8c165c0ac647e1fabb1e70f771b113', 1, '2019-03-02 04:50:09'),
('b9cd9bc47f706a3ae6358bb21fba6e032f1efb975825d63c3bce8957a3e4e0127cadd837142eabf7', '756ea4d6a49d1161873e8bb16286afd12dd09f4f7b4f39909e5d9517bf2a08c0ecc7be6031e4971c', 1, '2019-03-06 10:19:53'),
('b9ff0217fb9a9b0fa30b8d8d838b48d4345fe63a95acc57e31c6667d5b7d388d35ed0021246e0691', '2a9371f9ab5022c8f0ee1fd55e9c02cac749f7a6d275ffbce8fa41be033e352ba47ba9da002c9486', 0, '2018-12-21 05:30:07'),
('ba5d726a603316f29b17a2b79e8e2c11c87ce1fedb8917960ecba1e0265d22a1adbe0d8c5a3f38da', 'ad5c23958b7464d97e2ed9632e106a7b777c0d858f34740e1812cfbf8d9f94d87786ac86a527e807', 1, '2019-03-01 05:31:37'),
('bc294910cc701a8e4ef490a1150c81402d65475009aa3ed7596b86ed632d4102e51168f4719f9e22', '92d3646c548bdcfabb613b281e66be51464a63e895b39f5d57d101a8f8f5b3597db82365d3aea685', 0, '2018-12-20 19:25:31'),
('bc34460a66741a0ea20e4f8bc1b434a044b47ecf024b75febda78779ae8432b1080613b5889ffe28', 'deb4ec0abd95d6a94e4f32d94689dd0aeab1a086719bf1166e1935c51b91d6db7bc7d50c0af052b3', 0, '2018-12-15 10:08:49'),
('bd0a32dee984d5f3c629492a6e2b3156163c59ec007d01128145cb265c80b1e6af9e19638adf8e90', '9f12a1347a4efeb514596bc652064b2c16634a31f1b0adf6faf1df32502810ccd50436a10fa54474', 0, '2018-12-10 04:36:53'),
('be9787e15c0adb16429901a71a6a52dd3d99778403326c02e8c2bbaa6588697c26ec2cedcf29c073', 'e32b1bd61c92799f3aaf514a494d0998b8dab8d8e475e3288ab7033b26233a5d564acd115d6976ab', 0, '2018-12-15 10:04:18'),
('bf2fb7c31aa6e0feca40b943ff6ed09534f9581544b125f2abe8c85985b5b0345a193d27d781b0fb', 'b8955afe17f28784bdd6433dfffcefde05e1000c461d369835abf671c2195867fd1022b563e0ed6c', 0, '2018-12-15 08:08:10'),
('c03707cd1053ad9e70ceeef5e2cca2d8d1284bba05f4e92a3b6b635a6e23c5907dd1ef7716e1c9e2', '737b0862df865f434210823e57f902db2ea7f09b0a54e83e47841d4610d33de0f0cab0399f5755dd', 0, '2018-12-26 20:26:31'),
('c1ae953a0b13c63b8f0ede934331395460bc5ef98df4839e84f6662078de8f501f60f7e1628dc5c1', '0a04a6ab6f69642cd7a8c85eddfa694aee186b5f2e825410def5a67be80bd89e003681ccccb0c774', 0, '2019-02-28 05:19:14'),
('c26ecad5d59756f48f6effe7ec237fa8e64fb0ffb54b893e4f4a5c566e21b53473cda092c45cef2a', '5f90fd68c8126ec84e13f39285fe0367ed53dcd48f566bde1f74c420f8503b173068e8ebbc3475d3', 0, '2019-02-28 05:11:39'),
('c39437615ef49522b6920bcac93214ad08543a20a2941f86771ce805530c497fec6a1ef1ef09fe71', '2306fca395774eb7c411739fe2c9ccd4e8b901c34539be3566c31d09ff2d75bbf21def5f0672566b', 0, '2019-02-28 06:34:11'),
('c3e30ea72d350bac68f8806dcf51fdb6fc7509342ed3469fbba22dc1f61e224d3197a28557c67893', '315f62fd0521e62fb1b8f813a0ceccdc71320562a508e1bef070e531e0914ab44124186e730fea72', 1, '2019-03-09 07:23:40'),
('c59e4de4078af16aa06f0f52e2a6827d6384ff03151e15dc29951405db8b841ddcfb52980b3ca98f', '068420626d496bf4bbe4bd847ecb7fe745efb74ec46f9c6a25978df76f17ce328d432ef3924a9658', 1, '2019-03-01 04:18:48'),
('c6c01f5704a907fb3b882c8e40ba2f51a4a2e8e3e680f910886df2274a74ba0b25ec7cc1998b9308', '6afff17471f28ab3f6c6f97b40d62b5d65dd835ac73364e1e4a5672baede61f502fc73ed64f36d7a', 0, '2018-12-31 22:53:30'),
('c700e8d2c5309ccb149faa55177cc7b4f9d429116e19ebba49d948cbd2ab96bfd2128053a0de905c', 'c6f1d1037a25fe5f319179a31a4eaf3fa4891ce72c0406d6cba53aa4fb718f93aa67bfb842148280', 1, '2019-03-06 09:36:11'),
('c712cca20711c7f35f9544a6760197b31729e027e668b17a723ec5cae376236253f699ca589f4668', '07db6e735423c1e79c490882800a98e822fed9af68b1dc302cb47ff81168ac2fdb84af669f1a609f', 1, '2019-03-08 08:51:00'),
('c82a15b70cdc3eff95a35c51c9bee58334db16a0cee0146a4aafff0470ba433e851f0bcb24cf9e1d', 'b862963d6f1235454d75ea50f210d7cdc24834677d14816c72dbc4152479393ba0bfecb79d77b601', 0, '2019-03-06 07:46:21'),
('c87602960c5118709b330132efde5361815fd414d82c428fad634b13d5455d5f3af953fa0c84785c', '8eca0ae453df07ec3a4b65c35447ef144e5c3f5a83fed39ee9f80ebc9f7e3061eb685c0afd7f62ce', 1, '2019-03-01 05:18:00'),
('c8d63a0313b09d11e2662b77ca168b4b7a240eebdebc702fe9f06c672ba690bad5721fa9b99c2827', '6a16d5b5c2c6797109003330b20e929845891a8930289c86a880ef822a43837536aebcffb5f00793', 0, '2019-03-08 01:40:09'),
('c9164e7522dd53280129ea5916f98c86c85e0c2df277aac674a7fc1f08669d44a23bd5d97a334df7', 'a7aa7bbe61941ba273168348cf45a6cf688511c89e62313eb7e07768976add88e9e5686bb0abfd51', 1, '2019-03-06 10:17:31'),
('c98a98f25e23276943e6baf7112ca9ce20e234bfce908bfdac0abe05d20f5d65f1f8691797abcdcf', '2e6b30c237066a5438eca43521cfe66c6531c32216587e2e516c0f22c246dd4b0e970114f1f24021', 1, '2019-03-06 04:50:38'),
('cb21fb29e87b38a9b67be3277903b96914d820621dec9fbc5a88bec164a6c30ffcba4ed5aaacce49', '5b74bea12dc555789c5b3e96676aac056c42662ac6ad72a3b66a2ee04cc8180672874e59a8a0d43b', 1, '2019-03-04 05:29:35'),
('cb97f1737307746b36e03b07bf67a09c99318c66a78e47ca66f8cf2cb81517fd27041239063ee46d', 'de2ccca093ceab8d9960dea2ea8edb627bf3bbd6e908661edb6288529c3c0c9aad9c3a65a583328d', 1, '2019-03-09 06:49:24'),
('cbd4270c73bdb173bfabf81c61b929decaee3484523b5b529bc473263d7b4c0bccd505a8d57e7c62', '77ffe37a2584a91695fcd5464d582ad6c14d27a229e2cf77ce18b918262295fcd72c36e05142e178', 0, '2018-03-30 07:10:59'),
('cdcb2db1053b56b7418413f635496a88a80ba0158e88a1b680fe9db9d1b750673cd06ee1e1b7d8e4', 'ea1f4aaa4c8d48738f21848b52f58d542d9c3b4f4d20a72d68c38ba9e1f811088771e4093c387058', 1, '2019-03-09 06:54:10'),
('cddaa4d472190b1db102694081fc320a9dbbd5e5b169583bd2841d20e6fbe1baff910be5eaec93c6', '0c0dbe43e210baaf7b33c09cf0e0ae31315785a1eb31a5c4d8377bd6d0ad0ee525774cf93dd82aca', 0, '2019-02-28 19:22:32'),
('cfa6804d978ec0336ebdbbcab99ed87cc33b267aad9ed45231e431c1917b54255e540a3bf394756e', 'd6bb3b08be3d6c0fe6761ba8fe6a1936ba501e660a0c5c563cba0092beffde925931286a2af181d1', 0, '2019-02-20 22:40:37'),
('d01ff883243dc067b9e5614b4f32845d5794d13f0659a5b822937a8533f50a916e79e13332298ede', 'f42b50a7be6c79719ba02b1839de0953662c3ce5a74a5909f30bd152a037d125834629457d1cfa7e', 0, '2019-01-05 18:13:09'),
('d0c491013675b159715cc74819769ea2437564622fb578eb5c32030bc95ab408a06b0f4cbcfbad7f', '3f76cc5853eccdb0e4137e47981c5db01b04519e0cdc83b5705761b9299548d9bf20d71e05cd153f', 1, '2019-03-02 07:41:42'),
('d0d3274c105b08105c2264161722609f44475341f108a70650c4193e008cd4a898ecea551b74967e', '68538dfb0658bc5af5772acce1aadbac8fecb3d07ec8b5bc0be30f099c0a6c6e1d0ff996994dbd3f', 0, '2019-03-06 09:29:44'),
('d15ab2268d77630f55479917f2010a2ea1eca2f610adafb12353955b2a521b6c58b8b70ef2204374', '3b10750a6d01107c3955a8a0c7526ac8826bb86e0981c4815220131aa8bb22317f1db8edcce3f7dc', 1, '2019-03-08 10:04:50'),
('d15d84642f24394c3428172a08173141a93a40e83d9b0e4eb22e4afb49feccf9a447035486c4a62d', '0dea996f75f5cfa3653982a589e7dc892e2057f0c9219c71b3f5896d553acc2e64e4f89be69c6901', 0, '2019-03-06 09:22:15'),
('d32f308e2c066adbbf0662680f64ee6214642b5ac5e1be90693b26f47d870aa0d753a61919dc3e6e', '3a2a52657fd14563bc1e9858ee4b1d92e45773e6299e10b24296ead049ac3e2b0887abd99e758b68', 1, '2019-03-09 10:05:48'),
('d367283aac2d5d8d0745532421d4e0101a654da17ff41e8e460a3b3fa58a7bac15596217f4803127', '46086cad683d3b2156ad42299d79e550378c9420086ad93a3beffa27a8dd57a42c40007fa54d06a8', 1, '2019-03-04 10:36:26'),
('d4610f4d59bb3dfc400ba2a98ace13918cf8e9fb9238b8134813ef817dadb44af57bc368535d3f27', '3d869dd0c5b27037a9f5971c5e2c58efe442a94e580460a3dee363630e368f2acee403a0946a1a51', 1, '2019-03-06 02:47:17'),
('d4c293bc62bb46b36901d05bc496077c3e6dca867c3e017a00a6cc3ffb3e238cf5c57956b6e9f46a', 'ae8df03742c86288f0eed1807e2a12c250335d65f8542d7314c78afad330f332f23baa865e374e55', 0, '2018-12-10 03:57:36'),
('d537baf44500c59aebc1cfca210e33d46da3bc31d0dd8fbece098c9e4b89640ae773ed7b72166215', '2fb9d22f755675b7869bf2f00c3650769835a34e70bf822037c845af2c19a9011a0a0ed97f90f0a2', 1, '2019-03-06 02:42:13'),
('d6b378b982239892f1fc64d68e5eab44b522b04d15bd182bc26d31f32c34af49e77464b520aebf54', '1737e38d3f8e50f90474d0efd8324adbc777f77a7ab6daab43a98a85645e607579305bf5dd2ea089', 0, '2019-02-28 19:21:18'),
('d76ef9364a6126b19f573213dfa1f7e7994e51fd2ea922edaacd83320a7aed0a18a5a6f6420304e7', 'a9243a864a8d19ab6558960a1989329f692ba1aa9b249cd26db58ed889f0b73faacd480c5ff9f269', 1, '2019-03-09 06:51:55'),
('d86b37585958d129f3f7dd394948be6448a0bf56bd2d6ccd6c79abebf38aa652092123ec05d5ebc0', '911a3fe323f6dba727c922aef705b596ac470deaa0c4bcf2336acd0215f9a85cd7320dc1946d0f70', 0, '2019-03-06 07:35:48'),
('d91c6de793461281202125089bcade374b73ce42dc922de5d5c2b4e94405d2b0a5147195add41c25', '1507a9d35367951ee7c9450bbf3b53e63afa462cfe7eecac46d64984e9ede610751d638c05cfc6ca', 1, '2019-03-08 08:30:34'),
('d973b67c0c3120be860dc9e67a506ea303f46907c5e2e71d19ddc2baa4020f4e758d0125289b6fc1', '11fbf26cc1f5bb8b5ec30c1eec8fa5d1a9a5818670b1653e6347df26aa5528703dd688847f7237c0', 1, '2019-03-06 10:10:45'),
('d9e1941b5f59c2b99cab9a2476067d5ca15d9d91bd0b65cfe6610513ecbc967ffeb55a931016a65b', 'c7c7b03c76659e9255b3e353955aa14bb574c36abd70344e7da90b07ac58945276a627e7aae6200e', 0, '2018-12-30 06:14:08'),
('da066837f1f336684982e3408287850fc6eb7378db72356c0cd385d2c55f34a13e9d60675172b150', '7aab3d0f95b5fda3cff3bdeb21a2a240a5993682483e2643caf7ae37361563e98f02bea1a4b20c89', 0, '2019-03-06 08:02:39'),
('da0b49cf0a4378c1dfe4dabda741c1e6c5a5c3e39f6f977a6f28eb187dd7660e1c487d10bed39cd3', '0e3b6af87a27906b71d3e0d63bfcdbb191b324d7e57d6296654c45e51b74532047fa00df1d3e0372', 1, '2019-03-09 20:56:59'),
('da1658c6b5d2419e748428a78122db8ffc9a2b2fd1a4a7c615fa940f9243b1240492703291c27cbb', '548a68276f4c5aa64261b09305ad5ab4d1b81ea4ad5de8eba9c6b702a64d0c8c256920f93d672d2f', 0, '2018-12-15 08:09:58'),
('da18e56d3d1b9668f9eb0886994e92d5d7e42b8aea4b3b4cf610384a08e52b5c2613158786f0caf1', '59557810e76cc8f735adeee288488bc8ddf9af4840343860ee0178e4aefced2807d7f2adcbe09a97', 1, '2019-03-09 10:26:25'),
('da8bdc62f34942b44a6b69dc4847627309ad94e4bf1114f3edc918f6509d42d2af369ea57f877147', '450a6d1e6fc4030c6c33cdeef159e20dfbae19c1dc7704996fdef520390b45d6308e5d649c25fccd', 0, '2019-02-28 20:34:06'),
('dcac1b7c7f11969438ae2f8ce5dc591dc5c0ef50190c2ebd30d91044b463882f3034cbe53bc4a252', 'cf68a56a7b80bc7f6c98995fc9dcf39434fe49a88039d680eb4410437a46f5e1279d2e4e74a678af', 1, '2019-02-28 23:43:03'),
('de154e608532341b2f8e639f36d0c6daf75ce946ab5740fbcb3de2ae2a9af87bba048a3580a55426', 'cc885cf1b46c679c0fd8114729a962af0c468b855e39d1f861315c4b06579ca93158140726bd0fa7', 1, '2019-03-09 09:23:21'),
('df389052fd8d36b2ff03cc0a22ef2f85aeb0c75e4e27eb5cd2cdb16db79ba7cf0842e9b62c31bd76', '7361bd16fc7381739181ad562ca8f58967abf0c2c4606d6a2534986fa894f67e9482d4c8552714da', 0, '2019-02-28 04:01:33'),
('df58ca2ab0162552eb626fb405d57cc258d763b6c2f54e90818bab15d9b3031b7ad9b82b2ddd9f23', '03bb0da35b2c5cbb602dcf43ecc54b07bbedf17b155e1bca7128a02008d2e464ad72f4ace80b7f51', 0, '2018-12-10 04:49:04'),
('df83b1e1acc7c2222c98df71b0676e18d76093bdd089e671318b37829f3524f1524546abaef529b5', 'c4b66e6406557401afa6282e2f777646dae1c3bd291d087efb97de5a24802069d22c6bf371bc641b', 0, '2019-02-28 05:07:48'),
('dfe15f15a8cda64be973db1d91bc9e5738baa17672ddb333b57701a5465f5d632350a16a70163c80', 'ee607fad9786b5310233db43a6f4af5f7b721e8ed994ecf15bde5d76e15a372fd70e6213b7a7f0f0', 1, '2019-03-09 11:13:38'),
('dff949d05b5040b66274ba77f8665b1a7778655be557e22728abd25029416e394db1833241882ec1', 'a94efacc6d9bcafd0ecfd5aa9e48f522921b722838374601037b25552cd8fe7936784f4fbf411894', 0, '2019-03-01 00:55:28'),
('e1693ba64b2f5fe954461cab346ea2e82d7e87163e663f10c30550f278f594d3fed8305f7e1bd191', 'bf57d8ef7fae07ab90a4bf829838cd90c0396f336ef21b5583eb733b562b274d4d96aa675bf33a63', 1, '2019-03-06 07:01:17'),
('e176ae0d03ebdeff93735f88469893019fee9e783ca9d1a2dfcbe938bef7934ff5bbc72b10fccda2', 'f2aec99c0bc5b008895b063d20ad747ddeba15e67c1c34a5b8a1dba6eaeb1a3307db4dfaeb6d1bee', 1, '2019-03-09 07:16:05'),
('e1a7ef45094b8d481c46232d2efc536c25977be2778d60d07a93c249c803a3db6e6bd1e25e168b3a', '47067e7bccedc09c6de8bc62315e8d1b03b82058b65998b93186cb32709668386211f93d31326188', 1, '2019-03-09 07:49:53'),
('e26172b27617a6c248585ce3ebb0efb00e35e93b6c70a4c96417c5fe403c5fcb568bb12eb9c275df', '3597f50bd9ddc6080f3c68a2c89e1b5472c3303b5b8db72df7c7a5c20cfe8ddbfd7b044deabd334b', 0, '2019-03-08 06:31:00'),
('e2c90d664f6f1cb8f19082d0def505b01bf6be6a12f45bc4143137c228a7d2dd15b1dc4a4eeaf621', '0001af0e942496711e7f416ff041945da0a20ba7862acd67f02cc5419677d53bd637b5d5d78bcc9f', 0, '2019-02-20 20:47:38'),
('e3e3c0cee3d8452effdcdbbe3178111c86c42eb7c89b27ea30814f3a6589100834b13c7e5edd4503', '3bc3628343073f13809687085a048359413d57a7f3acf42ad263740d75905f02eef30008b4485a1c', 1, '2019-03-06 06:59:51'),
('e3ffd44b82980195f05d5237f216541f5b3754fb8cc30a02eb413eafe06f7468e3684cbdaf99c8a0', 'f4b61fdc198a597f7e56065c19446db2d6483e6842dc72e56c03852e6d85a86fed02ca67cecdc1f3', 1, '2019-03-06 02:14:30'),
('e44762720649db957482faeba2dea936d37895ca0646bfca73238398f731aad88866c0e7a8f878c7', '80b1a183c860122208061e2baab8b0ee9776eabd7da65f8ae9cc5ddc0dd947ab5023b4632b1bc64b', 0, '2019-03-09 08:25:43'),
('e460b1a89f9b6373888459f1ec36ff2524b280ef7c0d8038af9a1cd7ef40f0385e0d3f8a92a65704', 'd77cbdf350530fc0b3b4f557488637fae5972855149381ed84e7691183fb46a463f60698f6e3ebbd', 1, '2019-03-09 10:01:54'),
('e473c3ade9a5e896fc6fbd51c7f6dd388d6c9208a0d6b2b74c512f58f738c64ed2fdd732e93cfbca', 'e542b004ecbe98ae989e08de020be12a323fe99d78d53639be7043a49940dc68956f04af2d3b061a', 1, '2019-03-09 21:04:53'),
('e56d5b928ae326ff32e768840c2a3b9e118cad878ac4d38031d7d7a607cb77241e03f9ea6838f0b2', 'e916004914335f483e61c9fd83e9335375f8af56f6bc7da94db0121663a0c713c3d293e85c02f00f', 1, '2019-03-09 06:47:28'),
('e6f5e519e785365f4cc91def1d885d1286f629ea0c0b1499056738d84e04ffef88907cf0e41f725e', 'ab79cd580cc42cb4ff0c2ddd080622de3afc61e18699e448244c983025a655b5261911876bf0f356', 0, '2019-03-06 09:26:54'),
('e7e2c87614a217422b210e319aee609779c658125df5ea66afb067b7a72a122c46b020a668d76157', '9bfb8478435e529760911f83edb7288034f5cea38bf43f1fe99d831cf22d29690e67f5a2187ae574', 0, '2019-02-20 20:50:19'),
('e8139377bbc023d3469077ffba5f69c2457ea67fa5be0f07466001811dc8ec43edfb0075b2c0beb2', 'fae58eba430b966132f8ef19cfa445ede407336750fe7db6b98b2a87b3a3a62e873ccc02ef4e3480', 1, '2019-03-04 06:36:21'),
('e82d6511b789c82d729fc1da970c0c0a4af163d7fe849d6e891c118a3d484f3d1d7fb738734a71ee', '395154d520cb39e9266927fb699f259350314814e19d1fde5e986ee24075654ac22c658b2587579e', 1, '2019-03-06 04:37:27'),
('e878a0ffe2e8086d0709fc863089ef1c2ecf3598ecb2492cfd35b0130b64dc988bb550671b53d5f1', '361589d3167e16f1c51fe824fcbc42d9ba0751e75deda413639c0ef461edbc513e87e0b2dbe5663e', 1, '2019-03-06 01:41:35'),
('e9429e5d7cec7587190299839012ad5b6374e32d74ca06dd2f959abe66d4fa69d5254072b62d43a9', '9eb869df72713782413fab4d7d63d9efd9b2d732f2a082444afd8c144a4d62f2130bd922c286271a', 1, '2019-03-06 04:57:51'),
('e9bbf30664a10b171edfc6fae2ec499dc59113558bfc316613bad60f5c2e8861bbe88a0ea5572688', 'cd258c4e49c8b3c3abf482c9b9093b2414bac7b8f7c09ba417270c5b918dc1c4fb65da68bf742cfb', 1, '2019-03-09 09:28:38'),
('eaa3cf5db71b887f534c60654c8958199b015a398f242ed21964697bbdc4a23f631c6c1287a196ed', '90a3d7b8c9fb2db47abf59c2cabac6cfc6f972bd907b70c3368758fa9b62f107328ec6d76d66705b', 0, '2018-12-22 22:18:16'),
('eab506516b7e016320653da3df6281cefb13c0cc0670844ee4add630b800c71d1d549381e1cc3bb3', 'b2f4cf0e6f170736353e514b0aeabefdbd681311da934e5c2a8cad57fdb388d86d8c63471b04ef58', 0, '2018-12-29 02:00:45'),
('eacdf40871395769eae874d717729081fbd0461c709c5b6a099e2583c7f02e369502ed28ed62797b', '9dc8cfa1c4a30b35062a9311aae326b122e0b2d969000814a59ca41b011e87887f951874a0be7211', 0, '2019-02-28 19:25:05'),
('eb4e7db45c459546fa432165f38bcdd9dcca801487fc96736a3a2129a3fdd4b882e547d830e62026', '07f35fd133d6588081410a0dcf641db5b260d1179ed5c30622f17b13ad9b46a8fdbc57fa1b39d594', 0, '2019-03-01 00:39:52'),
('eb578bc02e4eaec3ea658b0aceb8b050288c14d396cc08c556b20df1a0c53449bf6d7d3708cde78d', 'a726368a0200ffa8e3fd7119c33eb074b6a475a3d56b1db746d6755661c85d6accf8dfa3a0ec49d9', 0, '2018-12-15 09:21:37'),
('eb87972a938945429fd268200e1a2d95e86d8d4103ce9fa7a964361b106709689d3c183118af70ad', '07dccf8dcc91f865aae18f1dfde766b05d07256f48fdf5e1ce5a3793e8c59c46b43516343bf2f9fb', 0, '2018-12-17 19:41:44'),
('ec80c2a2ac6916e3c0f5b58e641b356c17b9f78c690878d8d33eb973da2b20a0bfae3851f81ce85c', '7258b8532f73b8b26f0e445716a614bdc84bc69f98d8b75c5b239189490512c2353537a1560a6428', 1, '2019-03-04 10:13:22'),
('ed0043d919d4ed6f26439bfd09c628801643d8e5f1015e039417de03d1aa307703740935005e315f', '701128baa95908ee6609b227f485d479d40648f790928417bc2824bbe0ea266a03d44a4f39127b14', 0, '2019-03-09 21:33:23'),
('ed0794cb788353e5fbcf0b01e74bfd413600ac1db543138b9dea1a430994400da96fa2a2925e2069', '3e57e43f2c7132360ce630ca96aa3f91c44ee9d04554482cfa41c3a7b7e66ace75672260d82b1bb9', 0, '2019-03-01 00:45:09'),
('eda3090e8d59c8a9607e9e1e95d0b5752caf41b0a1aa280d54ef161ea3b668e310e8ff080d9a83d3', 'e004af63b3c2a46adb60c3b2a7d6636297cde05bdd506f5a0e23cab4b1bee8b2d6047db05527b4c8', 0, '2019-02-27 22:06:01'),
('ee5814c43ecbc29fe34539a30f080f9c3060d1f98735852076a4fdf3f212fe1aa0ca9d9d8f75e86b', 'b46755f89f1e9b978540c65c166102b48778a5e154256e2496d7ae5ae9513c4fa4bb2e06aadbe78b', 0, '2018-12-10 04:03:12'),
('eee46ffb8b2e108bb3fbe96d109cec17fc14cf92ca1889bf77061aeb8a136ad0bb15fe8d354d10d5', 'd89cc48e55c169480ee740fa6c6304a4ce1ced7d64785144c303f488dbf9392bd0c8b003a89d88ed', 1, '2019-03-06 04:39:09'),
('ef266f7d04ff19ffd19ec9219558b8335fe31f5d6ff2865cfa821d9789a907dbe35b814751e7143a', '911f8bbc0f389a6d6c88c31dc1f771d2f6f1a77f2f4c222829f710363db56843a15d78e23ea93e5b', 1, '2019-03-01 05:24:08'),
('ef3ac834d552e36d1801f9c2d4dad3fb4e5b2b84275ee945da4ad5aa9bf97ad1ad7de785b704fd5d', 'b697328e3de30d49ec39be9327d554c8f6d4ad7882818ac08f714187444412fffa032e19ec505cac', 1, '2019-03-04 10:44:08'),
('ef52a93079d670a421e53b7f02376951ae2ab0fd359f63c1ca9a65288216f539f11c8ef38ef795c6', '7f99f9da864cebbec4013a9f898f9582e985305f730aef3717694583d13669306bace578a3467840', 1, '2019-03-04 05:40:13'),
('ef9f10fcbf4c2971bfbdf74f22e3bb1ee7d9643df77d07fd1144f9f59b6954956cac479e5c7df7ba', '987f416849fcb8ae88b24c2105327238ffde7d61a16ee33e933a09ceb00afe161b0e4e96c949459a', 0, '2019-03-06 09:29:49'),
('f0952be72a57015fb096150d10a8c6e4b3e7efec6a3ef9101b5c2de2b58cc88d6097b4d96f0ba787', '504b7e9e0d67ce1cd14fb6d5393c0caceaf5d260c5502ed454fd5efe6742146f2e25c5f479473aee', 1, '2019-03-06 11:05:52'),
('f1ad0bc78c04e2397112fe42e6f388e0e17437549906ee9d309f20fb5713da7a19c08759c5a6655c', '5dcc08838b1afcea48effb7f7e21f65162d8ebd2d0c5538ee9c043021dbe9de7fcd24227f3fcdf63', 1, '2019-03-02 04:54:16'),
('f2806d5007c3e0eb524ab68ed7a39e42406a2ef2d025e056a1ea4255a771e373afc79a6801368182', '2e7d6dd73fe4712d95b986d20068d1276221aec78e27c09f13175f085a3cc98c7fb9cf8ac5f57002', 1, '2019-03-04 06:06:01'),
('f34c278b8df2b6ce2102d992e17986bf3b00077fe90e851cbefb6cdd34bfc7bdcb03d275c9a1c19b', '0de52e3073cb2a1975b43306823f34f8776e4e574b62ba590038cf246e733cba0788e09309e1b3e6', 1, '2019-03-09 09:43:20'),
('f364d2826c71274e6642cfadc2c1d2057be431a9db0859818bfbf21b378c0b66b8b02a4ea6955972', '5a62aa5b45a1c7afb6cc0b93da216dc546e817f73e0162c951b9e47d336ff1132bea8347e788b2e3', 1, '2019-03-04 04:45:46'),
('f3763d93f07f6bdf329ac58b68c4b5b73b8eb365d7e577656d8f3daea14bffd864806a0b67ab1438', 'dcf06a3f13659063024ae9f74ff078ff8fa038fd1af8e4702d9baf2c66f3a5942f17a411988d7921', 0, '2018-12-15 09:17:54'),
('f4a6c690f91cc0834b0a15a32b31d18c6f45ecd51b6e9580c71b2999330e7d8585c8a690dfb62c37', '6bb43a5aa11dd277405d69aa0e11992da7a2d21fd9d4024caa2aaf57294fbff6a73ba86ffff66134', 0, '2019-03-02 04:50:53'),
('f62d2e8c00d958647e14cf87b9c3d3643b4e71a6cff42940e268c1528da573c90018bd29c0e5932c', '510325c55bedc6aaed8627080e6c8edcc2d18d8456ebbf9c0fc965ea5e4f83eb2054d9016e13fb56', 0, '2019-03-01 04:49:13'),
('f7f66fb70c41a53ca0ed34c38ba33ebb892c5fa12fecac85a0b49328badc971b9c537929c7fd1399', '62c1e441bc1763dd8d7f0df3fc987f490cfa5d5438de6c1cb332f3042e9feee2f49e55f8dc413c65', 0, '2019-02-20 20:42:13'),
('f8f6e42ebd91c889a73bdc20c2731dd73039228a9edc6303330909edee7f713971a041d9f6eb675c', 'e0cc382b82792cef979fed2691b9008f80d852513edcc293d0a56d4738f3de1029532a1c53015d93', 1, '2019-03-04 05:31:34'),
('f9670dcce1fa960fbf654fdec3741bb4934498dd1f4e95b450ea793899711db8d1ca0ccdfb177520', '610a3667bbc5bd03931135941b24e963e7c842a0a9f8b73f27461afa688e00410a2497bc655e6a28', 0, '2018-12-23 06:36:09'),
('f99f05bacb8ffe854a5e85fd4daeaff8ed8f7b80e89d49d9895cf32a4d318db29dbf2ed44550689b', '0fc3a49412e3ab323c3095c58a12e1ecfeb9a0a4f754179225f20e1af38dde690cb7aab35a00b682', 1, '2019-03-06 05:06:00'),
('fa1f0ecedcd6b01ac664eeba3616d21ba8be1ea6011ee87a614cd7209774a430cfd192e08912a6a8', 'd5f1dbd37d9f273a0f728ba636effd9a034fcf6bb112725c10a9b2f30956156a6f7a25563ed80ff2', 0, '2019-03-06 07:13:50'),
('fa376074f7eb8ccf08326dc03a34d3ffe12a040e72c8878d774dbf765cfb5a961e87e936a85de96d', 'cabe1f63b6f7a48f382af8e3293327c81ecd2b266ee6368d3561753dcd6741b7b8de8b2ebb7b05ad', 0, '2018-12-21 08:35:19'),
('fa5a01e3c146a5bb85669f02bce81d419effc1da2340185aeb77de3648616f3d7a34b8778d2d1ed8', 'bb3bd9defc6fa106ea4cd6e1c11f0f412514d1cf3e7a45eb0732ee7cf51675d49ece38a291abafc7', 1, '2019-03-09 03:23:37'),
('fba235e72a18afbf8371be3f00c5127916fc29b2631e29b3178747dfba4570f8a9f7ce0c47467e51', 'b918ff8b4ff4a5c8b2e5c54ee11e4a8cd05370d70452191a6961af7840790b4ea1951d69e71c1e40', 1, '2019-03-01 00:41:39'),
('fc51e2b9bad271c6ca7a29c8348b22f01bd752715bc2bfa362fb761532ada14bf2424d029bcc43b0', 'a0b2afc34a026faf34963921d6c0c1c0867e28a3cf02c71d0a8833930c2571586b3418ced7839da6', 1, '2019-03-09 09:48:02'),
('fc62bfec0d25e749e0c9b636be8a25143cbc0be969feb9470d0abe513f56fa36122c8a5c2ce336c7', '3fbf9670848cd0c1cc984577e874b136767e2dbcedb67095b9bddbbeb451561d7ea2496b199d998a', 1, '2019-03-09 06:42:19'),
('fcf61f792881e3f4f7781008d9f083992ba743f21a3b4357039658868c668f4c4340a0eb75590d0f', 'c8ae7c7082cb2faa0bb2baebbbfa8576f0ef67596bd612ac2d5a2867b91f64d6579f3c9768686b2f', 1, '2019-03-09 10:06:28'),
('fd4d5c244c6f94fbbeb97e33b9008ba5fad3d00c3fb2b2e3a4838d62d2335a9f9c7c228fd5867da1', '4c41caf65df0d68fdb8fb50200e0ec92ba76431c94bb84998112cddac6ecd2d2ff9123b95ff9c83f', 1, '2019-03-01 04:22:03'),
('fee64e1fceeb6d142484f6fa2b51633a84414c2c7aa306434ab85c55c788746791b8474eb66d33e9', 'caa347ad9147ee8d03fa915c909c05500748f5fb8d688a7c999ad908d5216ca8afd50afdad210971', 1, '2019-03-06 11:49:19'),
('ff05791b94c1ac327ae4b39cc7ae1409ab7bc2d2c7505e5df4333c62e0cbcf81bae2632d456f8f7f', '40dcc822ccc86a4b5aa9baa46095a26754c4d95afa179a3ec78c340d209e8579dd36d79b5b540682', 1, '2019-03-09 09:42:24'),
('ff6fef3c4b3d7d97973683261ec86249d3a4adac112f08b1e74c3fdfd669e4369ac34c784bf5c227', '0b8c62b4c9b94ce64c65bdfe09896ea3b0542229d8d7d1e3ba473063ed2e549b71314dacd5f3fa3f', 1, '2019-03-06 05:16:03'),
('ffa425a64725f40345458cd8064dbd026562f8b865253ca49c8bb289d1da481cecd29fce5de385e1', 'a61a809a1eebc7243845ffe194c24bcc3b31dec70007d430dec88af54cdb63e326f7cc38791a92b7', 0, '2019-03-08 07:12:21');

-- --------------------------------------------------------

--
-- Estructura de tabla para la tabla `password_resets`
--

CREATE TABLE `password_resets` (
  `email` varchar(255) COLLATE utf8mb4_unicode_ci NOT NULL,
  `token` varchar(255) COLLATE utf8mb4_unicode_ci NOT NULL,
  `created_at` timestamp NULL DEFAULT NULL
) ENGINE=InnoDB DEFAULT CHARSET=utf8mb4 COLLATE=utf8mb4_unicode_ci;

-- --------------------------------------------------------

--
-- Estructura de tabla para la tabla `ranch`
--

CREATE TABLE `ranch` (
  `id` int(11) UNSIGNED NOT NULL,
  `code` varchar(3) DEFAULT NULL,
  `name` varchar(45) DEFAULT NULL
) ENGINE=InnoDB DEFAULT CHARSET=latin1;

--
-- Volcado de datos para la tabla `ranch`
--

INSERT INTO `ranch` (`id`, `code`, `name`) VALUES
(1, '000', 'Macias ANDRES'),
(2, '001', 'Jaime Ramires-RafaSV'),
(3, '002', 'Delfina'),
(4, '003', 'Alan'),
(5, '004', 'Francisco solis-asparagus'),
(6, '005', 'Hugo-squash'),
(7, '006', 'Humberto-Porvenir'),
(8, '007', 'Thai Basil-Jaime'),
(9, '008', 'Lalo - mexicali'),
(10, '009', 'Montoya - Tecate'),
(11, '010', 'Eduardo Moreno - La mision'),
(12, '011', 'Fernando Murillo - Maneadero'),
(13, '012', 'WEST COAST'),
(14, '013', 'ALVARO MACIAS LA PAZ'),
(15, '014', 'TERE PALIOMINO'),
(16, '015', 'RANCHO AGEO'),
(17, '016', 'COMERCIALIZADORA OLMOS'),
(18, '017', 'CARLOS MARGUERUM'),
(19, '018', 'PC AND SONS'),
(20, '019', 'RAYOSA'),
(21, '020', 'RANCHO SILVANO'),
(22, '021', 'JORGE ZAZUETA - SINALOA'),
(23, '022', 'CONQUISTA LAP');

-- --------------------------------------------------------

--
-- Estructura de tabla para la tabla `receive_order`
--

CREATE TABLE `receive_order` (
  `id` int(11) UNSIGNED NOT NULL,
  `code` varchar(8) DEFAULT NULL,
  `user_id` int(11) DEFAULT NULL,
  `ranch_id` int(11) DEFAULT NULL,
  `status` tinyint(1) UNSIGNED NOT NULL DEFAULT '1',
  `received` datetime DEFAULT NULL,
  `temperature` varchar(3) DEFAULT NULL,
  `updated_at` datetime DEFAULT NULL,
  `created_at` datetime DEFAULT NULL
) ENGINE=InnoDB DEFAULT CHARSET=latin1;

--
-- Volcado de datos para la tabla `receive_order`
--

INSERT INTO `receive_order` (`id`, `code`, `user_id`, `ranch_id`, `status`, `received`, `temperature`, `updated_at`, `created_at`) VALUES
(1, 'R-000001', 1, 5, 3, '2017-09-25 00:00:00', '0', '2017-12-24 23:27:03', '2017-12-23 01:58:04'),
(2, 'R-000002', 1, 1, 3, '2017-09-26 00:00:00', '0', '2017-12-24 23:27:03', '2017-12-23 01:58:04'),
(3, 'R-000003', 1, 2, 3, '2017-09-26 00:00:00', '0', '2017-12-24 23:27:03', '2017-12-23 01:58:04'),
(4, 'R-000004', 1, 1, 3, '2017-09-27 00:00:00', '0', '2017-12-24 23:27:03', '2017-12-23 01:58:04'),
(5, 'R-000005', 1, 4, 3, '2017-09-27 00:00:00', '0', '2017-12-24 23:27:03', '2017-12-23 01:58:04'),
(6, 'R-000006', 1, 2, 3, '2017-09-27 00:00:00', '0', '2017-12-24 23:27:03', '2017-12-23 01:58:04'),
(7, 'R-000007', 1, 5, 3, '2017-09-28 00:00:00', '0', '2017-12-24 23:27:03', '2017-12-23 01:58:04'),
(8, 'R-000008', 1, 2, 3, '2017-09-29 00:00:00', '0', '2017-12-24 23:27:03', '2017-12-23 01:58:04'),
(9, 'R-000009', 1, 1, 3, '2017-09-29 00:00:00', '0', '2017-12-24 23:27:03', '2017-12-23 01:58:04'),
(10, 'R-000010', 1, 2, 3, '2017-09-30 00:00:00', '0', '2017-12-24 23:27:03', '2017-12-23 01:58:04'),
(11, 'R-000011', 1, 3, 3, '2017-10-01 00:00:00', '0', '2017-12-24 23:27:03', '2017-12-23 01:58:04'),
(12, 'R-000012', 1, 2, 3, '2017-10-01 00:00:00', '0', '2017-12-24 23:27:03', '2017-12-23 01:58:04'),
(13, 'R-000013', 1, 3, 3, '2017-10-02 00:00:00', '0', '2017-12-24 23:27:03', '2017-12-23 01:58:04'),
(14, 'R-000014', 1, 2, 3, '2017-10-02 00:00:00', '0', '2017-12-24 23:27:03', '2017-12-23 01:58:04'),
(15, 'R-000015', 1, 2, 3, '2017-10-03 00:00:00', '0', '2017-12-24 23:27:03', '2017-12-23 01:58:04'),
(16, 'R-000016', 1, 2, 3, '2017-10-04 00:00:00', '0', '2017-12-24 23:27:03', '2017-12-23 01:58:04'),
(17, 'R-000017', 1, 3, 3, '2017-10-04 00:00:00', '0', '2017-12-24 23:27:03', '2017-12-23 01:58:04'),
(18, 'R-000018', 1, 5, 3, '2017-10-04 00:00:00', '0', '2017-12-24 23:27:03', '2017-12-23 01:58:04'),
(19, 'R-000019', 1, 2, 3, '2017-10-05 00:00:00', '0', '2017-12-24 23:27:03', '2017-12-23 01:58:04'),
(20, 'R-000020', 1, 3, 3, '2017-10-05 00:00:00', '0', '2017-12-24 23:27:03', '2017-12-23 01:58:04'),
(21, 'R-000021', 1, 4, 3, '2017-10-05 00:00:00', '0', '2017-12-24 23:27:03', '2017-12-23 01:58:04'),
(22, 'R-000022', 1, 2, 3, '2017-10-07 00:00:00', '0', '2017-12-24 23:27:03', '2017-12-23 01:58:04'),
(23, 'R-000023', 1, 3, 3, '2017-10-07 00:00:00', '0', '2017-12-24 23:27:03', '2017-12-23 01:58:04'),
(24, 'R-000024', 1, 2, 3, '2017-10-07 00:00:00', '0', '2017-12-24 23:27:03', '2017-12-23 01:58:04'),
(25, 'R-000025', 1, 3, 3, '2017-10-07 00:00:00', '0', '2017-12-24 23:27:03', '2017-12-23 01:58:04'),
(26, 'R-000026', 1, 5, 3, '2017-10-08 00:00:00', '0', '2017-12-24 23:27:03', '2017-12-23 01:58:04'),
(27, 'R-000027', 1, 2, 3, '2017-10-09 00:00:00', '0', '2017-12-24 23:27:03', '2017-12-23 01:58:04'),
(28, 'R-000028', 1, 3, 3, '2017-10-09 00:00:00', '0', '2017-12-24 23:27:03', '2017-12-23 01:58:04'),
(29, 'R-000029', 1, 6, 3, '2017-10-10 00:00:00', '0', '2017-12-24 23:27:03', '2017-12-23 01:58:04'),
(30, 'R-000030', 1, 3, 3, '2017-10-10 00:00:00', '0', '2017-12-24 23:27:03', '2017-12-23 01:58:04'),
(31, 'R-000031', 1, 5, 3, '2017-10-12 00:00:00', '0', '2017-12-24 23:27:03', '2017-12-23 01:58:04'),
(32, 'R-000032', 1, 6, 3, '2017-10-13 00:00:00', '0', '2017-12-24 23:27:03', '2017-12-23 01:58:04'),
(33, 'R-000033', 1, 2, 3, '2017-10-13 00:00:00', '0', '2017-12-24 23:27:03', '2017-12-23 01:58:04'),
(34, 'R-000034', 1, 3, 3, '2017-10-13 00:00:00', '0', '2017-12-24 23:27:03', '2017-12-23 01:58:04'),
(35, 'R-000035', 1, 2, 3, '2017-10-13 00:00:00', '0', '2017-12-24 23:27:03', '2017-12-23 01:58:04'),
(36, 'R-000036', 1, 5, 3, '2017-10-15 00:00:00', '0', '2017-12-24 23:27:03', '2017-12-23 01:58:04'),
(37, 'R-000037', 1, 2, 3, '2017-10-15 00:00:00', '0', '2017-12-24 23:27:03', '2017-12-23 01:58:04'),
(38, 'R-000038', 1, 3, 3, '2017-10-15 00:00:00', '0', '2017-12-24 23:27:03', '2017-12-23 01:58:04'),
(39, 'R-000039', 1, 2, 3, '2017-10-17 00:00:00', '0', '2017-12-24 23:27:03', '2017-12-23 01:58:04'),
(40, 'R-000040', 1, 7, 3, '2017-10-17 00:00:00', '0', '2017-12-24 23:27:03', '2017-12-23 01:58:04'),
(41, 'R-000041', 1, 8, 3, '2017-10-18 00:00:00', '0', '2017-12-24 23:27:03', '2017-12-23 01:58:04'),
(42, 'R-000042', 1, 2, 3, '2017-10-18 00:00:00', '0', '2017-12-24 23:27:03', '2017-12-23 01:58:04'),
(43, 'R-000043', 1, 3, 3, '2017-10-18 00:00:00', '0', '2017-12-24 23:27:03', '2017-12-23 01:58:04'),
(44, 'R-000044', 1, 7, 3, '2017-10-18 00:00:00', '0', '2017-12-24 23:27:03', '2017-12-23 01:58:04'),
(45, 'R-000045', 1, 9, 3, '2017-10-18 00:00:00', '0', '2017-12-24 23:27:03', '2017-12-23 01:58:04'),
(46, 'R-000046', 1, 3, 3, '2017-10-20 00:00:00', '0', '2017-12-24 23:27:03', '2017-12-23 01:58:04'),
(47, 'R-000047', 1, 2, 3, '2017-10-20 00:00:00', '0', '2017-12-24 23:27:03', '2017-12-23 01:58:04'),
(48, 'R-000048', 1, 7, 3, '2017-10-20 00:00:00', '0', '2017-12-24 23:27:03', '2017-12-23 01:58:04'),
(49, 'R-000049', 1, 9, 3, '2017-10-20 00:00:00', '0', '2017-12-24 23:27:03', '2017-12-23 01:58:04'),
(50, 'R-000050', 1, 3, 3, '2017-10-21 00:00:00', '0', '2017-12-24 23:27:03', '2017-12-23 01:58:04'),
(51, 'R-000051', 1, 7, 3, '2017-10-21 00:00:00', '0', '2017-12-24 23:27:03', '2017-12-23 01:58:04'),
(52, 'R-000052', 1, 2, 3, '2017-10-21 00:00:00', '0', '2017-12-24 23:27:03', '2017-12-23 01:58:04'),
(53, 'R-000053', 1, 9, 3, '2017-10-21 00:00:00', '0', '2017-12-24 23:27:03', '2017-12-23 01:58:04'),
(54, 'R-000054', 1, 10, 3, '2017-10-22 00:00:00', '0', '2017-12-24 23:27:03', '2017-12-23 01:58:04'),
(55, 'R-000055', 1, 7, 3, '2017-10-23 00:00:00', '0', '2017-12-24 23:27:03', '2017-12-23 01:58:04'),
(56, 'R-000056', 1, 2, 3, '2017-10-24 00:00:00', '0', '2017-12-24 23:27:03', '2017-12-23 01:58:04'),
(57, 'R-000057', 1, 3, 3, '2017-10-24 00:00:00', '0', '2017-12-24 23:27:03', '2017-12-23 01:58:04'),
(58, 'R-000058', 1, 7, 3, '2017-10-24 00:00:00', '0', '2017-12-24 23:27:03', '2017-12-23 01:58:04'),
(59, 'R-000059', 1, 8, 3, '2017-10-25 00:00:00', '0', '2017-12-24 23:27:03', '2017-12-23 01:58:04'),
(60, 'R-000060', 1, 7, 3, '2017-10-25 00:00:00', '0', '2017-12-24 23:27:03', '2017-12-23 01:58:04'),
(61, 'R-000061', 1, 11, 3, '2017-10-26 00:00:00', '0', '2017-12-24 23:27:03', '2017-12-23 01:58:04'),
(62, 'R-000062', 1, 3, 3, '2017-10-26 00:00:00', '0', '2017-12-24 23:27:03', '2017-12-23 01:58:04'),
(63, 'R-000063', 1, 3, 3, '2017-10-26 00:00:00', '0', '2017-12-24 23:27:03', '2017-12-23 01:58:04'),
(64, 'R-000064', 1, 6, 3, '2017-10-26 00:00:00', '0', '2017-12-24 23:27:03', '2017-12-23 01:58:04'),
(65, 'R-000065', 1, 7, 3, '2017-10-26 00:00:00', '0', '2017-12-24 23:27:03', '2017-12-23 01:58:04'),
(66, 'R-000066', 1, 7, 3, '2017-10-26 00:00:00', '0', '2017-12-24 23:27:03', '2017-12-23 01:58:04'),
(67, 'R-000067', 1, 2, 3, '2017-10-26 00:00:00', '0', '2017-12-24 23:27:03', '2017-12-23 01:58:04'),
(68, 'R-000068', 1, 7, 3, '2017-10-27 00:00:00', '0', '2017-12-24 23:27:03', '2017-12-23 01:58:04'),
(69, 'R-000069', 1, 2, 3, '2017-10-28 00:00:00', '0', '2017-12-24 23:27:03', '2017-12-23 01:58:04'),
(70, 'R-000070', 1, 3, 3, '2017-10-28 00:00:00', '0', '2017-12-24 23:27:03', '2017-12-23 01:58:04'),
(71, 'R-000071', 1, 7, 3, '2017-10-28 00:00:00', '0', '2017-12-24 23:27:03', '2017-12-23 01:58:04'),
(72, 'R-000072', 1, 2, 3, '2017-10-30 00:00:00', '0', '2017-12-24 23:27:03', '2017-12-23 01:58:04'),
(73, 'R-000073', 1, 3, 3, '2017-10-30 00:00:00', '0', '2017-12-24 23:27:03', '2017-12-23 01:58:04'),
(74, 'R-000074', 1, 7, 3, '2017-10-30 00:00:00', '0', '2017-12-24 23:27:03', '2017-12-23 01:58:04'),
(75, 'R-000075', 1, 8, 3, '2017-10-30 00:00:00', '0', '2017-12-24 23:27:03', '2017-12-23 01:58:04'),
(76, 'R-000076', 1, 2, 3, '2017-11-01 00:00:00', '0', '2017-12-24 23:27:03', '2017-12-23 01:58:04'),
(77, 'R-000077', 1, 12, 3, '2017-11-01 00:00:00', '0', '2017-12-24 23:27:03', '2017-12-23 01:58:04'),
(78, 'R-000078', 1, 7, 3, '2017-11-01 00:00:00', '0', '2017-12-24 23:27:03', '2017-12-23 01:58:04'),
(79, 'R-000079', 1, 8, 3, '2017-11-01 00:00:00', '0', '2017-12-24 23:27:03', '2017-12-23 01:58:04'),
(80, 'R-000080', 1, 7, 3, '2017-11-02 00:00:00', '0', '2017-12-24 23:27:03', '2017-12-23 01:58:04'),
(81, 'R-000081', 1, 6, 3, '2017-11-03 00:00:00', '0', '2017-12-24 23:27:03', '2017-12-23 01:58:04'),
(82, 'R-000082', 1, 7, 3, '2017-11-03 00:00:00', '0', '2017-12-24 23:27:03', '2017-12-23 01:58:04'),
(83, 'R-000083', 1, 8, 3, '2017-11-03 00:00:00', '0', '2017-12-24 23:27:03', '2017-12-23 01:58:04'),
(84, 'R-000084', 1, 7, 3, '2017-11-03 00:00:00', '0', '2017-12-24 23:27:03', '2017-12-23 01:58:04'),
(85, 'R-000085', 1, 2, 3, '2017-11-04 00:00:00', '0', '2017-12-24 23:27:03', '2017-12-23 01:58:04'),
(86, 'R-000086', 1, 6, 3, '2017-11-04 00:00:00', '0', '2017-12-24 23:27:03', '2017-12-23 01:58:04'),
(87, 'R-000087', 1, 9, 3, '2017-11-05 00:00:00', '0', '2017-12-24 23:27:03', '2017-12-23 01:58:04'),
(88, 'R-000088', 1, 7, 3, '2017-11-07 00:00:00', '0', '2017-12-24 23:27:03', '2017-12-23 01:58:04'),
(89, 'R-000089', 1, 15, 3, '2017-11-08 00:00:00', '0', '2017-12-24 23:27:03', '2017-12-23 01:58:04'),
(90, 'R-000090', 1, 12, 3, '2017-11-08 00:00:00', '0', '2017-12-24 23:27:03', '2017-12-23 01:58:04'),
(91, 'R-000091', 1, 7, 3, '2017-11-08 00:00:00', '0', '2017-12-24 23:27:03', '2017-12-23 01:58:04'),
(92, 'R-000092', 1, 12, 3, '2017-11-09 00:00:00', '0', '2017-12-24 23:27:03', '2017-12-23 01:58:04'),
(93, 'R-000093', 1, 7, 3, '2017-11-09 00:00:00', '0', '2017-12-24 23:27:03', '2017-12-23 01:58:04'),
(94, 'R-000094', 1, 12, 3, '2017-11-09 00:00:00', '0', '2017-12-24 23:27:03', '2017-12-23 01:58:04'),
(95, 'R-000095', 1, 1, 3, '2017-11-10 00:00:00', '0', '2017-12-24 23:27:03', '2017-12-23 01:58:04'),
(96, 'R-000096', 1, 12, 3, '2017-11-10 00:00:00', '0', '2017-12-24 23:27:03', '2017-12-23 01:58:04'),
(97, 'R-000097', 1, 1, 3, '2017-11-10 00:00:00', '0', '2017-12-24 23:27:03', '2017-12-23 01:58:04'),
(98, 'R-000098', 1, 7, 3, '2017-11-10 00:00:00', '0', '2017-12-24 23:27:03', '2017-12-23 01:58:04'),
(99, 'R-000099', 1, 7, 3, '2017-11-11 00:00:00', '0', '2017-12-24 23:27:03', '2017-12-23 01:58:04'),
(100, 'R-000100', 1, 12, 3, '2017-11-11 00:00:00', '0', '2017-12-24 23:27:03', '2017-12-23 01:58:04'),
(101, 'R-000101', 1, 12, 3, '2017-11-11 00:00:00', '0', '2017-12-24 23:27:03', '2017-12-23 01:58:04'),
(102, 'R-000102', 1, 12, 3, '2017-11-13 00:00:00', '62', '2017-12-24 23:27:03', '2017-12-23 01:58:04'),
(103, 'R-000103', 1, 1, 3, '2017-11-13 00:00:00', '70', '2017-12-24 23:27:03', '2017-12-23 01:58:04'),
(104, 'R-000104', 1, 13, 3, '2017-11-13 00:00:00', '40', '2017-12-24 23:27:03', '2017-12-23 01:58:04'),
(105, 'R-000105', 1, 14, 3, '2017-11-13 00:00:00', '59', '2017-12-24 23:27:03', '2017-12-23 01:58:04'),
(106, 'R-000106', 1, 8, 3, '2017-11-13 00:00:00', '59.', '2017-12-24 23:27:03', '2017-12-23 01:58:04'),
(107, 'R-000107', 1, 14, 3, '2017-11-13 00:00:00', '61', '2017-12-24 23:27:03', '2017-12-23 01:58:04'),
(108, 'R-000108', 1, 7, 3, '2017-11-14 00:00:00', '58', '2017-12-24 23:27:03', '2017-12-23 01:58:04'),
(109, 'R-000109', 1, 1, 3, '2017-11-14 00:00:00', '65', '2017-12-24 23:27:03', '2017-12-23 01:58:04'),
(110, 'R-000110', 1, 7, 3, '2017-11-14 00:00:00', '80', '2017-12-24 23:27:03', '2017-12-23 01:58:04'),
(111, 'R-000111', 1, 7, 3, '2017-11-14 00:00:00', '0', '2017-12-24 23:27:03', '2017-12-23 01:58:04'),
(112, 'R-000112', 1, 12, 3, '2017-11-16 00:00:00', '67', '2017-12-24 23:27:03', '2017-12-23 01:58:04'),
(113, 'R-000113', 1, 14, 3, '2017-11-16 00:00:00', '0', '2017-12-24 23:27:03', '2017-12-23 01:58:04'),
(114, 'R-000114', 1, 14, 3, '2017-11-16 00:00:00', '0', '2017-12-24 23:27:03', '2017-12-23 01:58:04'),
(115, 'R-000115', 1, 14, 3, '2017-11-16 00:00:00', '0', '2017-12-24 23:27:03', '2017-12-23 01:58:04'),
(116, 'R-000116', 1, 9, 3, '2017-11-19 00:00:00', '0', '2017-12-24 23:27:03', '2017-12-23 01:58:04'),
(117, 'R-000117', 1, 6, 3, '2017-11-19 00:00:00', '0', '2017-12-24 23:27:03', '2017-12-23 01:58:04'),
(118, 'R-000118', 1, 7, 3, '2017-11-17 00:00:00', '70', '2017-12-24 23:27:03', '2017-12-23 01:58:04'),
(119, 'R-000119', 1, 7, 3, '2017-11-17 00:00:00', '68', '2017-12-24 23:27:03', '2017-12-23 01:58:04'),
(120, 'R-000120', 1, 7, 3, '2017-11-18 00:00:00', '67', '2017-12-24 23:27:03', '2017-12-23 01:58:04'),
(121, 'R-000121', 1, 7, 3, '2017-11-18 00:00:00', '65', '2017-12-24 23:27:03', '2017-12-23 01:58:04'),
(122, 'R-000122', 1, 1, 3, '2017-11-18 00:00:00', '0', '2017-12-24 23:27:03', '2017-12-23 01:58:04'),
(123, 'R-000123', 1, 7, 3, '2017-11-19 00:00:00', '0', '2017-12-24 23:27:03', '2017-12-23 01:58:04'),
(124, 'R-000124', 1, 14, 3, '2017-11-19 00:00:00', '0', '2017-12-24 23:27:03', '2017-12-23 01:58:04'),
(125, 'R-000125', 1, 15, 3, '2017-11-19 00:00:00', '0', '2017-12-24 23:27:03', '2017-12-23 01:58:04'),
(126, 'R-000126', 1, 15, 3, '2017-11-19 00:00:00', '0', '2017-12-24 23:27:03', '2017-12-23 01:58:04'),
(127, 'R-000127', 1, 7, 3, '2017-11-20 00:00:00', '56', '2017-12-24 23:27:03', '2017-12-23 01:58:04'),
(128, 'R-000128', 1, 7, 3, '2017-11-20 00:00:00', '63', '2017-12-24 23:27:03', '2017-12-23 01:58:04'),
(129, 'R-000130', 1, 1, 3, '2017-11-20 00:00:00', '55', '2017-12-24 23:27:03', '2017-12-23 01:58:04'),
(130, 'R-000131', 1, 7, 3, '2017-11-20 00:00:00', '69', '2017-12-24 23:27:03', '2017-12-23 01:58:04'),
(131, 'R-000132', 1, 7, 3, '2017-11-21 00:00:00', '0', '2017-12-24 23:27:03', '2017-12-23 01:58:04'),
(132, 'R-000133', 1, 7, 3, '2017-11-21 00:00:00', '70', '2017-12-24 23:27:03', '2017-12-23 01:58:04'),
(133, 'R-000134', 1, 13, 3, '2017-11-21 00:00:00', '50.', '2017-12-24 23:27:03', '2017-12-23 01:58:04'),
(134, 'R-000135', 1, 14, 3, '2017-11-21 00:00:00', '0', '2017-12-24 23:27:03', '2017-12-23 01:58:04'),
(135, 'R-000136', 1, 14, 3, '2017-11-22 00:00:00', '0', '2017-12-24 23:27:03', '2017-12-23 01:58:04'),
(136, 'R-000137', 1, 1, 3, '2017-11-22 00:00:00', '0', '2017-12-24 23:27:03', '2017-12-23 01:58:04'),
(137, 'R-000138', 1, 7, 3, '2017-11-22 00:00:00', '56', '2017-12-24 23:27:03', '2017-12-23 01:58:04'),
(138, 'R-000139', 1, 16, 3, '2017-11-23 00:00:00', '56', '2017-12-24 23:27:03', '2017-12-23 01:58:04'),
(139, 'R-000140', 1, 1, 3, '2017-11-23 00:00:00', '0', '2017-12-24 23:27:03', '2017-12-23 01:58:04'),
(140, 'R-000141', 1, 7, 3, '2017-11-24 00:00:00', '56', '2017-12-24 23:27:03', '2017-12-23 01:58:04'),
(141, 'R-000142', 1, 7, 3, '2017-11-24 00:00:00', '56', '2017-12-24 23:27:03', '2017-12-23 01:58:04'),
(142, 'R-000143', 1, 6, 3, '2017-11-25 00:00:00', '0', '2017-12-24 23:27:03', '2017-12-23 01:58:04'),
(143, 'R-000144', 1, 15, 3, '2017-11-25 00:00:00', '48', '2017-12-24 23:27:03', '2017-12-23 01:58:04'),
(144, 'R-000145', 1, 6, 3, '2017-11-25 00:00:00', '0', '2017-12-24 23:27:03', '2017-12-23 01:58:04'),
(145, 'R-000146', 1, 9, 3, '2017-11-25 00:00:00', '0', '2017-12-24 23:27:03', '2017-12-23 01:58:04'),
(146, 'R-000147', 1, 7, 3, '2017-11-25 00:00:00', '0', '2017-12-24 23:27:03', '2017-12-23 01:58:04'),
(147, 'R-000148', 1, 13, 3, '2017-11-25 00:00:00', '51', '2017-12-24 23:27:03', '2017-12-23 01:58:04'),
(148, 'R-000149', 1, 7, 3, '2017-11-25 00:00:00', '65', '2017-12-24 23:27:03', '2017-12-23 01:58:04'),
(149, 'R-000150', 1, 6, 3, '2017-11-25 00:00:00', '0', '2017-12-24 23:27:03', '2017-12-23 01:58:04'),
(150, 'R-000151', 1, 1, 3, '2017-11-25 00:00:00', '56', '2017-12-24 23:27:03', '2017-12-23 01:58:04'),
(151, 'R-000152', 1, 1, 3, '2017-11-26 00:00:00', '0', '2017-12-24 23:27:03', '2017-12-23 01:58:04'),
(152, 'R-000153', 1, 15, 3, '2017-11-26 00:00:00', '0', '2017-12-24 23:27:03', '2017-12-23 01:58:04'),
(153, 'R-000154', 1, 7, 3, '2017-11-27 00:00:00', '0', '2017-12-24 23:27:03', '2017-12-23 01:58:04'),
(154, 'R-000155', 1, 1, 3, '2017-11-27 00:00:00', '0', '2017-12-24 23:27:03', '2017-12-23 01:58:04'),
(155, 'R-000156', 1, 1, 3, '2017-11-28 00:00:00', '62', '2017-12-24 23:27:03', '2017-12-23 01:58:04'),
(156, 'R-000157', 1, 13, 3, '2017-11-29 00:00:00', '51', '2017-12-24 23:27:03', '2017-12-23 01:58:04'),
(157, 'R-000158', 1, 13, 3, '2017-11-30 00:00:00', '54', '2017-12-24 23:27:03', '2017-12-23 01:58:04'),
(158, 'R-000159', 1, 6, 3, '2017-11-30 00:00:00', '0', '2017-12-24 23:27:03', '2017-12-23 01:58:04'),
(159, 'R-000160', 1, 1, 3, '2017-11-30 00:00:00', '0', '2017-12-24 23:27:03', '2017-12-23 01:58:04'),
(160, 'R-000161', 1, 8, 3, '2017-12-01 00:00:00', '0', '2017-12-24 23:27:03', '2017-12-23 01:58:04'),
(161, 'R-000162', 1, 8, 3, '2017-12-01 00:00:00', '0', '2017-12-24 23:27:03', '2017-12-23 01:58:04'),
(162, 'R-000163', 1, 15, 3, '2017-12-01 00:00:00', '0', '2017-12-24 23:27:03', '2017-12-23 01:58:04'),
(163, 'R-000164', 1, 8, 3, '2017-12-01 00:00:00', '0', '2017-12-24 23:27:03', '2017-12-23 01:58:04'),
(164, 'R-000165', 1, 17, 3, '2017-12-02 00:00:00', '69', '2017-12-24 23:27:03', '2017-12-23 01:58:04'),
(165, 'R-000166', 1, 13, 3, '2017-12-03 00:00:00', '56', '2017-12-24 23:27:03', '2017-12-23 01:58:04'),
(166, 'R-000167', 1, 13, 3, '2017-12-03 00:00:00', '49', '2017-12-24 23:27:03', '2017-12-23 01:58:04'),
(167, 'R-000168', 1, 18, 3, '2017-12-04 00:00:00', '49', '2017-12-24 23:27:03', '2017-12-23 01:58:04'),
(168, 'R-000169', 1, 14, 3, '2017-12-04 00:00:00', '49', '2017-12-24 23:27:03', '2017-12-23 01:58:04'),
(169, 'R-000170', 1, 17, 3, '2017-12-04 00:00:00', '54.', '2017-12-24 23:27:03', '2017-12-23 01:58:04'),
(170, 'R-000171', 1, 6, 3, '2017-12-04 00:00:00', '0', '2017-12-24 23:27:03', '2017-12-23 01:58:04'),
(171, 'R-000172', 1, 20, 3, '2017-12-06 00:00:00', '61', '2017-12-24 23:27:03', '2017-12-23 01:58:04'),
(172, 'R-000173', 1, 15, 3, '2017-12-07 00:00:00', '48', '2017-12-24 23:27:03', '2017-12-23 01:58:04'),
(173, 'R-000174', 1, 14, 3, '2017-12-07 00:00:00', '48', '2017-12-24 23:27:03', '2017-12-23 01:58:04'),
(174, 'R-000175', 1, 13, 3, '2017-12-07 00:00:00', '43', '2017-12-24 23:27:03', '2017-12-23 01:58:04'),
(175, 'R-000176', 1, 20, 3, '2017-12-07 00:00:00', '50', '2017-12-24 23:27:03', '2017-12-23 01:58:04'),
(176, 'R-000177', 1, 7, 3, '2017-12-07 00:00:00', '54', '2017-12-24 23:27:03', '2017-12-23 01:58:04'),
(177, 'R-000178', 1, 2, 3, '2017-12-09 00:00:00', '51', '2017-12-24 23:27:03', '2017-12-23 01:58:04'),
(178, 'R-000179', 1, 1, 3, '2017-12-10 00:00:00', '58', '2017-12-24 23:27:03', '2017-12-23 01:58:04'),
(179, 'R-000180', 1, 14, 3, '2017-12-10 00:00:00', '49', '2017-12-24 23:27:03', '2017-12-23 01:58:04'),
(180, 'R-000181', 1, 11, 3, '2017-12-10 00:00:00', '49', '2017-12-24 23:27:03', '2017-12-23 01:58:04'),
(181, 'R-000182', 1, 20, 3, '2017-12-11 00:00:00', '50', '2017-12-24 23:27:03', '2017-12-23 01:58:04'),
(182, 'R-000183', 1, 17, 3, '2017-12-12 00:00:00', '49', '2017-12-24 23:27:03', '2017-12-23 01:58:04'),
(183, 'R-000184', 1, 20, 3, '2017-12-13 00:00:00', '60', '2017-12-24 23:27:03', '2017-12-23 01:58:04'),
(184, 'R-000185', 1, 13, 3, '2017-12-14 00:00:00', '44', '2017-12-24 23:27:03', '2017-12-23 01:58:04'),
(185, 'R-000186', 1, 17, 3, '2017-12-14 00:00:00', '49', '2017-12-24 23:27:03', '2017-12-23 01:58:04'),
(186, 'R-000187', 1, 20, 3, '2017-12-16 00:00:00', '59', '2017-12-24 23:27:03', '2017-12-23 01:58:04'),
(187, 'R-000188', 1, 14, 3, '2017-12-16 00:00:00', '50', '2017-12-24 23:27:03', '2017-12-23 01:58:04'),
(188, 'R-000189', 1, 15, 3, '2017-12-17 00:00:00', '50', '2017-12-24 23:27:03', '2017-12-23 01:58:04'),
(189, 'R-000190', 1, 22, 3, '2017-12-15 00:00:00', '49', '2017-12-24 23:27:03', '2017-12-23 01:58:04'),
(190, 'R-000191', 1, 22, 3, '2017-12-15 00:00:00', '49', '2017-12-24 23:27:03', '2017-12-23 01:58:04'),
(191, 'R-000192', 1, 13, 3, '2017-12-18 00:00:00', '46.', '2017-12-24 23:27:03', '2017-12-23 01:58:04'),
(192, 'R-000193', 1, 20, 3, '2017-12-19 00:00:00', '50', '2017-12-24 23:27:03', '2017-12-23 01:58:04'),
(193, 'R-000193', 1, 15, 3, '2017-12-23 00:00:00', NULL, '2017-12-23 16:12:41', '2017-12-23 16:12:41'),
(194, 'R-000194', 1, 19, 3, '2017-12-28 14:14:00', '40', '2017-12-28 22:16:41', '2017-12-28 22:16:41'),
(195, 'R-000195', 1, NULL, 1, NULL, '40', '2018-03-09 06:50:39', '2018-03-09 06:50:39'),
(196, 'R-000196', 1, 2, 1, NULL, '50', '2018-03-09 08:28:00', '2018-03-09 08:28:00'),
(197, 'R-000197', 1, 2, 1, NULL, '-1', '2018-03-09 08:53:21', '2018-03-09 08:53:21'),
(198, 'R-000198', 1, 1, 1, NULL, '44', '2018-03-09 09:39:57', '2018-03-09 09:39:57');

-- --------------------------------------------------------

--
-- Estructura de tabla para la tabla `receive_order_item`
--

CREATE TABLE `receive_order_item` (
  `id` int(11) UNSIGNED NOT NULL,
  `receive_order_id` int(11) NOT NULL,
  `item_id` int(11) DEFAULT NULL,
  `quantity` int(11) DEFAULT NULL,
  `price` decimal(6,4) DEFAULT NULL
) ENGINE=InnoDB DEFAULT CHARSET=latin1;

--
-- Volcado de datos para la tabla `receive_order_item`
--

INSERT INTO `receive_order_item` (`id`, `receive_order_id`, `item_id`, `quantity`, `price`) VALUES
(1, 1, 23, 68, NULL),
(2, 1, 24, 163, NULL),
(3, 1, 25, 61, NULL),
(4, 1, 27, 3, NULL),
(5, 2, 10, 132, NULL),
(6, 2, 11, 60, NULL),
(7, 2, 12, 5, NULL),
(8, 2, 13, 15, NULL),
(9, 2, 14, 3, NULL),
(10, 2, 15, 1, NULL),
(11, 3, 0, 55, NULL),
(12, 4, 10, 166, NULL),
(13, 4, 11, 36, NULL),
(14, 4, 12, 11, NULL),
(15, 4, 13, 18, NULL),
(16, 4, 0, 14, NULL),
(17, 5, 23, 100, NULL),
(18, 5, 24, 102, NULL),
(19, 5, 25, 50, NULL),
(20, 5, 27, 79, NULL),
(21, 6, 0, 85, NULL),
(22, 7, 23, 81, NULL),
(23, 7, 24, 156, NULL),
(24, 7, 25, 61, NULL),
(25, 7, 27, 3, NULL),
(26, 8, 0, 86, NULL),
(27, 8, 12, 3, NULL),
(28, 8, 0, 81, NULL),
(29, 9, 0, 204, NULL),
(30, 9, 11, 103, NULL),
(31, 9, 12, 30, NULL),
(32, 9, 13, 30, NULL),
(33, 9, 14, 9, NULL),
(34, 9, 15, 3, NULL),
(35, 10, 0, 97, NULL),
(36, 11, 0, 35, NULL),
(37, 11, 23, 82, NULL),
(38, 11, 24, 164, NULL),
(39, 11, 25, 61, NULL),
(40, 11, 27, 2, NULL),
(41, 12, 0, 97, NULL),
(42, 12, 12, 3, NULL),
(43, 13, 5, 40, NULL),
(44, 13, 6, 16, NULL),
(45, 13, 7, 3, NULL),
(46, 13, 13, 4, NULL),
(47, 13, 14, 1, NULL),
(48, 14, 9, 4, NULL),
(49, 14, 10, 8, NULL),
(50, 14, 11, 103, NULL),
(51, 14, 12, 7, NULL),
(52, 15, 9, 3, NULL),
(53, 15, 10, 7, NULL),
(54, 15, 11, 96, NULL),
(55, 15, 12, 1, NULL),
(56, 16, 12, 1, NULL),
(57, 16, 14, 9, NULL),
(58, 16, 15, 83, NULL),
(59, 17, 5, 84, NULL),
(60, 17, 6, 69, NULL),
(61, 17, 7, 60, NULL),
(62, 17, 16, 18, NULL),
(63, 18, 23, 78, NULL),
(64, 18, 24, 169, NULL),
(65, 18, 25, 71, NULL),
(66, 18, 26, 4, NULL),
(67, 19, 9, 4, NULL),
(68, 19, 10, 9, NULL),
(69, 19, 11, 75, NULL),
(70, 19, 12, 1, NULL),
(71, 20, 5, 73, NULL),
(72, 20, 6, 27, NULL),
(73, 20, 7, 5, NULL),
(74, 20, 16, 3, NULL),
(75, 21, 23, 31, NULL),
(76, 21, 24, 39, NULL),
(77, 21, 25, 26, NULL),
(78, 21, 27, 5, NULL),
(79, 22, 11, 65, NULL),
(80, 22, 12, 3, NULL),
(81, 23, 5, 52, NULL),
(82, 23, 6, 38, NULL),
(83, 23, 7, 12, NULL),
(84, 23, 16, 1, NULL),
(85, 24, 10, 14, NULL),
(86, 24, 11, 90, NULL),
(87, 24, 12, 4, NULL),
(88, 25, 5, 59, NULL),
(89, 25, 6, 53, NULL),
(90, 25, 7, 17, NULL),
(91, 25, 16, 1, NULL),
(92, 26, 23, 106, NULL),
(93, 26, 24, 186, NULL),
(94, 26, 25, 90, NULL),
(95, 26, 27, 3, NULL),
(96, 27, 10, 2, NULL),
(97, 27, 11, 199, NULL),
(98, 27, 12, 10, NULL),
(99, 28, 5, 73, NULL),
(100, 28, 6, 90, NULL),
(101, 28, 7, 122, NULL),
(102, 28, 16, 134, NULL),
(103, 29, 10, 703, NULL),
(104, 29, 11, 521, NULL),
(105, 30, 5, 47, NULL),
(106, 30, 6, 40, NULL),
(107, 30, 7, 12, NULL),
(108, 30, 10, 13, NULL),
(109, 30, 11, 73, NULL),
(110, 30, 12, 3, NULL),
(111, 31, 23, 78, NULL),
(112, 31, 24, 110, NULL),
(113, 31, 25, 111, NULL),
(114, 31, 27, 3, NULL),
(115, 32, 10, 535, NULL),
(116, 32, 11, 257, NULL),
(117, 33, 10, 6, NULL),
(118, 33, 11, 90, NULL),
(119, 34, 5, 129, NULL),
(120, 34, 6, 123, NULL),
(121, 34, 7, 48, NULL),
(122, 34, 16, 5, NULL),
(123, 35, 0, 31, NULL),
(124, 35, 15, 41, NULL),
(125, 35, 14, 4, NULL),
(126, 35, 15, 87, NULL),
(127, 35, 16, 3, NULL),
(128, 36, 23, 68, NULL),
(129, 36, 24, 156, NULL),
(130, 36, 25, 75, NULL),
(131, 36, 27, 3, NULL),
(132, 37, 10, 11, NULL),
(133, 37, 0, 74, NULL),
(134, 37, 12, 3, NULL),
(135, 37, 10, 21, NULL),
(136, 37, 11, 63, NULL),
(137, 37, 12, 3, NULL),
(138, 38, 5, 171, NULL),
(139, 38, 6, 128, NULL),
(140, 38, 7, 27, NULL),
(141, 38, 13, 10, NULL),
(142, 38, 14, 7, NULL),
(143, 38, 16, 4, NULL),
(144, 39, 10, 80, NULL),
(145, 39, 11, 73, NULL),
(146, 40, 14, 360, NULL),
(147, 40, 15, 144, NULL),
(148, 41, 19, 86, NULL),
(149, 42, 10, 37, NULL),
(150, 42, 11, 197, NULL),
(151, 43, 10, 111, NULL),
(152, 43, 11, 50, NULL),
(153, 43, 13, 157, NULL),
(154, 43, 14, 105, NULL),
(155, 43, 15, 28, NULL),
(156, 44, 10, 162, NULL),
(157, 44, 11, 55, NULL),
(158, 45, 17, 80, NULL),
(159, 46, 5, 136, NULL),
(160, 46, 6, 111, NULL),
(161, 46, 7, 15, NULL),
(162, 47, 10, 31, NULL),
(163, 47, 11, 125, NULL),
(164, 48, 9, 2, NULL),
(165, 48, 11, 495, NULL),
(166, 48, 12, 30, NULL),
(167, 49, 17, 120, NULL),
(168, 50, 1, 2, NULL),
(169, 50, 2, 7, NULL),
(170, 50, 4, 6, NULL),
(171, 50, 5, 175, NULL),
(172, 50, 6, 92, NULL),
(173, 50, 0, 14, NULL),
(174, 50, 8, 10, NULL),
(175, 50, 10, 20, NULL),
(176, 51, 1, 6, NULL),
(177, 51, 2, 232, NULL),
(178, 51, 3, 101, NULL),
(179, 51, 4, 10, NULL),
(180, 52, 10, 19, NULL),
(181, 52, 11, 899, NULL),
(182, 53, 17, 38, NULL),
(183, 54, 29, 695, NULL),
(184, 55, 1, 25, NULL),
(185, 55, 2, 269, NULL),
(186, 55, 3, 84, NULL),
(187, 55, 11, 18, NULL),
(188, 56, 0, 72, NULL),
(189, 56, 11, 72, NULL),
(190, 57, 5, 78, NULL),
(191, 57, 13, 202, NULL),
(192, 57, 14, 29, NULL),
(193, 58, 2, 266, NULL),
(194, 58, 3, 75, NULL),
(195, 58, 11, 16, NULL),
(196, 59, 19, 46, NULL),
(197, 60, 2, 171, NULL),
(198, 60, 3, 26, NULL),
(199, 61, 21, 32, NULL),
(200, 62, 5, 70, NULL),
(201, 63, 6, 10, NULL),
(202, 63, 10, 18, NULL),
(203, 63, 13, 102, NULL),
(204, 63, 14, 36, NULL),
(205, 64, 10, 1080, NULL),
(206, 64, 10, 72, NULL),
(207, 65, 1, 8, NULL),
(208, 66, 2, 212, NULL),
(209, 66, 3, 58, NULL),
(210, 67, 11, 85, NULL),
(211, 67, 12, 55, NULL),
(212, 68, 6, 117, NULL),
(213, 68, 7, 25, NULL),
(214, 69, 10, 24, NULL),
(215, 69, 11, 73, NULL),
(216, 69, 12, 2, NULL),
(217, 70, 2, 43, NULL),
(218, 70, 5, 22, NULL),
(219, 70, 9, 1, NULL),
(220, 70, 11, 37, NULL),
(221, 70, 13, 65, NULL),
(222, 70, 14, 45, NULL),
(223, 71, 2, 392, NULL),
(224, 71, 3, 48, NULL),
(225, 71, 5, 6, NULL),
(226, 71, 6, 271, NULL),
(227, 71, 7, 53, NULL),
(228, 72, 10, 21, NULL),
(229, 72, 11, 70, NULL),
(230, 73, 13, 84, NULL),
(231, 73, 14, 70, NULL),
(232, 73, 15, 32, NULL),
(233, 74, 2, 129, NULL),
(234, 74, 3, 63, NULL),
(235, 74, 5, 96, NULL),
(236, 74, 6, 338, NULL),
(237, 74, 7, 162, NULL),
(238, 75, 19, 73, NULL),
(239, 76, 11, 80, NULL),
(240, 76, 11, 160, NULL),
(241, 77, 5, 81, NULL),
(242, 77, 13, 76, NULL),
(243, 77, 14, 4, NULL),
(244, 78, 2, 303, NULL),
(245, 78, 3, 76, NULL),
(246, 78, 6, 347, NULL),
(247, 78, 7, 108, NULL),
(248, 79, 19, 154, NULL),
(249, 79, 19, 81, NULL),
(250, 80, 6, 47, NULL),
(251, 80, 7, 47, NULL),
(252, 81, 10, 448, NULL),
(253, 81, 11, 272, NULL),
(254, 82, 2, 160, NULL),
(255, 82, 6, 113, NULL),
(256, 82, 7, 33, NULL),
(257, 83, 19, 48, NULL),
(258, 84, 2, 336, NULL),
(259, 85, 1, 94, NULL),
(260, 85, 2, 24, NULL),
(261, 85, 3, 160, NULL),
(262, 85, 5, 72, NULL),
(263, 85, 6, 238, NULL),
(264, 85, 9, 1, NULL),
(265, 85, 11, 81, NULL),
(266, 86, 10, 288, NULL),
(267, 86, 11, 72, NULL),
(268, 87, 17, 697, NULL),
(269, 87, 17, 680, NULL),
(270, 88, 0, 184, NULL),
(271, 88, 0, 48, NULL),
(272, 88, 14, 171, NULL),
(273, 88, 15, 56, NULL),
(274, 89, 19, 33, NULL),
(275, 90, 10, 50, NULL),
(276, 90, 11, 10, NULL),
(277, 91, 13, 74, NULL),
(278, 91, 14, 95, NULL),
(279, 91, 15, 80, NULL),
(280, 92, 9, 6, NULL),
(281, 92, 10, 25, NULL),
(282, 92, 11, 14, NULL),
(283, 92, 13, 13, NULL),
(284, 92, 14, 25, NULL),
(285, 92, 15, 2, NULL),
(286, 93, 10, 193, NULL),
(287, 93, 11, 21, NULL),
(288, 93, 14, 34, NULL),
(289, 93, 15, 4, NULL),
(290, 94, 13, 7, NULL),
(291, 94, 14, 6, NULL),
(292, 94, 15, 15, NULL),
(293, 94, 16, 1, NULL),
(294, 95, 1, 13, NULL),
(295, 95, 2, 91, NULL),
(296, 95, 3, 35, NULL),
(297, 95, 12, 17, NULL),
(298, 96, 5, 8, NULL),
(299, 96, 10, 5, NULL),
(300, 96, 11, 3, NULL),
(301, 96, 12, 1, NULL),
(302, 96, 13, 16, NULL),
(303, 96, 14, 55, NULL),
(304, 96, 15, 22, NULL),
(305, 96, 16, 5, NULL),
(306, 97, 2, 80, NULL),
(307, 97, 3, 60, NULL),
(308, 97, 4, 10, NULL),
(309, 97, 6, 3, NULL),
(310, 97, 7, 1, NULL),
(311, 98, 6, 155, NULL),
(312, 98, 3, 120, NULL),
(313, 98, 5, 37, NULL),
(314, 98, 6, 59, NULL),
(315, 98, 7, 37, NULL),
(316, 99, 6, 97, NULL),
(317, 99, 7, 50, NULL),
(318, 99, 5, 146, NULL),
(319, 99, 6, 6, NULL),
(320, 99, 7, 35, NULL),
(321, 100, 0, 24, NULL),
(322, 100, 3, 10, NULL),
(323, 100, 4, 1, NULL),
(324, 100, 5, 38, NULL),
(325, 100, 6, 28, NULL),
(326, 100, 7, 1, NULL),
(327, 100, 8, 3, NULL),
(328, 101, 2, 5, NULL),
(329, 101, 3, 3, NULL),
(330, 101, 4, 1, NULL),
(331, 101, 5, 55, NULL),
(332, 101, 6, 24, NULL),
(333, 101, 7, 22, NULL),
(334, 101, 8, 5, NULL),
(335, 102, 2, 100, NULL),
(336, 102, 3, 28, NULL),
(337, 103, 1, 1, NULL),
(338, 103, 2, 87, NULL),
(339, 103, 3, 61, NULL),
(340, 103, 10, 10, NULL),
(341, 103, 11, 5, NULL),
(342, 103, 12, 17, NULL),
(343, 104, 30, 43, NULL),
(344, 104, 30, 123, NULL),
(345, 105, 19, 44, NULL),
(346, 105, 20, 9, NULL),
(347, 106, 19, 95, NULL),
(348, 107, 19, 23, NULL),
(349, 108, 2, 387, NULL),
(350, 108, 3, 71, NULL),
(351, 108, 6, 13, NULL),
(352, 108, 7, 163, NULL),
(353, 108, 8, 58, NULL),
(354, 109, 2, 67, NULL),
(355, 109, 3, 24, NULL),
(356, 109, 10, 5, NULL),
(357, 109, 11, 1, NULL),
(358, 109, 12, 3, NULL),
(359, 110, 2, 128, NULL),
(360, 111, 14, 120, NULL),
(361, 112, 9, 13, NULL),
(362, 112, 10, 9, NULL),
(363, 112, 11, 1, NULL),
(364, 112, 13, 25, NULL),
(365, 112, 14, 17, NULL),
(366, 112, 15, 10, NULL),
(367, 113, 19, 224, NULL),
(368, 114, 20, 56, NULL),
(369, 115, 19, 28, NULL),
(370, 116, 17, 640, NULL),
(371, 117, 13, 648, NULL),
(372, 117, 14, 792, NULL),
(373, 118, 2, 128, NULL),
(374, 119, 2, 124, NULL),
(375, 119, 3, 10, NULL),
(376, 120, 3, 52, NULL),
(377, 120, 2, 134, NULL),
(378, 121, 6, 112, NULL),
(379, 121, 7, 12, NULL),
(380, 122, 2, 283, NULL),
(381, 122, 3, 85, NULL),
(382, 122, 10, 31, NULL),
(383, 122, 11, 6, NULL),
(384, 122, 12, 4, NULL),
(385, 123, 2, 54, NULL),
(386, 123, 3, 40, NULL),
(387, 124, 19, 180, NULL),
(388, 125, 19, 66, NULL),
(389, 126, 20, 186, NULL),
(390, 127, 2, 120, NULL),
(391, 127, 3, 17, NULL),
(392, 127, 6, 104, NULL),
(393, 127, 7, 12, NULL),
(394, 128, 2, 112, NULL),
(395, 128, 3, 9, NULL),
(396, 129, 2, 265, NULL),
(397, 129, 3, 45, NULL),
(398, 129, 10, 21, NULL),
(399, 129, 11, 9, NULL),
(400, 129, 12, 1, NULL),
(401, 130, 2, 7, NULL),
(402, 130, 3, 3, NULL),
(403, 130, 6, 114, NULL),
(404, 130, 7, 9, NULL),
(405, 131, 2, 128, NULL),
(406, 132, 2, 8, NULL),
(407, 132, 3, 10, NULL),
(408, 132, 6, 127, NULL),
(409, 132, 7, 5, NULL),
(410, 133, 30, 212, NULL),
(411, 134, 19, 52, NULL),
(412, 135, 19, 93, NULL),
(413, 136, 2, 111, NULL),
(414, 136, 3, 21, NULL),
(415, 136, 6, 7, NULL),
(416, 137, 2, 161, NULL),
(417, 137, 3, 12, NULL),
(418, 137, 6, 97, NULL),
(419, 137, 0, 8, NULL),
(420, 138, 1, 45, NULL),
(421, 138, 2, 126, NULL),
(422, 138, 3, 75, NULL),
(423, 139, 2, 299, NULL),
(424, 139, 3, 145, NULL),
(425, 139, 6, 31, NULL),
(426, 139, 7, 9, NULL),
(427, 140, 2, 119, NULL),
(428, 140, 3, 14, NULL),
(429, 141, 3, 16, NULL),
(430, 141, 6, 90, NULL),
(431, 141, 7, 30, NULL),
(432, 142, 14, 1080, NULL),
(433, 143, 20, 203, NULL),
(434, 143, 19, 107, NULL),
(435, 144, 14, 360, NULL),
(436, 145, 17, 280, NULL),
(437, 146, 2, 134, NULL),
(438, 147, 30, 272, NULL),
(439, 148, 2, 6, NULL),
(440, 148, 3, 19, NULL),
(441, 148, 6, 69, NULL),
(442, 148, 7, 14, NULL),
(443, 149, 21, 118, NULL),
(444, 149, 21, 162, NULL),
(445, 150, 2, 308, NULL),
(446, 150, 3, 140, NULL),
(447, 150, 6, 13, NULL),
(448, 150, 7, 3, NULL),
(449, 150, 6, 69, NULL),
(450, 150, 7, 16, NULL),
(451, 151, 2, 118, NULL),
(452, 151, 3, 20, NULL),
(453, 152, 19, 370, NULL),
(454, 153, 3, 13, NULL),
(455, 153, 6, 77, NULL),
(456, 153, 7, 9, NULL),
(457, 154, 2, 107, NULL),
(458, 154, 3, 48, NULL),
(459, 155, 2, 184, NULL),
(460, 155, 3, 90, NULL),
(461, 155, 6, 52, NULL),
(462, 155, 7, 37, NULL),
(463, 156, 30, 336, NULL),
(464, 157, 30, 315, NULL),
(465, 158, 21, 269, NULL),
(466, 159, 6, 183, NULL),
(467, 159, 7, 92, NULL),
(468, 160, 19, 52, NULL),
(469, 161, 19, 55, NULL),
(470, 162, 19, 199, NULL),
(471, 163, 19, 98, NULL),
(472, 164, 0, 720, NULL),
(473, 165, 30, 84, NULL),
(474, 166, 30, 184, NULL),
(475, 167, 20, 85, NULL),
(476, 168, 20, 91, NULL),
(477, 168, 19, 112, NULL),
(478, 169, 5, 158, NULL),
(479, 169, 6, 303, NULL),
(480, 169, 7, 49, NULL),
(481, 170, 21, 347, NULL),
(482, 170, 21, 192, NULL),
(483, 171, 0, 540, NULL),
(484, 172, 19, 107, NULL),
(485, 173, 19, 137, NULL),
(486, 173, 20, 166, NULL),
(487, 174, 30, 134, NULL),
(488, 175, 0, 152, NULL),
(489, 176, 0, 281, NULL),
(490, 177, 19, 280, NULL),
(491, 178, 0, 331, NULL),
(492, 179, 19, 30, NULL),
(493, 180, 20, 156, NULL),
(494, 181, 0, 263, NULL),
(495, 182, 0, 215, NULL),
(496, 183, 5, 77, NULL),
(497, 183, 6, 25, NULL),
(498, 184, 30, 109, NULL),
(499, 185, 0, 222, NULL),
(500, 186, 5, 22, NULL),
(501, 186, 6, 116, NULL),
(502, 186, 7, 43, NULL),
(503, 187, 19, 168, NULL),
(504, 188, 20, 96, NULL),
(505, 189, 1, 831, NULL),
(506, 189, 2, 620, NULL),
(507, 190, 0, 309, NULL),
(508, 191, 30, 126, NULL),
(509, 192, 0, 239, NULL),
(510, 193, 19, 30, NULL),
(511, 193, 20, 245, NULL),
(512, 194, 5, 20, NULL),
(513, 195, 0, 40, '20.0000'),
(514, 196, 1, 40, NULL),
(515, 197, 0, -1, NULL),
(516, 198, 0, 44, NULL);

-- --------------------------------------------------------

--
-- Estructura de tabla para la tabla `temporal_manifest`
--

CREATE TABLE `temporal_manifest` (
  `id` int(11) NOT NULL,
  `customer` int(11) DEFAULT NULL,
  `manifest` int(11) DEFAULT NULL,
  `loading` int(11) DEFAULT NULL,
  `truck_id` int(11) DEFAULT NULL,
  `container_id` int(11) DEFAULT NULL,
  `cup_truck_id` int(11) DEFAULT NULL,
  `driver_id` int(11) DEFAULT NULL,
  `sku` int(11) DEFAULT NULL,
  `item` int(11) DEFAULT NULL,
  `qty` int(11) DEFAULT NULL,
  `unit` int(11) DEFAULT NULL,
  `description` int(11) DEFAULT NULL,
  `unit_price` int(11) DEFAULT NULL,
  `total` int(11) DEFAULT NULL
) ENGINE=MyISAM DEFAULT CHARSET=latin1;

--
-- Volcado de datos para la tabla `temporal_manifest`
--

INSERT INTO `temporal_manifest` (`id`, `customer`, `manifest`, `loading`, `truck_id`, `container_id`, `cup_truck_id`, `driver_id`, `sku`, `item`, `qty`, `unit`, `description`, `unit_price`, `total`) VALUES
(1, 1, 139, 1, 0, 0, 0, 0, 0, 0, 78, 0, 0, 0, 0),
(2, 1, 139, 1, 0, 0, 0, 0, 0, 0, 11, 0, 0, 0, 0),
(3, 1, 139, 1, 0, 0, 0, 0, 0, 0, 377, 0, 0, 0, 0),
(4, 1, 139, 1, 0, 0, 0, 0, 0, 0, 2, 0, 0, 0, 0),
(5, 1, 139, 1, 0, 0, 0, 0, 0, 0, 15, 0, 0, 0, 0),
(6, 1, 139, 1, 0, 0, 0, 0, 0, 0, 28, 0, 0, 0, 0),
(7, 1, 139, 1, 0, 0, 0, 0, 0, 0, 35, 0, 0, 0, 0),
(8, 1, 139, 1, 0, 0, 0, 0, 0, 0, 475, 0, 0, 0, 0),
(9, 1, 141, 2, 0, 0, 0, 0, 0, 0, 262, 0, 0, 0, 0),
(10, 1, 141, 2, 0, 0, 0, 0, 0, 0, 352, 0, 0, 0, 0),
(11, 1, 141, 2, 0, 0, 0, 0, 0, 0, 38, 0, 0, 0, 0),
(12, 1, 141, 2, 0, 0, 0, 0, 0, 0, 36, 0, 0, 0, 0),
(13, 1, 141, 2, 0, 0, 0, 0, 0, 0, 14, 0, 0, 0, 0),
(14, 1, 147, 3, 0, 0, 0, 0, 0, 0, 232, 0, 0, 0, 0),
(15, 1, 147, 3, 0, 0, 0, 0, 0, 0, 142, 0, 0, 0, 0),
(16, 1, 147, 3, 0, 0, 0, 0, 0, 0, 27, 0, 0, 0, 0),
(17, 1, 147, 3, 0, 0, 0, 0, 0, 0, 18, 0, 0, 0, 0),
(18, 1, 147, 3, 0, 0, 0, 0, 0, 0, 3, 0, 0, 0, 0),
(19, 1, 147, 3, 0, 0, 0, 0, 0, 0, 401, 0, 0, 0, 0),
(20, 1, 147, 3, 0, 0, 0, 0, 0, 0, 162, 0, 0, 0, 0),
(21, 1, 147, 3, 0, 0, 0, 0, 0, 0, 24, 0, 0, 0, 0),
(22, 1, 147, 3, 0, 0, 0, 0, 0, 0, 32, 0, 0, 0, 0),
(23, 1, 147, 3, 0, 0, 0, 0, 0, 0, 15, 0, 0, 0, 0),
(24, 1, 147, 3, 0, 0, 0, 0, 0, 0, 6, 0, 0, 0, 0),
(25, 1, 148, 4, 5, 4, 1, 1, 0, 0, 80, 0, 0, 0, 0),
(26, 1, 148, 4, 5, 4, 1, 1, 0, 0, 80, 0, 0, 0, 0),
(27, 1, 148, 4, 5, 4, 1, 1, 0, 0, 776, 0, 0, 0, 0),
(28, 1, 148, 4, 5, 4, 1, 1, 0, 0, 328, 0, 0, 0, 0),
(29, 1, 148, 4, 5, 4, 1, 1, 0, 0, 26, 0, 0, 0, 0),
(30, 1, 148, 4, 5, 4, 1, 1, 0, 0, 45, 0, 0, 0, 0),
(31, 1, 149, 5, 4, 6, 1, 5, 0, 0, 81, 0, 0, 0, 0),
(32, 1, 149, 5, 4, 6, 1, 5, 0, 0, 154, 0, 0, 0, 0),
(33, 1, 149, 5, 4, 6, 1, 5, 0, 0, 38, 0, 0, 0, 0),
(34, 1, 149, 5, 4, 6, 1, 5, 0, 0, 2, 0, 0, 0, 0),
(35, 1, 149, 5, 4, 6, 1, 5, 0, 0, 178, 0, 0, 0, 0),
(36, 1, 149, 5, 4, 6, 1, 5, 0, 0, 94, 0, 0, 0, 0),
(37, 1, 149, 5, 4, 6, 1, 5, 0, 0, 24, 0, 0, 0, 0),
(38, 1, 149, 5, 4, 6, 1, 5, 0, 0, 4, 0, 0, 0, 0),
(39, 1, 149, 5, 4, 6, 1, 5, 0, 0, 368, 0, 0, 0, 0),
(40, 1, 149, 5, 4, 6, 1, 5, 0, 0, 258, 0, 0, 0, 0),
(41, 1, 149, 5, 4, 6, 1, 5, 0, 0, 74, 0, 0, 0, 0),
(42, 1, 149, 5, 4, 6, 1, 5, 0, 0, 13, 0, 0, 0, 0),
(43, 1, 149, 5, 4, 6, 1, 5, 0, 0, 8, 0, 0, 0, 0),
(44, 1, 150, 6, 6, 7, 1, 2, 0, 0, 48, 0, 0, 0, 0),
(45, 1, 150, 6, 6, 7, 1, 2, 0, 0, 176, 0, 0, 0, 0),
(46, 1, 150, 6, 6, 7, 1, 2, 0, 0, 65, 0, 0, 0, 0),
(47, 1, 150, 6, 6, 7, 1, 2, 0, 0, 1, 0, 0, 0, 0),
(48, 1, 150, 6, 6, 7, 1, 2, 0, 0, 3, 0, 0, 0, 0),
(49, 1, 150, 6, 6, 7, 1, 2, 0, 0, 480, 0, 0, 0, 0),
(50, 1, 150, 6, 6, 7, 1, 2, 0, 0, 480, 0, 0, 0, 0),
(51, 1, 150, 6, 6, 7, 1, 2, 0, 0, 84, 0, 0, 0, 0),
(52, 1, 150, 6, 6, 7, 1, 2, 0, 0, 32, 0, 0, 0, 0),
(53, 1, 150, 6, 6, 7, 1, 2, 0, 0, 24, 0, 0, 0, 0),
(54, 1, 150, 6, 6, 7, 1, 2, 0, 0, 16, 0, 0, 0, 0),
(55, 1, 151, 7, 3, 6, 1, 3, 0, 0, 24, 0, 0, 0, 0),
(56, 1, 151, 7, 3, 6, 1, 3, 0, 0, 16, 0, 0, 0, 0),
(57, 1, 151, 7, 3, 6, 1, 3, 0, 0, 400, 0, 0, 0, 0),
(58, 1, 151, 7, 3, 6, 1, 3, 0, 0, 328, 0, 0, 0, 0),
(59, 1, 151, 7, 3, 6, 1, 3, 0, 0, 42, 0, 0, 0, 0),
(60, 1, 151, 7, 3, 6, 1, 3, 0, 0, 29, 0, 0, 0, 0),
(61, 1, 151, 7, 3, 6, 1, 3, 0, 0, 21, 0, 0, 0, 0),
(62, 1, 151, 7, 3, 6, 1, 3, 0, 0, 6, 0, 0, 0, 0),
(63, 1, 151, 7, 3, 6, 1, 3, 0, 0, 8, 0, 0, 0, 0),
(64, 1, 152, 8, 7, 6, 1, 7, 0, 0, 63, 0, 0, 0, 0),
(65, 1, 152, 8, 7, 6, 1, 7, 0, 0, 511, 0, 0, 0, 0),
(66, 1, 152, 8, 7, 6, 1, 7, 0, 0, 307, 0, 0, 0, 0),
(67, 1, 152, 8, 7, 6, 1, 7, 0, 0, 1, 0, 0, 0, 0),
(68, 1, 152, 8, 7, 6, 1, 7, 0, 0, 3, 0, 0, 0, 0),
(69, 1, 152, 8, 7, 6, 1, 7, 0, 0, 40, 0, 0, 0, 0),
(70, 1, 152, 8, 7, 6, 1, 7, 0, 0, 40, 0, 0, 0, 0),
(71, 1, 152, 8, 7, 6, 1, 7, 0, 0, 16, 0, 0, 0, 0),
(72, 1, 152, 8, 7, 6, 1, 7, 0, 0, 144, 0, 0, 0, 0),
(73, 1, 152, 8, 7, 6, 1, 7, 0, 0, 80, 0, 0, 0, 0),
(74, 1, 152, 8, 7, 6, 1, 7, 0, 0, 77, 0, 0, 0, 0),
(75, 1, 152, 8, 7, 6, 1, 7, 0, 0, 84, 0, 0, 0, 0),
(76, 1, 153, 9, 4, 4, 1, 5, 0, 0, 80, 0, 0, 0, 0),
(77, 1, 153, 9, 4, 4, 1, 5, 0, 0, 304, 0, 0, 0, 0),
(78, 1, 153, 9, 4, 4, 1, 5, 0, 0, 320, 0, 0, 0, 0),
(79, 1, 153, 9, 4, 4, 1, 5, 0, 0, 84, 0, 0, 0, 0),
(80, 1, 153, 9, 4, 4, 1, 5, 0, 0, 12, 0, 0, 0, 0),
(81, 1, 153, 9, 4, 4, 1, 5, 0, 0, 27, 0, 0, 0, 0),
(82, 1, 153, 9, 4, 4, 1, 5, 0, 0, 108, 0, 0, 0, 0),
(83, 1, 153, 9, 4, 4, 1, 5, 0, 0, 7, 0, 0, 0, 0),
(84, 1, 153, 9, 4, 4, 1, 5, 0, 0, 6, 0, 0, 0, 0),
(85, 1, 153, 9, 4, 4, 1, 5, 0, 0, 360, 0, 0, 0, 0),
(86, 1, 153, 9, 4, 4, 1, 5, 0, 0, 240, 0, 0, 0, 0),
(87, 1, 154, 10, 6, 6, 1, 8, 0, 0, 21, 0, 0, 0, 0),
(88, 1, 154, 10, 6, 6, 1, 8, 0, 0, 30, 0, 0, 0, 0),
(89, 1, 154, 10, 6, 6, 1, 8, 0, 0, 4, 0, 0, 0, 0),
(90, 1, 154, 10, 6, 6, 1, 8, 0, 0, 17, 0, 0, 0, 0),
(91, 1, 154, 10, 6, 6, 1, 8, 0, 0, 7, 0, 0, 0, 0),
(92, 1, 154, 10, 6, 6, 1, 8, 0, 0, 233, 0, 0, 0, 0),
(93, 1, 154, 10, 6, 6, 1, 8, 0, 0, 80, 0, 0, 0, 0),
(94, 1, 154, 10, 6, 6, 1, 8, 0, 0, 42, 0, 0, 0, 0),
(95, 1, 154, 10, 6, 6, 1, 8, 0, 0, 151, 0, 0, 0, 0),
(96, 1, 154, 10, 6, 6, 1, 8, 0, 0, 47, 0, 0, 0, 0),
(97, 1, 154, 10, 6, 6, 1, 8, 0, 0, 56, 0, 0, 0, 0),
(98, 1, 154, 10, 6, 6, 1, 8, 0, 0, 3, 0, 0, 0, 0),
(99, 1, 154, 10, 6, 6, 1, 8, 0, 0, 2, 0, 0, 0, 0),
(100, 1, 155, 11, 5, 6, 1, 1, 0, 0, 1, 0, 0, 0, 0),
(101, 1, 155, 11, 5, 6, 1, 1, 0, 0, 1, 0, 0, 0, 0),
(102, 1, 155, 11, 5, 6, 1, 1, 0, 0, 4, 0, 0, 0, 0),
(103, 1, 155, 11, 5, 6, 1, 1, 0, 0, 572, 0, 0, 0, 0),
(104, 1, 155, 11, 5, 6, 1, 1, 0, 0, 294, 0, 0, 0, 0),
(105, 1, 155, 11, 5, 6, 1, 1, 0, 0, 44, 0, 0, 0, 0),
(106, 1, 155, 11, 5, 6, 1, 1, 0, 0, 24, 0, 0, 0, 0),
(107, 1, 155, 11, 5, 6, 1, 1, 0, 0, 12, 0, 0, 0, 0),
(108, 1, 155, 11, 5, 6, 1, 1, 0, 0, 124, 0, 0, 0, 0),
(109, 1, 155, 11, 5, 6, 1, 1, 0, 0, 42, 0, 0, 0, 0),
(110, 1, 155, 11, 5, 6, 1, 1, 0, 0, 49, 0, 0, 0, 0),
(111, 1, 155, 11, 5, 6, 1, 1, 0, 0, 139, 0, 0, 0, 0),
(112, 1, 155, 11, 5, 6, 1, 1, 0, 0, 54, 0, 0, 0, 0),
(113, 1, 155, 11, 5, 6, 1, 1, 0, 0, 2, 0, 0, 0, 0),
(114, 1, 156, 12, 5, 6, 1, 1, 0, 0, 294, 0, 0, 0, 0),
(115, 1, 156, 12, 5, 6, 1, 1, 0, 0, 89, 0, 0, 0, 0),
(116, 1, 156, 12, 5, 6, 1, 1, 0, 0, 39, 0, 0, 0, 0),
(117, 1, 156, 12, 5, 6, 1, 1, 0, 0, 6, 0, 0, 0, 0),
(118, 1, 156, 12, 5, 6, 1, 1, 0, 0, 17, 0, 0, 0, 0),
(119, 1, 156, 12, 5, 6, 1, 1, 0, 0, 5, 0, 0, 0, 0),
(120, 1, 156, 12, 5, 6, 1, 1, 0, 0, 240, 0, 0, 0, 0),
(121, 1, 156, 12, 5, 6, 1, 1, 0, 0, 360, 0, 0, 0, 0),
(122, 1, 157, 13, 4, 10, 1, 5, 0, 0, 88, 0, 0, 0, 0),
(123, 1, 157, 13, 4, 10, 1, 5, 0, 0, 482, 0, 0, 0, 0),
(124, 1, 157, 13, 4, 10, 1, 5, 0, 0, 324, 0, 0, 0, 0),
(125, 1, 157, 13, 4, 10, 1, 5, 0, 0, 2, 0, 0, 0, 0),
(126, 1, 157, 13, 4, 10, 1, 5, 0, 0, 43, 0, 0, 0, 0),
(127, 1, 158, 14, 6, 5, 1, 2, 0, 0, 5, 0, 0, 0, 0),
(128, 1, 158, 14, 6, 5, 1, 2, 0, 0, 454, 0, 0, 0, 0),
(129, 1, 158, 14, 6, 5, 1, 2, 0, 0, 261, 0, 0, 0, 0),
(130, 1, 158, 14, 6, 5, 1, 2, 0, 0, 25, 0, 0, 0, 0),
(131, 1, 158, 14, 6, 5, 1, 2, 0, 0, 46, 0, 0, 0, 0),
(132, 1, 158, 14, 6, 5, 1, 2, 0, 0, 16, 0, 0, 0, 0),
(133, 1, 158, 14, 6, 5, 1, 2, 0, 0, 2, 0, 0, 0, 0),
(134, 1, 158, 14, 6, 5, 1, 2, 0, 0, 82, 0, 0, 0, 0),
(135, 1, 159, 15, 5, 6, 1, 1, 0, 0, 211, 0, 0, 0, 0),
(136, 1, 159, 15, 5, 6, 1, 1, 0, 0, 112, 0, 0, 0, 0),
(137, 1, 159, 15, 5, 6, 1, 1, 0, 0, 9, 0, 0, 0, 0),
(138, 1, 159, 15, 5, 6, 1, 1, 0, 0, 234, 0, 0, 0, 0),
(139, 1, 159, 15, 5, 6, 1, 1, 0, 0, 97, 0, 0, 0, 0),
(140, 1, 159, 15, 5, 6, 1, 1, 0, 0, 15, 0, 0, 0, 0),
(141, 1, 159, 15, 5, 6, 1, 1, 0, 0, 36, 0, 0, 0, 0),
(142, 1, 159, 15, 5, 6, 1, 1, 0, 0, 17, 0, 0, 0, 0),
(143, 1, 159, 15, 5, 6, 1, 1, 0, 0, 3, 0, 0, 0, 0),
(144, 1, 159, 15, 5, 6, 1, 1, 0, 0, 108, 0, 0, 0, 0),
(145, 1, 159, 15, 5, 6, 1, 1, 0, 0, 247, 0, 0, 0, 0),
(146, 1, 159, 15, 5, 6, 1, 1, 0, 0, 72, 0, 0, 0, 0),
(147, 1, 159, 15, 5, 6, 1, 1, 0, 0, 2, 0, 0, 0, 0),
(148, 1, 160, 16, 2, 5, 1, 4, 0, 0, 172, 0, 0, 0, 0),
(149, 1, 160, 16, 2, 5, 1, 4, 0, 0, 284, 0, 0, 0, 0),
(150, 1, 160, 16, 2, 5, 1, 4, 0, 0, 171, 0, 0, 0, 0),
(151, 1, 160, 16, 2, 5, 1, 4, 0, 0, 17, 0, 0, 0, 0),
(152, 1, 160, 16, 2, 5, 1, 4, 0, 0, 19, 0, 0, 0, 0),
(153, 1, 160, 16, 2, 5, 1, 4, 0, 0, 11, 0, 0, 0, 0),
(154, 1, 160, 16, 2, 5, 1, 4, 0, 0, 5, 0, 0, 0, 0),
(155, 1, 160, 16, 2, 5, 1, 4, 0, 0, 1, 0, 0, 0, 0),
(156, 1, 160, 16, 2, 5, 1, 4, 0, 0, 1, 0, 0, 0, 0),
(157, 1, 160, 16, 2, 5, 1, 4, 0, 0, 68, 0, 0, 0, 0),
(158, 1, 160, 16, 2, 5, 1, 4, 0, 0, 163, 0, 0, 0, 0),
(159, 1, 160, 16, 2, 5, 1, 4, 0, 0, 61, 0, 0, 0, 0),
(160, 1, 160, 16, 2, 5, 1, 4, 0, 0, 3, 0, 0, 0, 0),
(161, 1, 161, 17, 5, 6, 1, 1, 0, 0, 16, 0, 0, 0, 0),
(162, 1, 161, 17, 5, 6, 1, 1, 0, 0, 70, 0, 0, 0, 0),
(163, 1, 161, 17, 5, 6, 1, 1, 0, 0, 47, 0, 0, 0, 0),
(164, 1, 161, 17, 5, 6, 1, 1, 0, 0, 12, 0, 0, 0, 0),
(165, 1, 161, 17, 5, 6, 1, 1, 0, 0, 323, 0, 0, 0, 0),
(166, 1, 161, 17, 5, 6, 1, 1, 0, 0, 125, 0, 0, 0, 0),
(167, 1, 161, 17, 5, 6, 1, 1, 0, 0, 16, 0, 0, 0, 0),
(168, 1, 161, 17, 5, 6, 1, 1, 0, 0, 18, 0, 0, 0, 0),
(169, 1, 161, 17, 5, 6, 1, 1, 0, 0, 37, 0, 0, 0, 0),
(170, 1, 161, 17, 5, 6, 1, 1, 0, 0, 12, 0, 0, 0, 0),
(171, 1, 161, 17, 5, 6, 1, 1, 0, 0, 1, 0, 0, 0, 0),
(172, 1, 161, 17, 5, 6, 1, 1, 0, 0, 50, 0, 0, 0, 0),
(173, 1, 161, 17, 5, 6, 1, 1, 0, 0, 102, 0, 0, 0, 0),
(174, 1, 161, 17, 5, 6, 1, 1, 0, 0, 100, 0, 0, 0, 0),
(175, 1, 161, 17, 5, 6, 1, 1, 0, 0, 79, 0, 0, 0, 0),
(176, 1, 162, 18, 5, 6, 1, 9, 0, 0, 205, 0, 0, 0, 0),
(177, 1, 162, 18, 5, 6, 1, 9, 0, 0, 103, 0, 0, 0, 0),
(178, 1, 162, 18, 5, 6, 1, 9, 0, 0, 30, 0, 0, 0, 0),
(179, 1, 162, 18, 5, 6, 1, 9, 0, 0, 8, 0, 0, 0, 0),
(180, 1, 162, 18, 5, 6, 1, 9, 0, 0, 2, 0, 0, 0, 0),
(181, 1, 162, 18, 5, 6, 1, 9, 0, 0, 8, 0, 0, 0, 0),
(182, 1, 162, 18, 5, 6, 1, 9, 0, 0, 29, 0, 0, 0, 0),
(183, 1, 162, 18, 5, 6, 1, 9, 0, 0, 123, 0, 0, 0, 0),
(184, 1, 162, 18, 5, 6, 1, 9, 0, 0, 35, 0, 0, 0, 0),
(185, 1, 162, 18, 5, 6, 1, 9, 0, 0, 57, 0, 0, 0, 0),
(186, 1, 162, 18, 5, 6, 1, 9, 0, 0, 31, 0, 0, 0, 0),
(187, 1, 162, 18, 5, 6, 1, 9, 0, 0, 81, 0, 0, 0, 0),
(188, 1, 162, 18, 5, 6, 1, 9, 0, 0, 156, 0, 0, 0, 0),
(189, 1, 162, 18, 5, 6, 1, 9, 0, 0, 61, 0, 0, 0, 0),
(190, 1, 162, 18, 5, 6, 1, 9, 0, 0, 3, 0, 0, 0, 0),
(191, 1, 163, 19, 4, 9, 1, 5, 0, 0, 18, 0, 0, 0, 0),
(192, 1, 163, 19, 4, 9, 1, 5, 0, 0, 382, 0, 0, 0, 0),
(193, 1, 163, 19, 4, 9, 1, 5, 0, 0, 13, 0, 0, 0, 0),
(194, 1, 163, 19, 4, 9, 1, 5, 0, 0, 41, 0, 0, 0, 0),
(195, 1, 163, 19, 4, 9, 1, 5, 0, 0, 14, 0, 0, 0, 0),
(196, 1, 163, 19, 4, 9, 1, 5, 0, 0, 18, 0, 0, 0, 0),
(197, 1, 163, 19, 4, 9, 1, 5, 0, 0, 22, 0, 0, 0, 0),
(198, 1, 163, 19, 4, 9, 1, 5, 0, 0, 1, 0, 0, 0, 0),
(199, 1, 163, 19, 4, 9, 1, 5, 0, 0, 82, 0, 0, 0, 0),
(200, 1, 163, 19, 4, 9, 1, 5, 0, 0, 164, 0, 0, 0, 0),
(201, 1, 163, 19, 4, 9, 1, 5, 0, 0, 61, 0, 0, 0, 0),
(202, 1, 163, 19, 4, 9, 1, 5, 0, 0, 2, 0, 0, 0, 0),
(203, 1, 164, 20, 2, 5, 1, 4, 0, 0, 12, 0, 0, 0, 0),
(204, 1, 164, 20, 2, 5, 1, 4, 0, 0, 26, 0, 0, 0, 0),
(205, 1, 164, 20, 2, 5, 1, 4, 0, 0, 156, 0, 0, 0, 0),
(206, 1, 164, 20, 2, 5, 1, 4, 0, 0, 109, 0, 0, 0, 0),
(207, 1, 164, 20, 2, 5, 1, 4, 0, 0, 208, 0, 0, 0, 0),
(208, 1, 164, 20, 2, 5, 1, 4, 0, 0, 97, 0, 0, 0, 0),
(209, 1, 164, 20, 2, 5, 1, 4, 0, 0, 9, 0, 0, 0, 0),
(210, 1, 165, 21, 2, 5, 1, 4, 0, 0, 67, 0, 0, 0, 0),
(211, 1, 165, 21, 2, 5, 1, 4, 0, 0, 282, 0, 0, 0, 0),
(212, 1, 165, 21, 2, 5, 1, 4, 0, 0, 19, 0, 0, 0, 0),
(213, 1, 165, 21, 2, 5, 1, 4, 0, 0, 181, 0, 0, 0, 0),
(214, 1, 165, 21, 2, 5, 1, 4, 0, 0, 173, 0, 0, 0, 0),
(215, 1, 165, 21, 2, 5, 1, 4, 0, 0, 149, 0, 0, 0, 0),
(216, 1, 165, 21, 2, 5, 1, 4, 0, 0, 154, 0, 0, 0, 0),
(217, 1, 165, 21, 2, 5, 1, 4, 0, 0, 106, 0, 0, 0, 0),
(218, 1, 165, 21, 2, 5, 1, 4, 0, 0, 186, 0, 0, 0, 0),
(219, 1, 165, 21, 2, 5, 1, 4, 0, 0, 90, 0, 0, 0, 0),
(220, 1, 165, 21, 2, 5, 1, 4, 0, 0, 3, 0, 0, 0, 0),
(221, 1, 166, 22, 4, 6, 1, 5, 0, 0, 703, 0, 0, 0, 0),
(222, 1, 166, 22, 4, 6, 1, 5, 0, 0, 521, 0, 0, 0, 0),
(223, 1, 166, 22, 4, 6, 1, 5, 0, 0, 47, 0, 0, 0, 0),
(224, 1, 166, 22, 4, 6, 1, 5, 0, 0, 40, 0, 0, 0, 0),
(225, 1, 166, 22, 4, 6, 1, 5, 0, 0, 12, 0, 0, 0, 0),
(226, 1, 167, 23, 4, 8, 1, 5, 0, 0, 564, 0, 0, 0, 0),
(227, 1, 167, 23, 4, 8, 1, 5, 0, 0, 460, 0, 0, 0, 0),
(228, 1, 167, 23, 4, 8, 1, 5, 0, 0, 129, 0, 0, 0, 0),
(229, 1, 167, 23, 4, 8, 1, 5, 0, 0, 121, 0, 0, 0, 0),
(230, 1, 167, 23, 4, 8, 1, 5, 0, 0, 48, 0, 0, 0, 0),
(231, 1, 167, 23, 4, 8, 1, 5, 0, 0, 78, 0, 0, 0, 0),
(232, 1, 167, 23, 4, 8, 1, 5, 0, 0, 110, 0, 0, 0, 0),
(233, 1, 167, 23, 4, 8, 1, 5, 0, 0, 111, 0, 0, 0, 0),
(234, 1, 167, 23, 4, 8, 1, 5, 0, 0, 3, 0, 0, 0, 0),
(235, 1, 168, 24, 5, 6, 1, 1, 0, 0, 36, 0, 0, 0, 0),
(236, 1, 168, 24, 5, 6, 1, 1, 0, 0, 224, 0, 0, 0, 0),
(237, 1, 168, 24, 5, 6, 1, 1, 0, 0, 9, 0, 0, 0, 0),
(238, 1, 168, 24, 5, 6, 1, 1, 0, 0, 12, 0, 0, 0, 0),
(239, 1, 168, 24, 5, 6, 1, 1, 0, 0, 164, 0, 0, 0, 0),
(240, 1, 168, 24, 5, 6, 1, 1, 0, 0, 8, 0, 0, 0, 0),
(241, 1, 168, 24, 5, 6, 1, 1, 0, 0, 135, 0, 0, 0, 0),
(242, 1, 168, 24, 5, 6, 1, 1, 0, 0, 10, 0, 0, 0, 0),
(243, 1, 168, 24, 5, 6, 1, 1, 0, 0, 27, 0, 0, 0, 0),
(244, 1, 168, 24, 5, 6, 1, 1, 0, 0, 68, 0, 0, 0, 0),
(245, 1, 168, 24, 5, 6, 1, 1, 0, 0, 156, 0, 0, 0, 0),
(246, 1, 168, 24, 5, 6, 1, 1, 0, 0, 75, 0, 0, 0, 0),
(247, 1, 168, 24, 5, 6, 1, 1, 0, 0, 3, 0, 0, 0, 0),
(248, 1, 169, 25, 4, 4, 1, 5, 0, 0, 80, 0, 0, 0, 0),
(249, 1, 169, 25, 4, 4, 1, 5, 0, 0, 73, 0, 0, 0, 0),
(250, 1, 169, 25, 4, 4, 1, 5, 0, 0, 360, 0, 0, 0, 0),
(251, 1, 169, 25, 4, 4, 1, 5, 0, 0, 144, 0, 0, 0, 0),
(252, 1, 169, 25, 4, 4, 1, 5, 0, 0, 86, 0, 0, 0, 0),
(253, 1, 170, 26, 5, 6, 1, 1, 0, 0, 48, 0, 0, 0, 0),
(254, 1, 170, 26, 5, 6, 1, 1, 0, 0, 262, 0, 0, 0, 0),
(255, 1, 170, 26, 5, 6, 1, 1, 0, 0, 302, 0, 0, 0, 0),
(256, 1, 170, 26, 5, 6, 1, 1, 0, 0, 157, 0, 0, 0, 0),
(257, 1, 170, 26, 5, 6, 1, 1, 0, 0, 105, 0, 0, 0, 0),
(258, 1, 170, 26, 5, 6, 1, 1, 0, 0, 28, 0, 0, 0, 0),
(259, 1, 170, 26, 5, 6, 1, 1, 0, 0, 80, 0, 0, 0, 0),
(260, 1, 171, 27, 5, 6, 1, 1, 0, 0, 2, 0, 0, 0, 0),
(261, 1, 171, 27, 5, 6, 1, 1, 0, 0, 31, 0, 0, 0, 0),
(262, 1, 171, 27, 5, 6, 1, 1, 0, 0, 620, 0, 0, 0, 0),
(263, 1, 171, 27, 5, 6, 1, 1, 0, 0, 30, 0, 0, 0, 0),
(264, 1, 171, 27, 5, 6, 1, 1, 0, 0, 136, 0, 0, 0, 0),
(265, 1, 171, 27, 5, 6, 1, 1, 0, 0, 111, 0, 0, 0, 0),
(266, 1, 171, 27, 5, 6, 1, 1, 0, 0, 15, 0, 0, 0, 0),
(267, 1, 171, 27, 5, 6, 1, 1, 0, 0, 120, 0, 0, 0, 0),
(268, 1, 172, 28, 5, 6, 1, 1, 0, 0, 4, 0, 0, 0, 0),
(269, 1, 172, 28, 5, 6, 1, 1, 0, 0, 7, 0, 0, 0, 0),
(270, 1, 172, 28, 5, 6, 1, 1, 0, 0, 273, 0, 0, 0, 0),
(271, 1, 172, 28, 5, 6, 1, 1, 0, 0, 19, 0, 0, 0, 0),
(272, 1, 172, 28, 5, 6, 1, 1, 0, 0, 71, 0, 0, 0, 0),
(273, 1, 172, 28, 5, 6, 1, 1, 0, 0, 102, 0, 0, 0, 0),
(274, 1, 172, 28, 5, 6, 1, 1, 0, 0, 16, 0, 0, 0, 0),
(275, 1, 172, 28, 5, 6, 1, 1, 0, 0, 175, 0, 0, 0, 0),
(276, 1, 172, 28, 5, 6, 1, 1, 0, 0, 92, 0, 0, 0, 0),
(277, 1, 172, 28, 5, 6, 1, 1, 0, 0, 14, 0, 0, 0, 0),
(278, 1, 172, 28, 5, 6, 1, 1, 0, 0, 10, 0, 0, 0, 0),
(279, 1, 172, 28, 5, 6, 1, 1, 0, 0, 38, 0, 0, 0, 0),
(280, 1, 173, 29, 4, 6, 1, 5, 0, 0, 695, 0, 0, 0, 0),
(281, 1, 174, 30, 5, 8, 1, 1, 0, 0, 25, 0, 0, 0, 0),
(282, 1, 174, 30, 5, 8, 1, 1, 0, 0, 535, 0, 0, 0, 0),
(283, 1, 174, 30, 5, 8, 1, 1, 0, 0, 159, 0, 0, 0, 0),
(284, 1, 174, 30, 5, 8, 1, 1, 0, 0, 78, 0, 0, 0, 0),
(285, 1, 174, 30, 5, 8, 1, 1, 0, 0, 72, 0, 0, 0, 0),
(286, 1, 174, 30, 5, 8, 1, 1, 0, 0, 106, 0, 0, 0, 0),
(287, 1, 174, 30, 5, 8, 1, 1, 0, 0, 202, 0, 0, 0, 0),
(288, 1, 174, 30, 5, 8, 1, 1, 0, 0, 29, 0, 0, 0, 0),
(289, 1, 174, 30, 5, 8, 1, 1, 0, 0, 46, 0, 0, 0, 0),
(290, 1, 175, 31, 5, 4, 1, 1, 0, 0, 8, 0, 0, 0, 0),
(291, 1, 175, 31, 5, 4, 1, 1, 0, 0, 383, 0, 0, 0, 0),
(292, 1, 175, 31, 5, 4, 1, 1, 0, 0, 1080, 0, 0, 0, 0),
(293, 1, 175, 31, 5, 4, 1, 1, 0, 0, 84, 0, 0, 0, 0),
(294, 1, 175, 31, 5, 4, 1, 1, 0, 0, 72, 0, 0, 0, 0),
(295, 1, 175, 31, 5, 4, 1, 1, 0, 0, 70, 0, 0, 0, 0),
(296, 1, 175, 31, 5, 4, 1, 1, 0, 0, 10, 0, 0, 0, 0),
(297, 1, 175, 31, 5, 4, 1, 1, 0, 0, 32, 0, 0, 0, 0),
(298, 1, 176, 32, 4, 6, 1, 5, 0, 0, 1, 0, 0, 0, 0),
(299, 1, 176, 32, 4, 6, 1, 5, 0, 0, 320, 0, 0, 0, 0),
(300, 1, 176, 32, 4, 6, 1, 5, 0, 0, 178, 0, 0, 0, 0),
(301, 1, 176, 32, 4, 6, 1, 5, 0, 0, 120, 0, 0, 0, 0),
(302, 1, 176, 32, 4, 6, 1, 5, 0, 0, 42, 0, 0, 0, 0),
(303, 1, 176, 32, 4, 6, 1, 5, 0, 0, 6, 0, 0, 0, 0),
(304, 1, 176, 32, 4, 6, 1, 5, 0, 0, 128, 0, 0, 0, 0),
(305, 1, 176, 32, 4, 6, 1, 5, 0, 0, 388, 0, 0, 0, 0),
(306, 1, 176, 32, 4, 6, 1, 5, 0, 0, 31, 0, 0, 0, 0),
(307, 1, 176, 32, 4, 6, 1, 5, 0, 0, 78, 0, 0, 0, 0),
(308, 1, 177, 33, 4, 6, 1, 5, 0, 0, 201, 0, 0, 0, 0),
(309, 1, 177, 33, 4, 6, 1, 5, 0, 0, 36, 0, 0, 0, 0),
(310, 1, 177, 33, 4, 6, 1, 5, 0, 0, 111, 0, 0, 0, 0),
(311, 1, 177, 33, 4, 6, 1, 5, 0, 0, 157, 0, 0, 0, 0),
(312, 1, 177, 33, 4, 6, 1, 5, 0, 0, 15, 0, 0, 0, 0),
(313, 1, 177, 33, 4, 6, 1, 5, 0, 0, 96, 0, 0, 0, 0),
(314, 1, 177, 33, 4, 6, 1, 5, 0, 0, 199, 0, 0, 0, 0),
(315, 1, 177, 33, 4, 6, 1, 5, 0, 0, 395, 0, 0, 0, 0),
(316, 1, 177, 33, 4, 6, 1, 5, 0, 0, 85, 0, 0, 0, 0),
(317, 1, 177, 33, 4, 6, 1, 5, 0, 0, 162, 0, 0, 0, 0),
(318, 1, 177, 33, 4, 6, 1, 5, 0, 0, 27, 0, 0, 0, 0),
(319, 1, 177, 33, 4, 6, 1, 5, 0, 0, 10, 0, 0, 0, 0),
(320, 1, 178, 34, 5, 6, 1, 1, 0, 0, 303, 0, 0, 0, 0),
(321, 1, 178, 34, 5, 6, 1, 1, 0, 0, 76, 0, 0, 0, 0),
(322, 1, 178, 34, 5, 6, 1, 1, 0, 0, 240, 0, 0, 0, 0),
(323, 1, 178, 34, 5, 6, 1, 1, 0, 0, 81, 0, 0, 0, 0),
(324, 1, 178, 34, 5, 6, 1, 1, 0, 0, 347, 0, 0, 0, 0),
(325, 1, 178, 34, 5, 6, 1, 1, 0, 0, 108, 0, 0, 0, 0),
(326, 1, 178, 34, 5, 6, 1, 1, 0, 0, 154, 0, 0, 0, 0),
(327, 1, 178, 34, 5, 6, 1, 1, 0, 0, 81, 0, 0, 0, 0),
(328, 1, 179, 35, 4, 8, 1, 5, 0, 0, 80, 0, 0, 0, 0),
(329, 1, 179, 35, 4, 8, 1, 5, 0, 0, 448, 0, 0, 0, 0),
(330, 1, 179, 35, 4, 8, 1, 5, 0, 0, 272, 0, 0, 0, 0),
(331, 1, 179, 35, 4, 8, 1, 5, 0, 0, 240, 0, 0, 0, 0),
(332, 1, 179, 35, 4, 8, 1, 5, 0, 0, 80, 0, 0, 0, 0),
(333, 1, 179, 35, 4, 8, 1, 5, 0, 0, 48, 0, 0, 0, 0),
(334, 1, 180, 36, 10, 6, 1, 1, 0, 0, 94, 0, 0, 0, 0),
(335, 1, 180, 36, 10, 6, 1, 1, 0, 0, 1, 0, 0, 0, 0),
(336, 1, 180, 36, 10, 6, 1, 1, 0, 0, 336, 0, 0, 0, 0),
(337, 1, 180, 36, 10, 6, 1, 1, 0, 0, 312, 0, 0, 0, 0),
(338, 1, 180, 36, 10, 6, 1, 1, 0, 0, 160, 0, 0, 0, 0),
(339, 1, 180, 36, 10, 6, 1, 1, 0, 0, 153, 0, 0, 0, 0),
(340, 1, 180, 36, 10, 6, 1, 1, 0, 0, 72, 0, 0, 0, 0),
(341, 1, 180, 36, 10, 6, 1, 1, 0, 0, 238, 0, 0, 0, 0),
(342, 1, 181, 37, 6, 5, 1, 2, 0, 0, 697, 0, 0, 0, 0),
(343, 1, 0, 38, 5, 8, 1, 1, 0, 0, 680, 0, 0, 0, 0),
(344, 1, 0, 39, 4, 6, 1, 5, 0, 0, 504, 0, 0, 0, 0),
(345, 1, 0, 39, 4, 6, 1, 1, 0, 0, 787, 0, 0, 0, 0),
(346, 1, 0, 39, 4, 6, 1, 1, 0, 0, 43, 0, 0, 0, 0),
(347, 1, 0, 40, 5, 8, 1, 1, 0, 0, 833, 0, 0, 0, 0),
(348, 1, 0, 40, 5, 8, 1, 1, 0, 0, 553, 0, 0, 0, 0),
(349, 1, 0, 40, 5, 8, 1, 1, 0, 0, 33, 0, 0, 0, 0),
(350, 1, 0, 41, 5, 6, 1, 1, 0, 0, 912, 0, 0, 0, 0),
(351, 1, 0, 41, 5, 6, 1, 1, 0, 0, 247, 0, 0, 0, 0),
(352, 1, 0, 41, 5, 6, 1, 1, 0, 0, 162, 0, 0, 0, 0),
(353, 1, 0, 42, 5, 6, 1, 1, 0, 0, 560, 0, 0, 0, 0),
(354, 1, 0, 42, 5, 6, 1, 1, 0, 0, 555, 0, 0, 0, 0),
(355, 1, 0, 42, 5, 6, 1, 1, 0, 0, 252, 0, 0, 0, 0),
(356, 1, 0, 42, 5, 6, 1, 1, 0, 0, 56, 0, 0, 0, 0),
(357, 1, 0, 43, 7, 9, 1, 10, 0, 0, 640, 0, 0, 0, 0),
(358, 1, 0, 44, 2, 5, 1, 4, 0, 0, 1368, 0, 0, 0, 0),
(359, 1, 0, 45, 5, 4, 1, 1, 0, 0, 742, 0, 0, 0, 0),
(360, 1, 0, 45, 5, 4, 1, 1, 0, 0, 354, 0, 0, 0, 0),
(361, 1, 0, 45, 5, 4, 1, 1, 0, 0, 246, 0, 0, 0, 0),
(362, 1, 0, 45, 5, 4, 1, 5, 0, 0, 186, 0, 0, 0, 0),
(363, 1, 0, 46, 5, 6, 1, 2, 0, 0, 212, 0, 0, 0, 0),
(364, 1, 0, 46, 5, 6, 1, 2, 0, 0, 145, 0, 0, 0, 0),
(365, 1, 0, 46, 5, 6, 1, 2, 0, 0, 576, 0, 0, 0, 0),
(366, 1, 0, 46, 5, 6, 1, 2, 0, 0, 432, 0, 0, 0, 0),
(367, 1, 0, 47, 5, 4, 1, 1, 0, 0, 1008, 0, 0, 0, 0),
(368, 1, 0, 47, 5, 4, 1, 1, 0, 0, 288, 0, 0, 0, 0),
(369, 1, 0, 48, 4, 6, 1, 5, 0, 0, 1080, 0, 0, 0, 0),
(370, 1, 0, 48, 4, 6, 1, 5, 0, 0, 203, 0, 0, 0, 0),
(371, 1, 0, 48, 4, 6, 1, 5, 0, 0, 107, 0, 0, 0, 0),
(372, 1, 0, 49, 6, 5, 1, 2, 0, 0, 432, 0, 0, 0, 0),
(373, 1, 0, 49, 6, 5, 1, 2, 0, 0, 72, 0, 0, 0, 0),
(374, 1, 0, 49, 6, 5, 1, 2, 0, 0, 280, 0, 0, 0, 0),
(375, 1, 0, 49, 6, 5, 1, 2, 0, 0, 229, 0, 0, 0, 0),
(376, 1, 0, 50, 5, 8, 1, 1, 0, 0, 288, 0, 0, 0, 0),
(377, 1, 0, 50, 5, 8, 1, 1, 0, 0, 648, 0, 0, 0, 0),
(378, 1, 0, 50, 5, 8, 1, 1, 0, 0, 105, 0, 0, 0, 0),
(379, 1, 0, 50, 5, 8, 1, 1, 0, 0, 321, 0, 0, 0, 0),
(380, 1, 0, 51, 5, 4, 1, 1, 0, 0, 595, 0, 0, 0, 0),
(381, 1, 0, 51, 5, 4, 1, 1, 0, 0, 397, 0, 0, 0, 0),
(382, 1, 0, 51, 5, 4, 1, 1, 0, 0, 291, 0, 0, 0, 0),
(383, 1, 0, 51, 5, 4, 1, 1, 0, 0, 49, 0, 0, 0, 0),
(384, 1, 0, 52, 4, 8, 1, 5, 0, 0, 727, 0, 0, 0, 0),
(385, 1, 0, 52, 4, 8, 1, 5, 0, 0, 348, 0, 0, 0, 0),
(386, 1, 0, 53, 4, 4, 1, 5, 0, 0, 510, 0, 0, 0, 0),
(387, 1, 0, 53, 4, 4, 1, 5, 0, 0, 534, 0, 0, 0, 0),
(388, 1, 0, 53, 4, 4, 1, 5, 0, 0, 112, 0, 0, 0, 0),
(389, 1, 0, 53, 4, 4, 1, 5, 0, 0, 85, 0, 0, 0, 0),
(390, 1, 0, 54, 5, 4, 1, 1, 0, 0, 474, 0, 0, 0, 0),
(391, 1, 0, 54, 5, 4, 1, 1, 0, 0, 271, 0, 0, 0, 0),
(392, 1, 0, 54, 5, 4, 1, 1, 0, 0, 244, 0, 0, 0, 0),
(393, 1, 0, 54, 5, 4, 1, 1, 0, 0, 179, 0, 0, 0, 0),
(394, 1, 0, 55, 5, 4, 1, 1, 0, 0, 749, 0, 0, 0, 0),
(395, 1, 0, 55, 5, 4, 1, 1, 0, 0, 56, 0, 0, 0, 0),
(396, 1, 0, 55, 5, 4, 1, 1, 0, 0, 286, 0, 0, 0, 0),
(397, 1, 0, 56, 4, 8, 1, 5, 0, 0, 420, 0, 0, 0, 0),
(398, 1, 0, 56, 4, 8, 1, 5, 0, 0, 15, 0, 0, 0, 0),
(399, 1, 0, 56, 4, 8, 1, 5, 0, 0, 155, 0, 0, 0, 0),
(400, 1, 0, 57, 1, 1, 2, 1, 0, 0, 324, 0, 0, 0, 0),
(401, 1, 0, 57, 1, 1, 2, 1, 0, 0, 102, 0, 0, 0, 0),
(402, 1, 0, 58, 5, 6, 1, 1, 0, 0, 72, 0, 0, 0, 0),
(403, 1, 0, 58, 5, 6, 1, 1, 0, 0, 504, 0, 0, 0, 0),
(404, 1, 0, 58, 5, 6, 1, 1, 0, 0, 164, 0, 0, 0, 0),
(405, 1, 0, 58, 5, 6, 1, 1, 0, 0, 29, 0, 0, 0, 0),
(406, 1, 0, 58, 5, 6, 1, 1, 0, 0, 18, 0, 0, 0, 0),
(407, 1, 0, 58, 5, 6, 1, 1, 0, 0, 116, 0, 0, 0, 0),
(408, 1, 0, 58, 5, 6, 1, 1, 0, 0, 39, 0, 0, 0, 0),
(409, 1, 0, 58, 5, 6, 1, 1, 0, 0, 168, 0, 0, 0, 0),
(410, 1, 0, 58, 5, 6, 1, 1, 0, 0, 95, 0, 0, 0, 0),
(411, 1, 0, 59, 5, 4, 1, 1, 0, 0, 126, 0, 0, 0, 0),
(412, 1, 0, 59, 5, 4, 1, 1, 0, 0, 121, 0, 0, 0, 0),
(413, 1, 0, 59, 5, 4, 1, 1, 0, 0, 432, 0, 0, 0, 0),
(414, 1, 0, 59, 5, 4, 1, 1, 0, 0, 288, 0, 0, 0, 0),
(415, 1, 0, 59, 5, 4, 1, 1, 0, 0, 72, 0, 0, 0, 0),
(416, 1, 0, 59, 5, 4, 1, 1, 0, 0, 10, 0, 0, 0, 0),
(417, 1, 0, 59, 5, 4, 1, 1, 0, 0, 167, 0, 0, 0, 0),
(418, 1, 0, 60, 4, 8, 1, 5, 0, 0, 520, 0, 0, 0, 0),
(419, 1, 0, 61, 5, 6, 1, 1, 0, 0, 27, 0, 0, 0, 0),
(420, 1, 0, 61, 5, 6, 1, 1, 0, 0, 345, 0, 0, 0, 0),
(421, 1, 0, 61, 5, 6, 1, 1, 0, 0, 247, 0, 0, 0, 0),
(422, 1, 0, 61, 5, 6, 1, 1, 0, 0, 86, 0, 0, 0, 0),
(423, 1, 0, 61, 5, 6, 1, 1, 0, 0, 213, 0, 0, 0, 0);

-- --------------------------------------------------------

--
-- Estructura de tabla para la tabla `transfer`
--

CREATE TABLE `transfer` (
  `id` int(11) NOT NULL,
  `code` varchar(10) DEFAULT NULL,
  `user_id` int(11) DEFAULT NULL,
  `client_id` int(11) NOT NULL,
  `co_truck` varchar(100) DEFAULT NULL,
  `truck` varchar(100) DEFAULT NULL,
  `driver` varchar(100) DEFAULT NULL,
  `container` varchar(100) DEFAULT NULL,
  `direccion_entrega` varchar(100) NOT NULL,
  `temperatura` varchar(10) NOT NULL,
  `manifest` varchar(255) DEFAULT NULL,
  `invoice` varchar(255) DEFAULT NULL,
  `date` date DEFAULT NULL,
  `updated_at` datetime NOT NULL,
  `created_at` datetime NOT NULL
) ENGINE=MyISAM DEFAULT CHARSET=latin1;

--
-- Volcado de datos para la tabla `transfer`
--

INSERT INTO `transfer` (`id`, `code`, `user_id`, `client_id`, `co_truck`, `truck`, `driver`, `container`, `direccion_entrega`, `temperatura`, `manifest`, `invoice`, `date`, `updated_at`, `created_at`) VALUES
(1, 'T-000001', 1, 1, '0', '0', '0', '0', '', '', '139', '', '2017-08-29', '2017-12-27 01:56:21', '2017-12-27 01:56:21'),
(2, 'T-000002', 1, 1, '0', '0', '0', '0', '', '', '141', '', '2017-08-31', '2017-12-27 01:56:21', '2017-12-27 01:56:21'),
(3, 'T-000003', 1, 1, '0', '0', '0', '0', '', '', '147', '', '2017-09-04', '2017-12-27 01:56:21', '2017-12-27 01:56:21'),
(4, 'T-000004', 1, 1, '1', '5', '1', '4', '', '', '148', '', '2017-09-05', '2017-12-27 01:56:21', '2017-12-27 01:56:21'),
(5, 'T-000005', 1, 1, '1', '4', '5', '6', '', '', '149', '', '2017-07-09', '2017-12-27 01:56:21', '2017-12-27 01:56:21'),
(6, 'T-000006', 1, 1, '1', '6', '2', '7', '', '', '150', '', '2017-09-10', '2017-12-27 01:56:21', '2017-12-27 01:56:21'),
(7, 'T-000007', 1, 1, '1', '3', '3', '6', '', '', '151', '', '2017-09-12', '2017-12-27 01:56:21', '2017-12-27 01:56:21'),
(8, 'T-000008', 1, 1, '1', '7', '7', '6', '', '', '152', '', '2017-09-14', '2017-12-27 01:56:21', '2017-12-27 01:56:21'),
(9, 'T-000009', 1, 1, '1', '4', '5', '4', '', '', '153', '', '2017-09-15', '2017-12-27 01:56:21', '2017-12-27 01:56:21'),
(10, 'T-000010', 1, 1, '1', '6', '8', '6', '', '', '154', '', '2017-09-16', '2017-12-27 01:56:21', '2017-12-27 01:56:21'),
(11, 'T-000011', 1, 1, '1', '5', '1', '6', '', '', '155', '', '2017-09-19', '2017-12-27 01:56:21', '2017-12-27 01:56:21'),
(12, 'T-000012', 1, 1, '1', '5', '1', '6', '', '', '156', '', '2017-09-20', '2017-12-27 01:56:21', '2017-12-27 01:56:21'),
(13, 'T-000013', 1, 1, '1', '4', '5', '10', '', '', '157', '', '2017-09-22', '2017-12-27 01:56:21', '2017-12-27 01:56:21'),
(14, 'T-000014', 1, 1, '1', '6', '2', '5', '', '', '158', '', '2017-09-22', '2017-12-27 01:56:21', '2017-12-27 01:56:21'),
(15, 'T-000015', 1, 1, '1', '5', '1', '6', '', '', '159', '', '2017-09-24', '2017-12-27 01:56:21', '2017-12-27 01:56:21'),
(16, 'T-000016', 1, 1, '1', '2', '4', '5', '', '', '160', '', '2017-09-26', '2017-12-27 01:56:21', '2017-12-27 01:56:21'),
(17, 'T-000017', 1, 1, '1', '5', '1', '6', '', '', '161', '', '2017-09-28', '2017-12-27 01:56:21', '2017-12-27 01:56:21'),
(18, 'T-000018', 1, 1, '1', '5', '9', '6', '', '', '162', '', '2017-09-30', '2017-12-27 01:56:21', '2017-12-27 01:56:21'),
(19, 'T-000019', 1, 1, '1', '4', '5', '9', '', '', '163', '', '2017-10-04', '2017-12-27 01:56:21', '2017-12-27 01:56:21'),
(20, 'T-000020', 1, 1, '1', '2', '4', '5', '', '', '164', '', '2017-10-06', '2017-12-27 01:56:21', '2017-12-27 01:56:21'),
(21, 'T-000021', 1, 1, '1', '2', '4', '5', '', '', '165', '', '2017-10-10', '2017-12-27 01:56:21', '2017-12-27 01:56:21'),
(22, 'T-000022', 1, 1, '1', '4', '5', '6', '', '', '166', '', '2017-10-11', '2017-12-27 01:56:21', '2017-12-27 01:56:21'),
(23, 'T-000023', 1, 1, '1', '4', '5', '8', '', '', '167', '', '2017-10-13', '2017-12-27 01:56:21', '2017-12-27 01:56:21'),
(24, 'T-000024', 1, 1, '1', '5', '1', '6', '', '', '168', '', '2017-10-16', '2017-12-27 01:56:21', '2017-12-27 01:56:21'),
(25, 'T-000025', 1, 1, '1', '4', '5', '4', '', '', '169', '', '2017-10-18', '2017-12-27 01:56:21', '2017-12-27 01:56:21'),
(26, 'T-000026', 1, 1, '1', '5', '1', '6', '', '', '170', '', '2017-10-19', '2017-12-27 01:56:21', '2017-12-27 01:56:21'),
(27, 'T-000027', 1, 1, '1', '5', '1', '6', '', '', '171', '', '2017-10-20', '2017-12-27 01:56:21', '2017-12-27 01:56:21'),
(28, 'T-000028', 1, 1, '1', '5', '1', '6', '', '', '172', '', '2017-10-22', '2017-12-27 01:56:21', '2017-12-27 01:56:21'),
(29, 'T-000029', 1, 1, '1', '4', '5', '6', '', '', '173', '', '2017-10-23', '2017-12-27 01:56:21', '2017-12-27 01:56:21'),
(30, 'T-000030', 1, 1, '1', '5', '1', '8', '', '', '174', '', '2017-10-25', '2017-12-27 01:56:21', '2017-12-27 01:56:21'),
(31, 'T-000031', 1, 1, '1', '5', '1', '4', '', '', '175', '', '2017-10-27', '2017-12-27 01:56:21', '2017-12-27 01:56:21'),
(32, 'T-000032', 1, 1, '1', '4', '5', '6', '', '', '176', '', '2017-10-29', '2017-12-27 01:56:21', '2017-12-27 01:56:21'),
(33, 'T-000033', 1, 1, '1', '4', '5', '6', '', '', '177', '', '2017-10-31', '2017-12-27 01:56:21', '2017-12-27 01:56:21'),
(34, 'T-000034', 1, 1, '1', '5', '1', '6', '', '', '178', '', '2017-11-02', '2017-12-27 01:56:21', '2017-12-27 01:56:21'),
(35, 'T-000035', 1, 1, '1', '4', '5', '8', '', '', '179', '', '2017-11-05', '2017-12-27 01:56:21', '2017-12-27 01:56:21'),
(36, 'T-000036', 1, 1, '1', '10', '1', '6', '', '', '180', '', '2017-11-05', '2017-12-27 01:56:21', '2017-12-27 01:56:21'),
(37, 'T-000037', 1, 1, '1', '6', '2', '5', '', '', '181', '', '2017-11-05', '2017-12-27 01:56:21', '2017-12-27 01:56:21'),
(38, 'T-000038', 1, 1, '1', '5', '1', '8', '', '', '182', '113', '2017-11-09', '2017-12-27 01:56:21', '2017-12-27 01:56:21'),
(39, 'T-000039', 1, 1, '1', '4', '5', '6', '', '', '183', '112', '2017-11-08', '2017-12-27 01:56:21', '2017-12-27 01:56:21'),
(40, 'T-000040', 1, 1, '1', '5', '1', '8', '', '', '184', '114', '2017-11-12', '2017-12-27 01:56:21', '2017-12-27 01:56:21'),
(41, 'T-000041', 1, 1, '1', '5', '1', '6', '', '', '185', '116', '2017-11-14', '2017-12-27 01:56:21', '2017-12-27 01:56:21'),
(42, 'T-000042', 1, 1, '1', '7', '10', '9', '', '', '186', '118', '2017-11-16', '2017-12-27 01:56:21', '2017-12-27 01:56:21'),
(43, 'T-000043', 1, 1, '1', '2', '4', '5', '', '', '187', '119', '2017-11-19', '2017-12-27 01:56:21', '2017-12-27 01:56:21'),
(44, 'T-000044', 1, 1, '1', '5', '1', '4', '', '', '188', '120', '2017-11-19', '2017-12-27 01:56:21', '2017-12-27 01:56:21'),
(45, 'T-000045', 1, 1, '1', '5', '2', '6', '', '', '189', '121', '2017-11-20', '2017-12-27 01:56:21', '2017-12-27 01:56:21'),
(46, 'T-000046', 1, 1, '1', '5', '1', '4', '', '', '189', '123', '2017-11-22', '2017-12-27 01:56:21', '2017-12-27 01:56:21'),
(47, 'T-000047', 1, 1, '1', '4', '5', '6', '', '', '190', '125', '2017-11-26', '2017-12-27 01:56:21', '2017-12-27 01:56:21'),
(48, 'T-000048', 1, 1, '1', '6', '2', '5', '', '', '190', '126', '2017-11-26', '2017-12-27 01:56:21', '2017-12-27 01:56:21'),
(49, 'T-000049', 1, 1, '1', '5', '1', '8', '', '', '190', '127', '2017-11-26', '2017-12-27 01:56:21', '2017-12-27 01:56:21'),
(50, 'T-000050', 1, 1, '1', '5', '1', '4', '', '', '190', '129', '2017-11-29', '2017-12-27 01:56:21', '2017-12-27 01:56:21'),
(51, 'T-000051', 1, 1, '1', '4', '5', '8', '', '', '191', '130', '2017-11-30', '2017-12-27 01:56:21', '2017-12-27 01:56:21'),
(52, 'T-000052', 1, 1, '1', '4', '5', '4', '', '', '192', '131', '2017-12-04', '2017-12-27 01:56:21', '2017-12-27 01:56:21'),
(53, 'T-000053', 1, 1, '1', '5', '1', '4', '', '', '193', '132', '2017-12-05', '2017-12-27 01:56:21', '2017-12-27 01:56:21'),
(54, 'T-000054', 1, 1, '1', '5', '1', '4', '', '', '194', '133', '2017-12-07', '2017-12-27 01:56:21', '2017-12-27 01:56:21'),
(55, 'T-000055', 1, 1, '1', '4', '5', '8', '', '', '195', '134', '2017-12-10', '2017-12-27 01:56:21', '2017-12-27 01:56:21'),
(56, 'T-000056', 1, 1, '1', '1', '1', '1', '', '', '196', '135', '2017-12-12', '2017-12-27 01:56:21', '2017-12-27 01:56:21'),
(57, 'T-000057', 1, 1, '1', '5', '1', '6', '', '', '197', '136', '2017-12-16', '2017-12-27 01:56:21', '2017-12-27 01:56:21'),
(58, 'T-000058', 1, 1, '1', '5', '1', '4', '', '', '198', '137', '2017-12-18', '2017-12-27 01:56:21', '2017-12-27 01:56:21'),
(59, 'T-000059', 1, 1, '1', '4', '5', '8', '', '', '199', '139', '2017-12-20', '2017-12-27 01:56:21', '2017-12-27 01:56:21'),
(60, 'T-000060', 1, 1, '1', '5', '1', '6', '', '', '200', '140', '2017-12-21', '2017-12-27 01:56:21', '2017-12-27 01:56:21'),
(61, 'T-000061', 1, 1, '1', '0', '0', '0', '', '', '201', '141', '2017-12-24', '2017-12-27 01:56:21', '2017-12-27 01:56:21'),
(62, NULL, 1, 1, 'ricolino', '123314f', 'bla', 'sdf342', 'la us', '50', NULL, NULL, '2017-02-20', '2018-03-09 04:34:37', '2018-03-09 04:34:37'),
(63, NULL, 1, 1, 'ricolino', '123314f', 'bla', 'sdf342', 'la us', '50', NULL, NULL, '2017-02-20', '2018-03-09 04:36:20', '2018-03-09 04:36:20'),
(64, 'S-17000064', 1, 1, 'ricolino', '123314f', 'bla', 'sdf342', 'la us', '50', NULL, NULL, '2017-02-20', '2018-03-09 04:38:40', '2018-03-09 04:38:40'),
(65, NULL, 1, 1, 'ricolino', '123314f', 'bla', 'sdf342', 'la us', '50', NULL, NULL, '2017-02-20', '2018-03-09 04:46:13', '2018-03-09 04:46:13'),
(66, 'S-17080066', 1, 1, 'ricolino', '123314f', 'bla', 'sdf342', 'la us', '50', NULL, NULL, '2017-02-20', '2018-03-09 04:47:04', '2018-03-09 04:47:04'),
(67, 'S-17080067', 1, 1, 'ricolino', '123314f', 'bla', 'sdf342', 'la us', '50', NULL, NULL, '2017-02-20', '2018-03-09 04:48:13', '2018-03-09 04:48:13'),
(68, 'S-18100068', 1, 1, 'raulco', 'asd34', 'raul', 'asd34', 'asd43', '40', NULL, NULL, '2018-03-06', '2018-03-09 06:53:15', '2018-03-09 06:53:15'),
(69, 'S-18100069', 1, 1, 'raulco', 'rau234q', 'raul', 'rau239q', 'rau239q', '40', NULL, NULL, '2018-03-06', '2018-03-09 06:58:14', '2018-03-09 06:58:14'),
(70, NULL, 1, 1, 'sdgfdfg', 'dfgdfg', 'as', 'dfgdfg', 'dfgdfg', '37', NULL, NULL, NULL, '2018-03-09 09:38:24', '2018-03-09 09:38:24'),
(71, 'S-18100071', 1, 1, 'asda', 'asd', 'asd', 'asd', 'asd', '23', NULL, NULL, '2018-03-07', '2018-03-09 09:48:59', '2018-03-09 09:48:59'),
(72, 'S-18100072', 1, 1, 'sdf', 'sadfsd', 'asdsd', 'sdfsdf', 'fsdfs', '54', NULL, NULL, '2018-03-05', '2018-03-09 09:52:29', '2018-03-09 09:52:29'),
(73, 'S-18100073', 1, 1, 'sdf', 'sadfsd', 'asdsd', 'sdfsdf', 'fsdfs', '54', NULL, NULL, '2018-03-05', '2018-03-09 09:53:20', '2018-03-09 09:53:20'),
(74, NULL, 1, 1, 'asdas', 'dasdas', 'dasd', 'dasdad', 'dasdasd', '23', NULL, NULL, NULL, '2018-03-09 09:54:12', '2018-03-09 09:54:12'),
(75, 'S-17080075', 1, 1, 'ricolino', '123314f', 'bla', 'sdf342', 'la us', '50', NULL, NULL, '2017-02-20', '2018-03-09 09:55:06', '2018-03-09 09:55:06'),
(76, 'S-18100076', 1, 1, 'asdas', 'dasdas', 'dasd', 'dasdad', 'dasdasd', '23', NULL, NULL, '2018-03-06', '2018-03-09 10:00:05', '2018-03-09 10:00:05'),
(77, 'S-18100077', 1, 1, 'asd', 'asdasd', 'asdasd', 'arirasda', 'asdririir', '45', NULL, NULL, '2018-03-05', '2018-03-09 10:04:28', '2018-03-09 10:04:28'),
(78, 'S-18100078', 1, 1, 'sdfsdf', 'fafsfa', 'faff', 'fasff', 'fafaf', '45', NULL, NULL, '2018-03-05', '2018-03-09 10:10:20', '2018-03-09 10:10:20'),
(79, 'S-17080079', 1, 1, 'ricolino', '123314f', 'bla', 'sdf342', 'la us', '51', NULL, NULL, '2017-02-20', '2018-03-09 10:12:13', '2018-03-09 10:12:13'),
(80, 'S-18100080', 1, 1, '34ef', 'fsdf', 'fsadf', 'asd', 'dasd', '34', NULL, NULL, '2018-03-06', '2018-03-09 10:18:04', '2018-03-09 10:18:04'),
(81, 'S-18100081', 1, 1, 'hola', 'sd222', 'sdf', 'asd1233', 'asd123', '234', NULL, NULL, '2018-03-06', '2018-03-09 10:25:42', '2018-03-09 10:25:42'),
(82, 'S-18100082', 1, 1, 'probando', 'probando', 'probando', 'probando', 'probando', '34', NULL, NULL, '2018-03-06', '2018-03-09 10:27:47', '2018-03-09 10:27:47'),
(83, 'S-18100083', 1, 1, 'asdas', 'dasdas', 'dasdas', 'asdasd', 'dasdas', '234', NULL, NULL, '2018-03-05', '2018-03-09 10:35:53', '2018-03-09 10:35:53'),
(84, 'S-18100084', 1, 1, 'asdas', 'dasdas', 'dasdas', 'asdasd', 'dasdas', '234', NULL, NULL, '2018-03-05', '2018-03-09 10:42:22', '2018-03-09 10:42:22'),
(85, 'S-18100085', 1, 1, 'asdas', 'dasdas', 'dasdas', 'asdasd', 'dasdas888', '234', NULL, NULL, '2018-03-05', '2018-03-09 10:59:15', '2018-03-09 10:59:15'),
(86, 'S-18100086', 1, 1, 'jhjh', 'asdasd', 'sdsdf', 'asd', 'dasd', '43', NULL, NULL, '2018-03-06', '2018-03-09 11:08:08', '2018-03-09 11:08:08'),
(87, 'S-18090087', 1, 1, 'final', 'final', 'final', 'final', 'final', '34', NULL, NULL, '2018-03-01', '2018-03-09 11:14:33', '2018-03-09 11:14:33'),
(88, 'S-18100088', 1, 1, 'asda', 'asd', 'asd', 'asd', 'asd', '45', NULL, NULL, '2018-03-06', '2018-03-09 20:25:27', '2018-03-09 20:25:27'),
(89, 'S-18100089', 1, 1, 'asdasdprueba final', 'prueba final', 'prueba final', 'prueba final', 'prueba final', '45', NULL, NULL, '2018-03-06', '2018-03-09 21:06:54', '2018-03-09 21:06:54'),
(90, 'S-18100090', 1, 1, 'asd', 'asd', 'asd', 'asd', 'asd', '23', NULL, NULL, '2018-03-07', '2018-03-09 21:09:41', '2018-03-09 21:09:41'),
(91, 'S-18100091', 1, 1, 'prueba final', 'prueba final', 'prueba final', 'prueba final', 'prueba final', '10', NULL, NULL, '2018-03-06', '2018-03-09 21:11:47', '2018-03-09 21:11:47'),
(92, 'S-18100092', 1, 1, 'subido', 'subido', 'subido', 'subido', 'subido', '34', NULL, NULL, '2018-03-06', '2018-03-09 21:27:47', '2018-03-09 21:27:47'),
(93, 'S-18110093', 1, 1, 'nosubido', 'nosubido', 'nosubido', 'nosubido', 'nosubido', '34', NULL, NULL, '2018-03-12', '2018-03-09 21:31:31', '2018-03-09 21:31:31'),
(94, 'S-18110094', 1, 1, 'nosubido', 'nosubido', 'nosubido', 'nosubido', 'nosubido', '34', NULL, NULL, '2018-03-12', '2018-03-09 21:35:24', '2018-03-09 21:35:24');

-- --------------------------------------------------------

--
-- Estructura de tabla para la tabla `transfer_item`
--

CREATE TABLE `transfer_item` (
  `id` int(11) NOT NULL,
  `transfer_id` int(11) NOT NULL,
  `item_id` int(11) NOT NULL,
  `quantity` int(11) NOT NULL,
  `peso` varchar(10) NOT NULL DEFAULT '123',
  `price` varchar(20) NOT NULL
) ENGINE=MyISAM DEFAULT CHARSET=latin1;

--
-- Volcado de datos para la tabla `transfer_item`
--

INSERT INTO `transfer_item` (`id`, `transfer_id`, `item_id`, `quantity`, `peso`, `price`) VALUES
(1, 1, 4, 78, '', '0'),
(2, 1, 1, 11, '', '0'),
(3, 1, 2, 377, '', '0'),
(4, 1, 16, 2, '', '0'),
(5, 1, 13, 15, '', '0'),
(6, 1, 14, 28, '', '0'),
(7, 1, 15, 35, '', '0'),
(8, 1, 3, 475, '', '0'),
(9, 2, 2, 262, '', '0'),
(10, 2, 3, 352, '', '0'),
(11, 2, 14, 38, '', '0'),
(12, 2, 11, 36, '', '0'),
(13, 2, 12, 14, '', '0'),
(14, 3, 2, 232, '', '0'),
(15, 3, 3, 142, '', '0'),
(16, 3, 5, 27, '', '0'),
(17, 3, 6, 18, '', '0'),
(18, 3, 7, 3, '', '0'),
(19, 3, 14, 401, '', '0'),
(20, 3, 11, 162, '', '0'),
(21, 3, 12, 24, '', '0'),
(22, 3, 13, 32, '', '0'),
(23, 3, 14, 15, '', '0'),
(24, 3, 15, 6, '', '0'),
(25, 4, 2, 80, '', '0'),
(26, 4, 3, 80, '', '0'),
(27, 4, 14, 776, '', '0'),
(28, 4, 11, 328, '', '0'),
(29, 4, 9, 26, '', '0'),
(30, 4, 14, 45, '', '0'),
(31, 5, 25, 81, '', '0'),
(32, 5, 24, 154, '', '0'),
(33, 5, 23, 38, '', '0'),
(34, 5, 27, 2, '', '0'),
(35, 5, 2, 178, '', '0'),
(36, 5, 3, 94, '', '0'),
(37, 5, 6, 24, '', '0'),
(38, 5, 7, 4, '', '0'),
(39, 5, 14, 368, '', '0'),
(40, 5, 11, 258, '', '0'),
(41, 5, 12, 74, '', '0'),
(42, 5, 14, 13, '', '0'),
(43, 5, 15, 8, '', '0'),
(44, 6, 23, 48, '', '0'),
(45, 6, 24, 176, '', '0'),
(46, 6, 25, 65, '', '0'),
(47, 6, 26, 1, '', '0'),
(48, 6, 27, 3, '', '0'),
(49, 6, 14, 480, '', '0'),
(50, 6, 11, 480, '', '0'),
(51, 6, 12, 84, '', '0'),
(52, 6, 13, 32, '', '0'),
(53, 6, 5, 24, '', '0'),
(54, 6, 6, 16, '', '0'),
(55, 7, 2, 24, '', '0'),
(56, 7, 3, 16, '', '0'),
(57, 7, 14, 400, '', '0'),
(58, 7, 11, 328, '', '0'),
(59, 7, 12, 42, '', '0'),
(60, 7, 5, 29, '', '0'),
(61, 7, 6, 21, '', '0'),
(62, 7, 7, 6, '', '0'),
(63, 7, 13, 8, '', '0'),
(64, 8, 23, 63, '', '0'),
(65, 8, 24, 511, '', '0'),
(66, 8, 25, 307, '', '0'),
(67, 8, 26, 1, '', '0'),
(68, 8, 27, 3, '', '0'),
(69, 8, 2, 40, '', '0'),
(70, 8, 3, 40, '', '0'),
(71, 8, 9, 16, '', '0'),
(72, 8, 14, 144, '', '0'),
(73, 8, 11, 80, '', '0'),
(74, 8, 12, 77, '', '0'),
(75, 8, 0, 84, '', '0'),
(76, 9, 2, 80, '', '0'),
(77, 9, 10, 304, '', '0'),
(78, 9, 11, 320, '', '0'),
(79, 9, 12, 84, '', '0'),
(80, 9, 5, 12, '', '0'),
(81, 9, 6, 27, '', '0'),
(82, 9, 7, 108, '', '0'),
(83, 9, 13, 7, '', '0'),
(84, 9, 15, 6, '', '0'),
(85, 9, 24, 360, '', '0'),
(86, 9, 25, 240, '', '0'),
(87, 10, 5, 21, '', '0'),
(88, 10, 6, 30, '', '0'),
(89, 10, 7, 4, '', '0'),
(90, 10, 13, 17, '', '0'),
(91, 10, 14, 7, '', '0'),
(92, 10, 14, 233, '', '0'),
(93, 10, 11, 80, '', '0'),
(94, 10, 12, 42, '', '0'),
(95, 10, 24, 151, '', '0'),
(96, 10, 23, 47, '', '0'),
(97, 10, 25, 56, '', '0'),
(98, 10, 27, 3, '', '0'),
(99, 10, 26, 2, '', '0'),
(100, 11, 1, 1, '', '0'),
(101, 11, 2, 1, '', '0'),
(102, 11, 3, 4, '', '0'),
(103, 11, 14, 572, '', '0'),
(104, 11, 11, 294, '', '0'),
(105, 11, 13, 44, '', '0'),
(106, 11, 14, 24, '', '0'),
(107, 11, 15, 12, '', '0'),
(108, 11, 12, 124, '', '0'),
(109, 11, 0, 42, '', '0'),
(110, 11, 23, 49, '', '0'),
(111, 11, 24, 139, '', '0'),
(112, 11, 25, 54, '', '0'),
(113, 11, 27, 2, '', '0'),
(114, 12, 14, 294, '', '0'),
(115, 12, 11, 89, '', '0'),
(116, 12, 13, 39, '', '0'),
(117, 12, 14, 6, '', '0'),
(118, 12, 12, 17, '', '0'),
(119, 12, 16, 5, '', '0'),
(120, 12, 24, 240, '', '0'),
(121, 12, 25, 360, '', '0'),
(122, 13, 23, 88, '', '0'),
(123, 13, 24, 482, '', '0'),
(124, 13, 25, 324, '', '0'),
(125, 13, 26, 2, '', '0'),
(126, 13, 27, 43, '', '0'),
(127, 14, 9, 5, '', '0'),
(128, 14, 14, 454, '', '0'),
(129, 14, 11, 261, '', '0'),
(130, 14, 12, 25, '', '0'),
(131, 14, 13, 46, '', '0'),
(132, 14, 14, 16, '', '0'),
(133, 14, 15, 2, '', '0'),
(134, 14, 0, 82, '', '0'),
(135, 15, 2, 211, '', '0'),
(136, 15, 3, 112, '', '0'),
(137, 15, 9, 9, '', '0'),
(138, 15, 10, 234, '', '0'),
(139, 15, 11, 97, '', '0'),
(140, 15, 12, 15, '', '0'),
(141, 15, 13, 36, '', '0'),
(142, 15, 14, 17, '', '0'),
(143, 15, 15, 3, '', '0'),
(144, 15, 23, 108, '', '0'),
(145, 15, 24, 247, '', '0'),
(146, 15, 25, 72, '', '0'),
(147, 15, 27, 2, '', '0'),
(148, 16, 14, 172, '', '0'),
(149, 16, 11, 284, '', '0'),
(150, 16, 12, 171, '', '0'),
(151, 16, 13, 17, '', '0'),
(152, 16, 14, 19, '', '0'),
(153, 16, 15, 11, '', '0'),
(154, 16, 16, 5, '', '0'),
(155, 16, 2, 1, '', '0'),
(156, 16, 3, 1, '', '0'),
(157, 16, 23, 68, '', '0'),
(158, 16, 24, 163, '', '0'),
(159, 16, 25, 61, '', '0'),
(160, 16, 27, 3, '', '0'),
(161, 17, 1, 16, '', '0'),
(162, 17, 2, 70, '', '0'),
(163, 17, 3, 47, '', '0'),
(164, 17, 9, 12, '', '0'),
(165, 17, 14, 323, '', '0'),
(166, 17, 11, 125, '', '0'),
(167, 17, 12, 16, '', '0'),
(168, 17, 0, 18, '', '0'),
(169, 17, 13, 37, '', '0'),
(170, 17, 14, 12, '', '0'),
(171, 17, 15, 1, '', '0'),
(172, 17, 25, 50, '', '0'),
(173, 17, 24, 102, '', '0'),
(174, 17, 23, 100, '', '0'),
(175, 17, 27, 79, '', '0'),
(176, 18, 2, 205, '', '0'),
(177, 18, 3, 103, '', '0'),
(178, 18, 5, 30, '', '0'),
(179, 18, 6, 8, '', '0'),
(180, 18, 7, 2, '', '0'),
(181, 18, 9, 8, '', '0'),
(182, 18, 14, 29, '', '0'),
(183, 18, 11, 123, '', '0'),
(184, 18, 12, 35, '', '0'),
(185, 18, 13, 57, '', '0'),
(186, 18, 14, 31, '', '0'),
(187, 18, 23, 81, '', '0'),
(188, 18, 24, 156, '', '0'),
(189, 18, 25, 61, '', '0'),
(190, 18, 27, 3, '', '0'),
(191, 19, 14, 18, '', '0'),
(192, 19, 11, 382, '', '0'),
(193, 19, 12, 13, '', '0'),
(194, 19, 13, 41, '', '0'),
(195, 19, 5, 14, '', '0'),
(196, 19, 6, 18, '', '0'),
(197, 19, 14, 22, '', '0'),
(198, 19, 7, 1, '', '0'),
(199, 19, 23, 82, '', '0'),
(200, 19, 24, 164, '', '0'),
(201, 19, 25, 61, '', '0'),
(202, 19, 27, 2, '', '0'),
(203, 20, 9, 12, '', '0'),
(204, 20, 14, 26, '', '0'),
(205, 20, 11, 156, '', '0'),
(206, 20, 23, 109, '', '0'),
(207, 20, 24, 208, '', '0'),
(208, 20, 25, 97, '', '0'),
(209, 20, 27, 9, '', '0'),
(210, 21, 14, 67, '', '0'),
(211, 21, 11, 282, '', '0'),
(212, 21, 12, 19, '', '0'),
(213, 21, 5, 181, '', '0'),
(214, 21, 6, 173, '', '0'),
(215, 21, 7, 149, '', '0'),
(216, 21, 16, 154, '', '0'),
(217, 21, 23, 106, '', '0'),
(218, 21, 24, 186, '', '0'),
(219, 21, 25, 90, '', '0'),
(220, 21, 27, 3, '', '0'),
(221, 22, 14, 703, '', '0'),
(222, 22, 11, 521, '', '0'),
(223, 22, 5, 47, '', '0'),
(224, 22, 6, 40, '', '0'),
(225, 22, 7, 12, '', '0'),
(226, 23, 14, 564, '', '0'),
(227, 23, 11, 460, '', '0'),
(228, 23, 5, 129, '', '0'),
(229, 23, 6, 121, '', '0'),
(230, 23, 7, 48, '', '0'),
(231, 23, 23, 78, '', '0'),
(232, 23, 24, 110, '', '0'),
(233, 23, 25, 111, '', '0'),
(234, 23, 27, 3, '', '0'),
(235, 24, 14, 36, '', '0'),
(236, 24, 11, 224, '', '0'),
(237, 24, 12, 9, '', '0'),
(238, 24, 16, 12, '', '0'),
(239, 24, 5, 164, '', '0'),
(240, 24, 13, 8, '', '0'),
(241, 24, 6, 135, '', '0'),
(242, 24, 14, 10, '', '0'),
(243, 24, 7, 27, '', '0'),
(244, 24, 23, 68, '', '0'),
(245, 24, 24, 156, '', '0'),
(246, 24, 25, 75, '', '0'),
(247, 24, 27, 3, '', '0'),
(248, 25, 14, 80, '', '0'),
(249, 25, 11, 73, '', '0'),
(250, 25, 14, 360, '', '0'),
(251, 25, 15, 144, '', '0'),
(252, 25, 19, 86, '', '0'),
(253, 26, 9, 48, '', '0'),
(254, 26, 14, 262, '', '0'),
(255, 26, 11, 302, '', '0'),
(256, 26, 5, 157, '', '0'),
(257, 26, 6, 105, '', '0'),
(258, 26, 7, 28, '', '0'),
(259, 26, 17, 80, '', '0'),
(260, 27, 9, 2, '', '0'),
(261, 27, 14, 31, '', '0'),
(262, 27, 11, 620, '', '0'),
(263, 27, 12, 30, '', '0'),
(264, 27, 5, 136, '', '0'),
(265, 27, 6, 111, '', '0'),
(266, 27, 7, 15, '', '0'),
(267, 27, 17, 120, '', '0'),
(268, 28, 1, 4, '', '0'),
(269, 28, 9, 7, '', '0'),
(270, 28, 2, 273, '', '0'),
(271, 28, 14, 19, '', '0'),
(272, 28, 3, 71, '', '0'),
(273, 28, 11, 102, '', '0'),
(274, 28, 12, 16, '', '0'),
(275, 28, 1, 175, '', '0'),
(276, 28, 6, 92, '', '0'),
(277, 28, 7, 14, '', '0'),
(278, 28, 16, 10, '', '0'),
(279, 28, 17, 38, '', '0'),
(280, 29, 17, 695, '', '0'),
(281, 30, 1, 25, '', '0'),
(282, 30, 2, 535, '', '0'),
(283, 30, 3, 159, '', '0'),
(284, 30, 5, 78, '', '0'),
(285, 30, 14, 72, '', '0'),
(286, 30, 11, 106, '', '0'),
(287, 30, 13, 202, '', '0'),
(288, 30, 14, 29, '', '0'),
(289, 30, 19, 46, '', '0'),
(290, 31, 1, 8, '', '0'),
(291, 31, 2, 383, '', '0'),
(292, 31, 14, 1080, '', '0'),
(293, 31, 3, 84, '', '0'),
(294, 31, 11, 72, '', '0'),
(295, 31, 5, 70, '', '0'),
(296, 31, 6, 10, '', '0'),
(297, 31, 21, 32, '', '0'),
(298, 32, 9, 1, '', '0'),
(299, 32, 2, 320, '', '0'),
(300, 32, 14, 178, '', '0'),
(301, 32, 11, 120, '', '0'),
(302, 32, 12, 42, '', '0'),
(303, 32, 5, 6, '', '0'),
(304, 32, 13, 128, '', '0'),
(305, 32, 6, 388, '', '0'),
(306, 32, 14, 31, '', '0'),
(307, 32, 7, 78, '', '0'),
(308, 33, 2, 201, '', '0'),
(309, 33, 14, 36, '', '0'),
(310, 33, 3, 111, '', '0'),
(311, 33, 11, 157, '', '0'),
(312, 33, 12, 15, '', '0'),
(313, 33, 5, 96, '', '0'),
(314, 33, 13, 199, '', '0'),
(315, 33, 6, 395, '', '0'),
(316, 33, 14, 85, '', '0'),
(317, 33, 7, 162, '', '0'),
(318, 33, 15, 27, '', '0'),
(319, 33, 19, 10, '', '0'),
(320, 34, 2, 303, '', '0'),
(321, 34, 3, 76, '', '0'),
(322, 34, 11, 240, '', '0'),
(323, 34, 5, 81, '', '0'),
(324, 34, 6, 347, '', '0'),
(325, 34, 7, 108, '', '0'),
(326, 34, 19, 154, '', '0'),
(327, 34, 20, 81, '', '0'),
(328, 35, 2, 80, '', '0'),
(329, 35, 14, 448, '', '0'),
(330, 35, 11, 272, '', '0'),
(331, 35, 6, 240, '', '0'),
(332, 35, 7, 80, '', '0'),
(333, 35, 19, 48, '', '0'),
(334, 36, 1, 94, '', '0'),
(335, 36, 9, 1, '', '0'),
(336, 36, 2, 336, '', '0'),
(337, 36, 14, 312, '', '0'),
(338, 36, 3, 160, '', '0'),
(339, 36, 11, 153, '', '0'),
(340, 36, 5, 72, '', '0'),
(341, 36, 2, 238, '', '0'),
(342, 37, 17, 697, '', '0'),
(343, 38, 17, 680, '', '0'),
(344, 39, 0, 504, '', '0'),
(345, 39, 0, 787, '', '0'),
(346, 39, 19, 43, '', '0'),
(347, 40, 0, 833, '', '0'),
(348, 40, 0, 553, '', '0'),
(349, 40, 19, 33, '', '0'),
(350, 41, 0, 912, '', '0'),
(351, 41, 0, 247, '', '0'),
(352, 41, 19, 162, '', '0'),
(353, 42, 0, 560, '', '0'),
(354, 42, 0, 555, '', '0'),
(355, 42, 19, 252, '', '0'),
(356, 42, 19, 56, '', '0'),
(357, 43, 17, 640, '', '0'),
(358, 44, 0, 1368, '', '0'),
(359, 45, 0, 742, '', '0'),
(360, 45, 0, 354, '', '0'),
(361, 45, 19, 246, '', '0'),
(362, 45, 20, 186, '', '0'),
(363, 46, 30, 212, '', '0'),
(364, 46, 19, 145, '', '0'),
(365, 46, 0, 576, '', '0'),
(366, 46, 0, 432, '', '0'),
(367, 47, 0, 1008, '', '0'),
(368, 47, 0, 288, '', '0'),
(369, 48, 0, 1080, '', '0'),
(370, 48, 19, 203, '', '0'),
(371, 48, 20, 107, '', '0'),
(372, 49, 0, 432, '', '0'),
(373, 49, 0, 72, '', '0'),
(374, 49, 17, 280, '', '0'),
(375, 49, 30, 229, '', '0'),
(376, 50, 0, 288, '', '0'),
(377, 50, 0, 648, '', '0'),
(378, 50, 21, 105, '', '0'),
(379, 50, 19, 321, '', '0'),
(380, 51, 0, 595, '', '0'),
(381, 51, 0, 397, '', '0'),
(382, 51, 30, 291, '', '0'),
(383, 51, 19, 49, '', '0'),
(384, 52, 0, 727, '', '0'),
(385, 52, 19, 348, '', '0'),
(386, 53, 0, 510, '', '0'),
(387, 53, 21, 534, '', '0'),
(388, 53, 19, 112, '', '0'),
(389, 53, 20, 85, '', '0'),
(390, 54, 0, 474, '', '0'),
(391, 54, 20, 271, '', '0'),
(392, 54, 19, 244, '', '0'),
(393, 54, 21, 179, '', '0'),
(394, 55, 0, 749, '', '0'),
(395, 55, 20, 56, '', '0'),
(396, 55, 19, 286, '', '0'),
(397, 56, 0, 420, '', '0'),
(398, 56, 19, 15, '', '0'),
(399, 56, 20, 155, '', '0'),
(400, 57, 0, 324, '', '0'),
(401, 57, 30, 102, '', '0'),
(402, 58, 1, 72, '', '0'),
(403, 58, 2, 504, '', '0'),
(404, 58, 3, 164, '', '0'),
(405, 58, 4, 29, '', '0'),
(406, 58, 5, 18, '', '0'),
(407, 58, 6, 116, '', '0'),
(408, 58, 7, 39, '', '0'),
(409, 58, 19, 168, '', '0'),
(410, 58, 20, 95, '', '0'),
(411, 59, 30, 126, '', '0'),
(412, 59, 1, 121, '', '0'),
(413, 59, 2, 432, '', '0'),
(414, 59, 3, 288, '', '0'),
(415, 59, 4, 72, '', '0'),
(416, 59, 5, 10, '', '0'),
(417, 59, 6, 167, '', '0'),
(418, 60, 21, 520, '', '0'),
(419, 61, 5, 27, '', '0'),
(420, 61, 6, 345, '', '0'),
(421, 61, 20, 247, '', '0'),
(422, 61, 19, 86, '', '0'),
(423, 61, 30, 213, '', '0'),
(424, 68, 1, 50, '', '3'),
(425, 69, 0, 40, '', '30'),
(426, 84, 1, 2, '123', '2'),
(427, 85, 1, 2, '123', '2'),
(428, 86, 1, 2, '123', '4'),
(429, 87, 0, 2, '2', '7'),
(430, 88, 0, 4, '3', '7'),
(431, 89, 0, 1, '1', '1'),
(432, 90, 0, 1, '1', '1'),
(433, 91, 1, 2, '2', '2'),
(434, 92, 0, 1, '1', '1'),
(435, 93, 1, 2, '2', '2'),
(436, 94, 1, 1, '1', '1');

-- --------------------------------------------------------

--
-- Estructura de tabla para la tabla `users`
--

CREATE TABLE `users` (
  `id` int(10) UNSIGNED NOT NULL,
  `name` varchar(255) CHARACTER SET utf8 NOT NULL,
  `email` varchar(255) CHARACTER SET utf8 NOT NULL,
  `password` varchar(255) CHARACTER SET utf8 NOT NULL,
  `remember_token` varchar(100) CHARACTER SET utf8 DEFAULT NULL,
  `created_at` timestamp NULL DEFAULT NULL,
  `updated_at` timestamp NULL DEFAULT NULL
) ENGINE=InnoDB DEFAULT CHARSET=latin1;

--
-- Volcado de datos para la tabla `users`
--

INSERT INTO `users` (`id`, `name`, `email`, `password`, `remember_token`, `created_at`, `updated_at`) VALUES
(1, 'Admin', 'house-delights@delights.com', '$2y$10$rUskDsz7eGBFeq6VId2TSe47P5uarGD8X6jHjb2TNoC9sgKy08auC', 'MedSSYIwEhLl59QghLZ6sMnQOj30hTt3SC0EYzxCZENcAh0AhbFYgVPSFlyz', '2017-12-10 10:14:11', '2017-12-10 10:14:11');

--
-- Índices para tablas volcadas
--

--
-- Indices de la tabla `cliente`
--
ALTER TABLE `cliente`
  ADD PRIMARY KEY (`id`);

--
-- Indices de la tabla `item`
--
ALTER TABLE `item`
  ADD PRIMARY KEY (`id`);

--
-- Indices de la tabla `item_box`
--
ALTER TABLE `item_box`
  ADD PRIMARY KEY (`id`);

--
-- Indices de la tabla `item_serie`
--
ALTER TABLE `item_serie`
  ADD PRIMARY KEY (`id`);

--
-- Indices de la tabla `item_size`
--
ALTER TABLE `item_size`
  ADD PRIMARY KEY (`id`);

--
-- Indices de la tabla `item_type`
--
ALTER TABLE `item_type`
  ADD PRIMARY KEY (`id`);

--
-- Indices de la tabla `migrations`
--
ALTER TABLE `migrations`
  ADD PRIMARY KEY (`id`);

--
-- Indices de la tabla `oauth_access_tokens`
--
ALTER TABLE `oauth_access_tokens`
  ADD PRIMARY KEY (`id`),
  ADD KEY `oauth_access_tokens_user_id_index` (`user_id`);

--
-- Indices de la tabla `oauth_auth_codes`
--
ALTER TABLE `oauth_auth_codes`
  ADD PRIMARY KEY (`id`);

--
-- Indices de la tabla `oauth_clients`
--
ALTER TABLE `oauth_clients`
  ADD PRIMARY KEY (`id`),
  ADD KEY `oauth_clients_user_id_index` (`user_id`);

--
-- Indices de la tabla `oauth_personal_access_clients`
--
ALTER TABLE `oauth_personal_access_clients`
  ADD PRIMARY KEY (`id`),
  ADD KEY `oauth_personal_access_clients_client_id_index` (`client_id`);

--
-- Indices de la tabla `oauth_refresh_tokens`
--
ALTER TABLE `oauth_refresh_tokens`
  ADD PRIMARY KEY (`id`),
  ADD KEY `oauth_refresh_tokens_access_token_id_index` (`access_token_id`);

--
-- Indices de la tabla `password_resets`
--
ALTER TABLE `password_resets`
  ADD KEY `password_resets_email_index` (`email`(191));

--
-- Indices de la tabla `ranch`
--
ALTER TABLE `ranch`
  ADD PRIMARY KEY (`id`);

--
-- Indices de la tabla `receive_order`
--
ALTER TABLE `receive_order`
  ADD PRIMARY KEY (`id`);

--
-- Indices de la tabla `receive_order_item`
--
ALTER TABLE `receive_order_item`
  ADD PRIMARY KEY (`id`);

--
-- Indices de la tabla `temporal_manifest`
--
ALTER TABLE `temporal_manifest`
  ADD PRIMARY KEY (`id`);

--
-- Indices de la tabla `transfer`
--
ALTER TABLE `transfer`
  ADD PRIMARY KEY (`id`);

--
-- Indices de la tabla `transfer_item`
--
ALTER TABLE `transfer_item`
  ADD PRIMARY KEY (`id`);

--
-- Indices de la tabla `users`
--
ALTER TABLE `users`
  ADD PRIMARY KEY (`id`),
  ADD UNIQUE KEY `users_email_unique` (`email`);

--
-- AUTO_INCREMENT de las tablas volcadas
--

--
-- AUTO_INCREMENT de la tabla `cliente`
--
ALTER TABLE `cliente`
  MODIFY `id` int(10) NOT NULL AUTO_INCREMENT, AUTO_INCREMENT=2;

--
-- AUTO_INCREMENT de la tabla `item`
--
ALTER TABLE `item`
  MODIFY `id` int(11) UNSIGNED NOT NULL AUTO_INCREMENT, AUTO_INCREMENT=31;

--
-- AUTO_INCREMENT de la tabla `item_box`
--
ALTER TABLE `item_box`
  MODIFY `id` int(11) NOT NULL AUTO_INCREMENT, AUTO_INCREMENT=17;

--
-- AUTO_INCREMENT de la tabla `item_serie`
--
ALTER TABLE `item_serie`
  MODIFY `id` int(11) NOT NULL AUTO_INCREMENT, AUTO_INCREMENT=9;

--
-- AUTO_INCREMENT de la tabla `item_size`
--
ALTER TABLE `item_size`
  MODIFY `id` int(11) NOT NULL AUTO_INCREMENT, AUTO_INCREMENT=6;

--
-- AUTO_INCREMENT de la tabla `item_type`
--
ALTER TABLE `item_type`
  MODIFY `id` int(11) NOT NULL AUTO_INCREMENT, AUTO_INCREMENT=9;

--
-- AUTO_INCREMENT de la tabla `migrations`
--
ALTER TABLE `migrations`
  MODIFY `id` int(10) UNSIGNED NOT NULL AUTO_INCREMENT, AUTO_INCREMENT=8;

--
-- AUTO_INCREMENT de la tabla `oauth_clients`
--
ALTER TABLE `oauth_clients`
  MODIFY `id` int(10) UNSIGNED NOT NULL AUTO_INCREMENT, AUTO_INCREMENT=8;

--
-- AUTO_INCREMENT de la tabla `oauth_personal_access_clients`
--
ALTER TABLE `oauth_personal_access_clients`
  MODIFY `id` int(10) UNSIGNED NOT NULL AUTO_INCREMENT, AUTO_INCREMENT=3;

--
-- AUTO_INCREMENT de la tabla `ranch`
--
ALTER TABLE `ranch`
  MODIFY `id` int(11) UNSIGNED NOT NULL AUTO_INCREMENT, AUTO_INCREMENT=24;

--
-- AUTO_INCREMENT de la tabla `receive_order`
--
ALTER TABLE `receive_order`
  MODIFY `id` int(11) UNSIGNED NOT NULL AUTO_INCREMENT, AUTO_INCREMENT=199;

--
-- AUTO_INCREMENT de la tabla `receive_order_item`
--
ALTER TABLE `receive_order_item`
  MODIFY `id` int(11) UNSIGNED NOT NULL AUTO_INCREMENT, AUTO_INCREMENT=517;

--
-- AUTO_INCREMENT de la tabla `temporal_manifest`
--
ALTER TABLE `temporal_manifest`
  MODIFY `id` int(11) NOT NULL AUTO_INCREMENT, AUTO_INCREMENT=424;

--
-- AUTO_INCREMENT de la tabla `transfer`
--
ALTER TABLE `transfer`
  MODIFY `id` int(11) NOT NULL AUTO_INCREMENT, AUTO_INCREMENT=95;

--
-- AUTO_INCREMENT de la tabla `transfer_item`
--
ALTER TABLE `transfer_item`
  MODIFY `id` int(11) NOT NULL AUTO_INCREMENT, AUTO_INCREMENT=437;

--
-- AUTO_INCREMENT de la tabla `users`
--
ALTER TABLE `users`
  MODIFY `id` int(10) UNSIGNED NOT NULL AUTO_INCREMENT, AUTO_INCREMENT=2;
COMMIT;

/*!40101 SET CHARACTER_SET_CLIENT=@OLD_CHARACTER_SET_CLIENT */;
/*!40101 SET CHARACTER_SET_RESULTS=@OLD_CHARACTER_SET_RESULTS */;
/*!40101 SET COLLATION_CONNECTION=@OLD_COLLATION_CONNECTION */;
