-- phpMyAdmin SQL Dump
-- version 4.7.7
-- https://www.phpmyadmin.net/
--
-- Servidor: 127.0.0.1
-- Tiempo de generación: 24-03-2018 a las 23:16:33
-- Versión del servidor: 10.1.30-MariaDB
-- Versión de PHP: 7.2.2

SET SQL_MODE = "NO_AUTO_VALUE_ON_ZERO";
SET AUTOCOMMIT = 0;
START TRANSACTION;
SET time_zone = "+00:00";


/*!40101 SET @OLD_CHARACTER_SET_CLIENT=@@CHARACTER_SET_CLIENT */;
/*!40101 SET @OLD_CHARACTER_SET_RESULTS=@@CHARACTER_SET_RESULTS */;
/*!40101 SET @OLD_COLLATION_CONNECTION=@@COLLATION_CONNECTION */;
/*!40101 SET NAMES utf8mb4 */;

--
-- Base de datos: `house_delight`
--

-- --------------------------------------------------------

--
-- Estructura de tabla para la tabla `cliente`
--

CREATE TABLE `cliente` (
  `id` int(10) NOT NULL,
  `name` varchar(255) COLLATE utf8mb4_unicode_ci NOT NULL,
  `adress_bill` varchar(255) COLLATE utf8mb4_unicode_ci NOT NULL,
  `adress_delevery` varchar(255) COLLATE utf8mb4_unicode_ci NOT NULL,
  `phone` varchar(20) COLLATE utf8mb4_unicode_ci NOT NULL,
  `email` varchar(40) COLLATE utf8mb4_unicode_ci NOT NULL,
  `created_at` datetime NOT NULL,
  `updated_at` datetime NOT NULL
) ENGINE=InnoDB DEFAULT CHARSET=utf8mb4 COLLATE=utf8mb4_unicode_ci;

--
-- Volcado de datos para la tabla `cliente`
--

INSERT INTO `cliente` (`id`, `name`, `adress_bill`, `adress_delevery`, `phone`, `email`, `created_at`, `updated_at`) VALUES
(1, 'maxgroup', 'as', 'asd', '45345345', 'maxgroup@maxgroup.com', '0000-00-00 00:00:00', '0000-00-00 00:00:00');

-- --------------------------------------------------------

--
-- Estructura de tabla para la tabla `item`
--

CREATE TABLE `item` (
  `id` int(11) UNSIGNED NOT NULL,
  `part_number` varchar(6) DEFAULT NULL,
  `serie_id` int(11) DEFAULT NULL,
  `type_id` int(11) DEFAULT NULL,
  `size_id` int(11) DEFAULT NULL,
  `box_id` int(11) DEFAULT NULL,
  `description` text,
  `updated_at` datetime DEFAULT NULL,
  `created_at` datetime DEFAULT NULL
) ENGINE=InnoDB DEFAULT CHARSET=latin1;

--
-- Volcado de datos para la tabla `item`
--

INSERT INTO `item` (`id`, `part_number`, `serie_id`, `type_id`, `size_id`, `box_id`, `description`, `updated_at`, `created_at`) VALUES
(0, 'xxxx', 1, 1, 1, 1, 'xxxx', '2017-12-23 02:10:08', '2017-12-23 02:10:08'),
(1, 'SQITYX', 1, 1, 1, 1, NULL, NULL, NULL),
(2, 'SQITYF', 1, 1, 2, 1, NULL, NULL, NULL),
(3, 'SQITYM', 1, 1, 3, 1, NULL, NULL, NULL),
(4, 'SQITYL', 1, 1, 4, 1, NULL, NULL, NULL),
(5, 'SQMXYX', 1, 2, 1, 1, NULL, NULL, NULL),
(6, 'SQMXYF', 1, 2, 2, 1, NULL, NULL, NULL),
(7, 'SQMXYM', 1, 2, 3, 1, NULL, NULL, NULL),
(8, 'SQMXYL', 1, 2, 4, 1, NULL, NULL, NULL),
(9, 'SQITGX', 1, 3, 1, 2, NULL, NULL, NULL),
(10, 'SQITGF', 1, 3, 2, 2, NULL, NULL, NULL),
(11, 'SQITGM', 1, 3, 3, 2, NULL, NULL, NULL),
(12, 'SQITGL', 1, 3, 4, 2, NULL, NULL, NULL),
(13, 'SQMXGX', 1, 4, 1, 2, NULL, NULL, NULL),
(14, 'SQMXGF', 1, 4, 2, 2, NULL, NULL, NULL),
(15, 'SQMXGM', 1, 4, 3, 2, NULL, NULL, NULL),
(16, 'SQMXGL', 1, 4, 4, 2, NULL, NULL, NULL),
(17, 'CORSWY', 2, 5, 5, 3, NULL, NULL, NULL),
(18, 'CORSGE', 2, 6, 5, 4, NULL, NULL, NULL),
(19, 'THBSY', 3, 7, 5, 5, NULL, NULL, NULL),
(20, 'BSY', 3, 8, 5, 6, NULL, NULL, NULL),
(21, 'BRY', 4, 5, 5, 7, NULL, NULL, NULL),
(22, 'BRG', 4, 6, 5, 8, NULL, NULL, NULL),
(23, 'ASYS', 5, 5, 5, 9, NULL, NULL, NULL),
(24, 'ASYST', 5, 5, 5, 9, NULL, NULL, NULL),
(25, 'ASYL', 5, 5, 5, 9, NULL, NULL, NULL),
(26, 'ASYJ', 5, 5, 5, 9, NULL, NULL, NULL),
(27, 'ASYT', 5, 5, 5, 10, NULL, NULL, NULL),
(28, 'RAY', 6, 5, 5, 11, NULL, NULL, NULL),
(29, 'COY', 7, 5, 5, 12, NULL, NULL, NULL),
(30, 'GRY', 8, 5, 5, 13, NULL, NULL, NULL);

-- --------------------------------------------------------

--
-- Estructura de tabla para la tabla `item_box`
--

CREATE TABLE `item_box` (
  `id` int(11) NOT NULL,
  `name` varchar(45) NOT NULL,
  `weight` varchar(24) NOT NULL,
  `description` varchar(45) NOT NULL,
  `updated_at` datetime DEFAULT NULL,
  `created_at` datetime DEFAULT NULL
) ENGINE=MyISAM DEFAULT CHARSET=latin1;

--
-- Volcado de datos para la tabla `item_box`
--

INSERT INTO `item_box` (`id`, `name`, `weight`, `description`, `updated_at`, `created_at`) VALUES
(1, 'SQ1Y', '20', 'WHITE', '2017-12-21 22:56:05', '2017-12-21 22:56:05'),
(2, 'SQ2G', '20', 'KRAFT', '2017-12-21 22:56:05', '2017-12-21 22:56:05'),
(3, 'SC1Y', '45', 'WHITE YELLOW', '2017-12-21 22:56:05', '2017-12-21 22:56:05'),
(4, 'SC2G', '45', 'WHITE', '2017-12-21 22:56:05', '2017-12-21 22:56:05'),
(5, 'BN01', '10', 'KRAFT', '2017-12-21 22:56:05', '2017-12-21 22:56:05'),
(6, 'TB01', '10', 'KRAFT', '2017-12-21 22:56:05', '2017-12-21 22:56:05'),
(7, 'BRC01', '20', 'WHITE', '2017-12-21 22:56:05', '2017-12-21 22:56:05'),
(8, 'BRC02', '20', 'KRAFT', '2017-12-21 22:56:05', '2017-12-21 22:56:05'),
(9, 'ASP-SM', '11', 'KRAFT', '2017-12-21 22:56:05', '2017-12-21 22:56:05'),
(10, 'ASP-ST', '11', 'KRAFT', '2017-12-21 22:56:05', '2017-12-21 22:56:05'),
(11, 'APR-LRG', '11', 'KRAFT', '2017-12-21 22:56:05', '2017-12-21 22:56:05'),
(12, 'APS-JM', '11', 'KRAFT', '2017-12-21 22:56:05', '2017-12-21 22:56:05'),
(13, 'APS-TPS', '15', 'KRAFT', '2017-12-21 22:56:05', '2017-12-21 22:56:05'),
(14, 'RDSH-01', '0', 'WHITE', '2017-12-21 22:56:05', '2017-12-21 22:56:05'),
(15, 'COR-01', '0', 'WHITE', '2017-12-21 22:56:05', '2017-12-21 22:56:05'),
(16, 'GB-01', '30', 'KRAFT', '2017-12-21 22:56:05', '2017-12-21 22:56:05');

-- --------------------------------------------------------

--
-- Estructura de tabla para la tabla `item_serie`
--

CREATE TABLE `item_serie` (
  `id` int(11) NOT NULL,
  `name` varchar(45) NOT NULL,
  `updated_at` datetime NOT NULL,
  `created_at` datetime NOT NULL
) ENGINE=MyISAM DEFAULT CHARSET=latin1;

--
-- Volcado de datos para la tabla `item_serie`
--

INSERT INTO `item_serie` (`id`, `name`, `updated_at`, `created_at`) VALUES
(1, 'SQUASH', '2017-12-20 19:37:53', '2017-12-20 19:37:53'),
(2, 'CORN', '2017-12-20 19:37:53', '2017-12-20 19:37:53'),
(3, 'BASIL', '2017-12-20 19:38:21', '2017-12-20 19:38:21'),
(4, 'BROCOLI', '2017-12-20 19:38:21', '2017-12-20 19:38:21'),
(5, 'ASPARRAGUS', '2017-12-20 19:40:31', '2017-12-20 19:40:31'),
(6, 'RADISH', '2017-12-20 19:40:31', '2017-12-20 19:40:31'),
(7, 'CORIANDER', '2017-12-20 19:41:00', '2017-12-20 19:41:00'),
(8, 'GREEN BEAN', '2017-12-20 19:41:00', '2017-12-20 19:41:00');

-- --------------------------------------------------------

--
-- Estructura de tabla para la tabla `item_size`
--

CREATE TABLE `item_size` (
  `id` int(11) NOT NULL,
  `name` varchar(4) NOT NULL
) ENGINE=MyISAM DEFAULT CHARSET=latin1;

--
-- Volcado de datos para la tabla `item_size`
--

INSERT INTO `item_size` (`id`, `name`) VALUES
(1, 'XF'),
(2, 'F'),
(3, 'M'),
(4, 'L'),
(5, 'N/A');

-- --------------------------------------------------------

--
-- Estructura de tabla para la tabla `item_type`
--

CREATE TABLE `item_type` (
  `id` int(11) NOT NULL,
  `name` varchar(45) NOT NULL,
  `updated_at` datetime NOT NULL,
  `created_at` datetime NOT NULL
) ENGINE=MyISAM DEFAULT CHARSET=latin1;

--
-- Volcado de datos para la tabla `item_type`
--

INSERT INTO `item_type` (`id`, `name`, `updated_at`, `created_at`) VALUES
(1, 'ITL YMK', '2017-12-20 19:44:25', '2017-12-20 19:44:25'),
(2, 'MEX YMK', '2017-12-20 19:44:25', '2017-12-20 19:44:25'),
(3, 'ITL GEN', '2017-12-20 19:44:55', '2017-12-20 19:44:55'),
(4, 'MEX GEN', '2017-12-20 19:44:55', '2017-12-20 19:44:55'),
(5, 'YMK', '2017-12-20 19:45:30', '2017-12-20 19:45:30'),
(6, 'GENERIC', '2017-12-20 19:45:30', '2017-12-20 19:45:30'),
(7, 'THAI', '2017-12-20 19:45:47', '2017-12-20 19:45:47'),
(8, 'NUFAR', '2017-12-21 22:58:21', '2017-12-21 22:58:21');

-- --------------------------------------------------------

--
-- Estructura de tabla para la tabla `migrations`
--

CREATE TABLE `migrations` (
  `id` int(10) UNSIGNED NOT NULL,
  `migration` varchar(255) COLLATE utf8mb4_unicode_ci NOT NULL,
  `batch` int(11) NOT NULL
) ENGINE=InnoDB DEFAULT CHARSET=utf8mb4 COLLATE=utf8mb4_unicode_ci;

--
-- Volcado de datos para la tabla `migrations`
--

INSERT INTO `migrations` (`id`, `migration`, `batch`) VALUES
(1, '2014_10_12_000000_create_users_table', 1),
(2, '2014_10_12_100000_create_password_resets_table', 1),
(3, '2016_06_01_000001_create_oauth_auth_codes_table', 1),
(4, '2016_06_01_000002_create_oauth_access_tokens_table', 1),
(5, '2016_06_01_000003_create_oauth_refresh_tokens_table', 1),
(6, '2016_06_01_000004_create_oauth_clients_table', 1),
(7, '2016_06_01_000005_create_oauth_personal_access_clients_table', 1);

-- --------------------------------------------------------

--
-- Estructura de tabla para la tabla `oauth_access_tokens`
--

CREATE TABLE `oauth_access_tokens` (
  `id` varchar(100) COLLATE utf8mb4_unicode_ci NOT NULL,
  `user_id` int(11) DEFAULT NULL,
  `client_id` int(11) NOT NULL,
  `name` varchar(255) COLLATE utf8mb4_unicode_ci DEFAULT NULL,
  `scopes` text COLLATE utf8mb4_unicode_ci,
  `revoked` tinyint(1) NOT NULL,
  `created_at` timestamp NULL DEFAULT NULL,
  `updated_at` timestamp NULL DEFAULT NULL,
  `expires_at` datetime DEFAULT NULL
) ENGINE=InnoDB DEFAULT CHARSET=utf8mb4 COLLATE=utf8mb4_unicode_ci;

--
-- Volcado de datos para la tabla `oauth_access_tokens`
--

INSERT INTO `oauth_access_tokens` (`id`, `user_id`, `client_id`, `name`, `scopes`, `revoked`, `created_at`, `updated_at`, `expires_at`) VALUES
('013def06555d9e0672487c8154b7b1e2d411a9b2a1dc3dd4530a9863f0e70df064bf4f507e568cb2', 1, 2, NULL, '[]', 1, '2018-03-15 11:21:53', '2018-03-15 11:21:53', '2018-03-30 04:21:53'),
('01db74256e2ebee64b89a40c90f6199acfdf326371e2a3e16eeb5e9a35d2775df508580eeb755abd', 1, 2, NULL, '[]', 1, '2018-03-15 04:32:59', '2018-03-15 04:32:59', '2018-03-29 21:32:58'),
('01ed442f606fe4d0e51a451479af39d4d9449121638b4f542c47378d3cd3e86bc2a8e389518a3995', 1, 2, NULL, '[]', 1, '2018-03-14 16:44:54', '2018-03-14 16:44:54', '2018-03-29 09:44:54'),
('0324443fbb482206958b7dfbd750d0faab1bf10e41b470db6b21bdba74f37f74f9bb7018f6acd3b3', 1, 2, NULL, '[]', 1, '2018-03-17 09:52:39', '2018-03-17 09:52:39', '2018-04-01 02:52:39'),
('04688545041688afff7e0dd91379f4c24e76c9aed5500e516f4eb4683e4149cf62beddbaac76624d', 1, 2, NULL, '[]', 1, '2018-03-22 12:25:44', '2018-03-22 12:25:44', '2018-04-06 05:25:44'),
('04ded44f364d3aec9384679010f932f6d3beebab42ca788c7ec66ef6cfd077c14f0280297d0d3ef8', 1, 2, NULL, '[]', 1, '2018-03-16 10:40:58', '2018-03-16 10:40:58', '2018-03-31 03:40:58'),
('05cb1258a86965f28be6258813203c0154108ff26c8574131945b781717bb08e19e9b02857b93f21', 1, 2, NULL, '[]', 1, '2018-03-14 12:28:39', '2018-03-14 12:28:39', '2018-03-29 05:28:39'),
('06dbb54683871b73183e4c40098e870ef9a7fce204982faee343ea558a98f2042ca6c3534633ccae', 1, 2, NULL, '[]', 1, '2018-03-15 12:23:39', '2018-03-15 12:23:39', '2018-03-30 05:23:39'),
('06f0fee1d2b2006fa85e185c327ba810c3455da81649cf6d8a66f76d083a9bb507f31248b60a2d0a', 1, 2, NULL, '[]', 1, '2018-03-16 12:29:24', '2018-03-16 12:29:24', '2018-03-31 05:29:24'),
('07db6e735423c1e79c490882800a98e822fed9af68b1dc302cb47ff81168ac2fdb84af669f1a609f', 1, 2, NULL, '[]', 1, '2018-03-08 16:51:00', '2018-03-08 16:51:00', '2018-03-23 08:51:00'),
('0806f821cac45d4b95e534eebd4c6b13afdd90da214b0bfefa8bb687fa7005019a303faca423b23f', 1, 2, NULL, '[]', 1, '2018-03-15 05:22:29', '2018-03-15 05:22:29', '2018-03-29 22:22:29'),
('0846d669c29c1c65e2a415ed3846746a65b599dcc0b5368df5b0a563b9a0a564c40e1d8a8f80fbe8', 1, 2, NULL, '[]', 1, '2018-03-22 12:11:39', '2018-03-22 12:11:39', '2018-04-06 05:11:39'),
('085e8ad83e86fc51efbd61f61aaf0eda00f8f8ca0ac6a1d0971b95533a682a16d333c12e5f9436b5', 1, 2, NULL, '[]', 1, '2018-03-13 10:13:47', '2018-03-13 10:13:47', '2018-03-28 03:13:45'),
('092a448a124d152b2c1a5a398db67bb2a916b8ff429a310c7c77c1d74acfa927f658675411d75dbc', 1, 2, NULL, '[]', 1, '2018-03-22 12:53:57', '2018-03-22 12:53:57', '2018-04-06 05:53:56'),
('09823473b8d9a4a0c39a890c2f59a1d1bed0a1b68687be6b1b47ed519c1304913846f7c61b608f2d', 1, 2, NULL, '[]', 1, '2018-03-16 11:23:21', '2018-03-16 11:23:21', '2018-03-31 04:23:21'),
('0aac5aabc26234f4868d091acea698ecfe3f2559a3344383d7e8b7f7ee7bfa23277fb9d8a31ed98f', 1, 2, NULL, '[]', 1, '2018-03-15 10:49:21', '2018-03-15 10:49:21', '2018-03-30 03:49:20'),
('0bac7854e28784c84263d0af09995fd417f67891eda156c2e7d48760e3d2135774542ddda4b1762e', 1, 2, NULL, '[]', 1, '2018-03-16 07:56:31', '2018-03-16 07:56:31', '2018-03-31 00:56:29'),
('0bc920dec8789d10792a56e587170445582fac38542affb65c3d0e2a6da228f0b7b74afa5a0cd5fb', 1, 2, NULL, '[]', 1, '2018-03-14 11:38:12', '2018-03-14 11:38:12', '2018-03-29 04:38:11'),
('0cee51b13f78b893dd400fb94f068ce23f4dd46fd0fb9e429d97f276c9804d7d5983aeaead9468ab', 1, 2, NULL, '[]', 1, '2018-03-09 13:40:44', '2018-03-09 13:40:44', '2018-03-24 05:40:44'),
('0d0845f2a0ed80085e3f5917c1d904f61ab05c71f746c9fd8170ae3370c214bc22576cf6107d1220', 1, 2, NULL, '[]', 1, '2018-03-15 08:00:30', '2018-03-15 08:00:30', '2018-03-30 01:00:30'),
('0da88be030f0ab3a3100be7ab58df243b4c58570321ae31b56c42963cb49393c43879e74b5b06367', 1, 2, NULL, '[]', 1, '2018-03-13 08:46:34', '2018-03-13 08:46:34', '2018-03-28 01:46:34'),
('0de52e3073cb2a1975b43306823f34f8776e4e574b62ba590038cf246e733cba0788e09309e1b3e6', 1, 2, NULL, '[]', 1, '2018-03-09 17:43:19', '2018-03-09 17:43:19', '2018-03-24 09:43:19'),
('0e3b6af87a27906b71d3e0d63bfcdbb191b324d7e57d6296654c45e51b74532047fa00df1d3e0372', 1, 2, NULL, '[]', 1, '2018-03-10 04:56:59', '2018-03-10 04:56:59', '2018-03-24 20:56:59'),
('0e9ae21e88b08f303026fe934e22bf5cb7c28398e969c9a0c40a12502c6a2f28457c6f32e093dbeb', 1, 2, NULL, '[]', 1, '2018-03-16 13:19:12', '2018-03-16 13:19:12', '2018-03-31 06:19:12'),
('0f30f89ac5ed9fb397a93b7d21791821044c7046aab6854ac316eb97de1fa2121dfead154065540b', 1, 2, NULL, '[]', 1, '2018-03-22 13:58:25', '2018-03-22 13:58:25', '2018-04-06 06:58:25'),
('109cd7072bf145ecb603b454b0c634d0b83c1acd56c9c6814de829b04f9684b5d6d446890f953f1d', 1, 2, NULL, '[]', 1, '2018-03-14 13:51:05', '2018-03-14 13:51:05', '2018-03-29 06:51:05'),
('11533172f6a7e7b5dfc03cea3e0036cd2e16394521932216e456d6a57d78770cd1d1eee8213d9061', 1, 2, NULL, '[]', 1, '2018-03-15 05:41:27', '2018-03-15 05:41:27', '2018-03-29 22:41:27'),
('12273823f14072ba9e3bcd0da2ca8a8577ded82235ec85087c8fd726b72fabee1c3dbfcf7f9672f7', 1, 2, NULL, '[]', 1, '2018-03-22 09:37:42', '2018-03-22 09:37:42', '2018-04-06 02:37:42'),
('12736888a1c70761347d6b1391bb45d1839a9cb4883f70a2235173d552a7f0495a33df1e2b470d0e', 1, 2, NULL, '[]', 1, '2018-03-22 05:36:26', '2018-03-22 05:36:26', '2018-04-05 22:36:26'),
('12a9bf279bf1a2fbc32c4fb9f00b3ec4a6cd20028bbfc7dd2ec02d7986e92d50ba2449884b9f809c', 1, 2, NULL, '[]', 1, '2018-03-09 16:42:46', '2018-03-09 16:42:46', '2018-03-24 08:42:46'),
('135f5f68cd17ccaf4847fce72f6900eee74cd4fd7dfa73cb2fc8e28c2be82430f946bc5d9b6e621f', 1, 2, NULL, '[]', 1, '2018-03-22 10:15:33', '2018-03-22 10:15:33', '2018-04-06 03:15:33'),
('14aa5daaf63f28b14a90993d91aa91d5a23c9aa92b8271973caf9badfd16d8ecdfce5fc20b79fe3f', 1, 2, NULL, '[]', 1, '2018-03-15 08:40:05', '2018-03-15 08:40:05', '2018-03-30 01:40:05'),
('1507a9d35367951ee7c9450bbf3b53e63afa462cfe7eecac46d64984e9ede610751d638c05cfc6ca', 1, 2, NULL, '[]', 1, '2018-03-08 16:30:34', '2018-03-08 16:30:34', '2018-03-23 08:30:33'),
('151d7c2ac516120e75a785baef3cb7262a2754cb8072e8bfa0e736a20f3365068f56618b3cc85f25', 1, 2, NULL, '[]', 1, '2018-03-10 04:24:23', '2018-03-10 04:24:23', '2018-03-24 20:24:22'),
('15466a4795e9245badc1bd9469a800832b5bb162a6113e4139b5123e69093a3aa9f3b5cd7d85a6e6', 1, 2, NULL, '[]', 1, '2018-03-22 09:28:02', '2018-03-22 09:28:02', '2018-04-06 02:28:02'),
('15f1437b06b74157985c0378b931cf1e88f1b96e9c5e5a136765fa86df2e5e8fca0ec1e3607b0a73', 1, 2, NULL, '[]', 1, '2018-03-09 15:33:14', '2018-03-09 15:33:14', '2018-03-24 07:33:14'),
('1688534c2d8675c05c6dc07f8bd731c626fbcc3e7ac5715cfdf4ab5676440151c633d7f1ccef05f7', 1, 2, NULL, '[]', 1, '2018-03-13 12:11:07', '2018-03-13 12:11:07', '2018-03-28 05:11:07'),
('169ae92f5940ee4ffdbc9653f0543b2f2ce827dfa7497bc32ec936a7809e6ae1c9ee7fbecd315eeb', 1, 2, NULL, '[]', 1, '2018-03-09 18:16:47', '2018-03-09 18:16:47', '2018-03-24 10:16:46'),
('16f3f8c7878a0e3aeac6f272a1c2a604c923d634669718ead4ca18f0388630a3f027435855bb704f', 1, 2, NULL, '[]', 1, '2018-03-16 10:19:40', '2018-03-16 10:19:40', '2018-03-31 03:19:40'),
('17aa84e71d5d4980ae50cff9c555ffa57183a0c1e1f2028aa5d6b51851b729f947e845fce4032773', 1, 2, NULL, '[]', 1, '2018-03-23 07:40:49', '2018-03-23 07:40:49', '2018-04-07 00:40:48'),
('186bb7128866aa2d1c2055d366486bb1a5702bbe362c98d2bd40585c230cef550f46ca789d34c262', 1, 2, NULL, '[]', 1, '2018-03-18 16:35:01', '2018-03-18 16:35:01', '2018-04-02 09:35:01'),
('18b2b21128634003452c9e2dfb1b95979145aa4585dc17f16784980384c5f911d63c68edf32a0559', 1, 2, NULL, '[]', 1, '2018-03-16 10:20:33', '2018-03-16 10:20:33', '2018-03-31 03:20:32'),
('19500d3f8341eb158ef8c44ae66866fd0aeec8108173e4385a58e247e5e1b14cba8fa1fe966f4276', 1, 2, NULL, '[]', 1, '2018-03-15 05:01:21', '2018-03-15 05:01:21', '2018-03-29 22:01:21'),
('1aa18a68e2175918403aef56ca2636b5d1e2ce9bb496950f38f487a11c35a7a452d0a49bbdbd379f', 1, 2, NULL, '[]', 1, '2018-03-09 13:36:33', '2018-03-09 13:36:33', '2018-03-24 05:36:33'),
('1c5792917469a40591ed554cd5e56f254b79985004d0f5b53a2bee5dffa3887366af20834800a17d', 1, 2, NULL, '[]', 1, '2018-03-16 12:05:22', '2018-03-16 12:05:22', '2018-03-31 05:05:22'),
('1d955d13a6d5368ebab3b3d08a0b49d8d5d1de341c7519224f455eff2b4e3c1d3b84177d33f00e84', 1, 2, NULL, '[]', 1, '2018-03-14 11:46:10', '2018-03-14 11:46:10', '2018-03-29 04:46:10'),
('1e16e63b56ee0341c63061b09676a3b783ac5c5411bf0bb87d81df39f08ffe1e3d0873892007e71e', 1, 2, NULL, '[]', 1, '2018-03-22 06:25:38', '2018-03-22 06:25:38', '2018-04-05 23:25:37'),
('1eaa7ec3772acf6ff89a21f91488a0be9746e67abd3a9c8dd0777c9f85fee03dd7e1f208337c9d16', 1, 2, NULL, '[]', 1, '2018-03-08 14:42:43', '2018-03-08 14:42:43', '2018-03-23 06:42:43'),
('1eb83b5c6d5a1deba0acb6544d8c035284371627995af46d605108ee2615d9154adf4971560558fc', 1, 2, NULL, '[]', 1, '2018-03-22 12:32:07', '2018-03-22 12:32:07', '2018-04-06 05:32:07'),
('1f1acae2a0e5ee859d2e9f2b735723fb6685c012fd825e461082dbec85b38d67b89b94ab3af859f2', 1, 2, NULL, '[]', 1, '2018-03-16 10:18:10', '2018-03-16 10:18:10', '2018-03-31 03:18:09'),
('20ad38439a7a2b4e8479270b11e4df1ef37330e15369265ab755296d73d0e3406f9fc30df4e35a8c', 1, 2, NULL, '[]', 1, '2018-03-13 08:40:26', '2018-03-13 08:40:26', '2018-03-28 01:40:26'),
('212cd3db0b941bbeb26e6bda2e512ea7911dc2f31a6044361cd404a02a34294f04ebd2f6dcc43be9', 1, 2, NULL, '[]', 1, '2018-03-15 08:42:03', '2018-03-15 08:42:03', '2018-03-30 01:42:03'),
('21b85dedda9290699a9703c5f2edd0af6329599dba02b4c3a1416cbbe25b2d6f677e2795e9273cd7', 1, 2, NULL, '[]', 1, '2018-03-14 10:22:41', '2018-03-14 10:22:41', '2018-03-29 03:22:40'),
('21b89614c0dec1322b7f9205088afd0b2c6c3d693203a84785bc61c2c5ad8237fc101f92d89dc0ee', 1, 2, NULL, '[]', 1, '2018-03-08 14:29:35', '2018-03-08 14:29:35', '2018-03-23 06:29:34'),
('2230e4c0b2a42400e70cf8ad4ed17dc901dd9f9e2b2e2af09f1a594e4cf339d2f2bd62523de1c4d3', 1, 2, NULL, '[]', 1, '2018-03-16 14:03:13', '2018-03-16 14:03:13', '2018-03-31 07:03:13'),
('2416b1af8890b06d1f5061b249b197f58fc1a9890c6b6ec28dfe6b3a90c2cdabddc7977fda7cf3cc', 1, 2, NULL, '[]', 1, '2018-03-15 08:51:55', '2018-03-15 08:51:55', '2018-03-30 01:51:55'),
('249417b49e5cd7450b788e5da5585fb3657be0b863e28d9caff1edef2bb93f7bb15a80b8e9ea6166', 1, 2, NULL, '[]', 1, '2018-03-22 13:39:20', '2018-03-22 13:39:20', '2018-04-06 06:39:19'),
('24a76de05bf67aff661dea1776e77769b3fab8002e68a76eafb706c9d40b534e7b65a1f031041662', 1, 2, NULL, '[]', 1, '2018-03-15 15:41:49', '2018-03-15 15:41:49', '2018-03-30 08:41:49'),
('24f80b8b112ba8a134437d4129b5797a03954b0694dce3b019cd8e1dad357e0bc7cc88592817736a', 1, 2, NULL, '[]', 1, '2018-03-22 13:41:29', '2018-03-22 13:41:29', '2018-04-06 06:41:29'),
('26041e6594ff3b97c8551ffdb6a10aabeede7e992beb900604b16b5b585b3814b31b151e7868de55', 1, 2, NULL, '[]', 1, '2018-03-09 17:44:37', '2018-03-09 17:44:37', '2018-03-24 09:44:37'),
('2751861430880b5937acf780420e80b287efe2850057e20dcb41018cab75386e2215d5e76806b0a8', 1, 2, NULL, '[]', 1, '2018-03-16 13:15:11', '2018-03-16 13:15:11', '2018-03-31 06:15:11'),
('275632b09d08c760f31ab9a5fc2e2706a27f18f3f26dc7159827041b1bb7ccdbfd8608e5377bd2b5', 1, 2, NULL, '[]', 1, '2018-03-13 08:34:55', '2018-03-13 08:34:55', '2018-03-28 01:34:52'),
('2765f683459ec24dc55d1543fc707dd9e8e7758940d65d04b4da62d2a33eccdd0f0b636120d61712', 1, 2, NULL, '[]', 1, '2018-03-09 15:23:11', '2018-03-09 15:23:11', '2018-03-24 07:23:11'),
('2768ff0ffc72ef96a50620028dd62d8e412aabe3e837bc4d7946445d023cf38243003324347b9dd6', 1, 2, NULL, '[]', 1, '2018-03-16 12:17:31', '2018-03-16 12:17:31', '2018-03-31 05:17:31'),
('283d83f14054a09cb5330ee7bbdd23965a144cd9827dd525bdeb97a8e33fa7ed3aa23bf9f112595a', 1, 2, NULL, '[]', 1, '2018-03-22 17:04:43', '2018-03-22 17:04:43', '2018-04-06 10:04:43'),
('28513731673fdef54f635b2e3d1a11afe8ec841b2484c03d02e50e91b812b15b4ecdc83b1a3fe94e', 1, 2, NULL, '[]', 1, '2018-03-14 10:09:51', '2018-03-14 10:09:51', '2018-03-29 03:09:51'),
('29654285689d511e7c9e9794fd1ba820e9dd1d279c115603ef984509f2a45d0cba3aa1ba3eaf2d3f', 1, 2, NULL, '[]', 1, '2018-03-09 17:33:09', '2018-03-09 17:33:09', '2018-03-24 09:33:09'),
('29bbe103c12484285028ee421af01ae530dd09584d50b23b84c5cd0c8918a71d59a28eac283c9f22', 1, 2, NULL, '[]', 1, '2018-03-13 11:19:29', '2018-03-13 11:19:29', '2018-03-28 04:19:29'),
('29bf513ba58bfae01fcb22b983fab746b2bc773b5cdef97e2f6ae9e24504663539d4f8a81be48dae', 1, 2, NULL, '[]', 1, '2018-03-16 13:05:57', '2018-03-16 13:05:57', '2018-03-31 06:05:57'),
('2a59c4b5a65274bc7fdc95c5443a2965185de519cb4f59e530682ee05c4f851601d812f2eb5bbb8b', 1, 2, NULL, '[]', 1, '2018-03-22 15:00:51', '2018-03-22 15:00:51', '2018-04-06 08:00:51'),
('2a67607ab4cb596a9b5455a91f256b90d9384d3cfe8fc2e5abef4d96e1ce806fcc63f057e9b29b04', 1, 2, NULL, '[]', 1, '2018-03-22 12:51:40', '2018-03-22 12:51:40', '2018-04-06 05:51:40'),
('2a7e952bd1353f84d93b4278f92e54befaff9989c153b88cfc0dcc0db133f7523b4489d71491db3b', 1, 2, NULL, '[]', 1, '2018-03-09 14:58:31', '2018-03-09 14:58:31', '2018-03-24 06:58:31'),
('2aa84bdf16f1d556763ee69a486a9c80d7398e662ef1cc1f4c7166e16ca8076cc7389c30004118bc', 1, 2, NULL, '[]', 1, '2018-03-22 13:12:07', '2018-03-22 13:12:07', '2018-04-06 06:12:07'),
('2bb284318690ebc34267b79b18cce515d3f867236c9849aad9bb1d3541590edc75abc3f8b2c98d91', 1, 2, NULL, '[]', 1, '2018-03-15 17:37:39', '2018-03-15 17:37:39', '2018-03-30 10:37:38'),
('2c07fd1a5bee2a2117bb4b47b20ca64a436f32c5b809c7c289bba8012d80a675e0705cc691901d6e', 1, 2, NULL, '[]', 1, '2018-03-16 04:30:03', '2018-03-16 04:30:03', '2018-03-30 21:30:02'),
('2d74796b9af522b5eedcc6b662119442cc22892a5d6afd4739ed1d599ff5e5baa5d7417c13871abb', 1, 2, NULL, '[]', 1, '2018-03-14 09:59:49', '2018-03-14 09:59:49', '2018-03-29 02:59:49'),
('2dcef1b583b35e180d40251eca76f7740c3edd02df5d81ad1d16db7e2179ddb14269922ba47508d1', 1, 2, NULL, '[]', 1, '2018-03-22 16:25:30', '2018-03-22 16:25:30', '2018-04-06 09:25:30'),
('2e5b9ca1cd0c4f2d86f9592b598f53cebcbaa8ed51d6f217d7447cbbd0af326ce3095492a3426769', 1, 2, NULL, '[]', 1, '2018-03-15 05:31:27', '2018-03-15 05:31:27', '2018-03-29 22:31:27'),
('2f4c97c4d35eba6ba080824dd956647de09f09cc848135a1e97d752ff6b4e8cccf65dde5d0efe621', 1, 2, NULL, '[]', 1, '2018-03-22 12:16:48', '2018-03-22 12:16:48', '2018-04-06 05:16:47'),
('2f82be0664fd69c385a2dea7ebe946892b52695e82b588c4ee9d6dd48eddbe117130d2fc1957733a', 1, 2, NULL, '[]', 1, '2018-03-22 09:27:43', '2018-03-22 09:27:43', '2018-04-06 02:27:43'),
('306d12ce47bb243fcdf04d35c0a0a4e981918fd5b3b444bdbf485f507b773c2f496f6c2ae7b2e001', 1, 2, NULL, '[]', 1, '2018-03-23 07:55:31', '2018-03-23 07:55:31', '2018-04-07 00:55:31'),
('31387372452b6d999ce2b17b6eced339a4c007e7cd3d6a166754937955a72051278ec513267d4c4f', 1, 2, NULL, '[]', 1, '2018-03-16 07:22:15', '2018-03-16 07:22:15', '2018-03-31 00:22:15'),
('315f62fd0521e62fb1b8f813a0ceccdc71320562a508e1bef070e531e0914ab44124186e730fea72', 1, 2, NULL, '[]', 1, '2018-03-09 15:23:40', '2018-03-09 15:23:40', '2018-03-24 07:23:40'),
('31a211df98be9c8cdd3efa4e7cccaffc9534b2214ecf90d043a3348638b394cd630d6339d21ab92c', 1, 2, NULL, '[]', 1, '2018-03-23 08:26:40', '2018-03-23 08:26:40', '2018-04-07 01:26:40'),
('323d396e42aa0e79ca57fdcaef23d2125eaead5625be87b948b74cf6aa15561b5c6f068c4cb28419', 1, 2, NULL, '[]', 1, '2018-03-16 13:02:55', '2018-03-16 13:02:55', '2018-03-31 06:02:55'),
('32c285ad75bac65505e422b50acb86e5461c1f91377e28b28b747f5a3837321a3bc5aec54ce793a7', 1, 2, NULL, '[]', 0, '2018-03-21 12:58:27', '2018-03-21 12:58:27', '2018-04-05 05:58:26'),
('32ddf168cbd91d578fa6677331b4802479c91be86628219b3b3a0746733aebda5ab6f517a41bd5ec', 1, 2, NULL, '[]', 1, '2018-03-16 15:01:26', '2018-03-16 15:01:26', '2018-03-31 08:01:26'),
('32dfddc35c684b16fa535a7506ccc58f90ba92e524093b04b588146c5564234baba8a5ce13ec2182', 1, 2, NULL, '[]', 1, '2018-03-15 14:30:05', '2018-03-15 14:30:05', '2018-03-30 07:30:05'),
('3337e3fbf6f1105a59368acf830ed6385a389c0061d2a53bf248844d9f8ccfa1a6658040dd0f792b', 1, 2, NULL, '[]', 1, '2018-03-22 05:38:48', '2018-03-22 05:38:48', '2018-04-05 22:38:47'),
('338b03efc38eae9edefd8c084a305971f57d4513b984c985575425558855ef9c7435ff98cb4e3f15', 1, 2, NULL, '[]', 1, '2018-03-15 05:03:25', '2018-03-15 05:03:25', '2018-03-29 22:03:25'),
('348555a737dfe7cee902a0833aa9d1887a0058c387d7c8df1d997a8b9557f4bd53aa418f644331a9', 1, 2, NULL, '[]', 1, '2018-03-14 13:51:25', '2018-03-14 13:51:25', '2018-03-29 06:51:24'),
('3597f50bd9ddc6080f3c68a2c89e1b5472c3303b5b8db72df7c7a5c20cfe8ddbfd7b044deabd334b', 1, 2, NULL, '[]', 1, '2018-03-08 14:31:00', '2018-03-08 14:31:00', '2018-03-23 06:31:00'),
('35c14fefa8f2cddc78f014e0a5dd19f80ec4d6c9ad6abcbae616a6f682d8d3151559816faf1e68a1', 1, 2, NULL, '[]', 0, '2018-03-08 17:52:22', '2018-03-08 17:52:22', '2018-03-23 09:52:22'),
('36e77d63238cfd47c9f65d9e8f29431495fff3e8749b713c164f794619fbfbf8d29c959348b2bbf0', 1, 2, NULL, '[]', 1, '2018-03-22 16:57:54', '2018-03-22 16:57:54', '2018-04-06 09:57:53'),
('378e7d5a043c024a75aab48f3e3fa0e68e3764e7c0ecf58704af047254d62216ce537db5a828be15', 1, 2, NULL, '[]', 1, '2018-03-22 12:10:18', '2018-03-22 12:10:18', '2018-04-06 05:10:18'),
('3816bf88cfa7ef5c2af42927c441a77ded616923402165a13e48669b9d9483bd73abd8e620e1e15c', 1, 2, NULL, '[]', 1, '2018-03-14 02:44:21', '2018-03-14 02:44:21', '2018-03-28 19:44:21'),
('38677428e53abf2e1765a6674d9991c05e48bb8221dd45fd0999635dfc8f71514b8b99bb60381d12', 1, 2, NULL, '[]', 1, '2018-03-22 14:50:40', '2018-03-22 14:50:40', '2018-04-06 07:50:40'),
('3875e69f040a9c702aa8c79e5affbd4abb8d5f021b10b0722cc7c617d7d6c5c9a827fb9cd4bcf047', 1, 2, NULL, '[]', 1, '2018-03-16 11:52:53', '2018-03-16 11:52:53', '2018-03-31 04:52:53'),
('38a05c8ef489adbdaafa1bc331e8409bba62e7d82089cfb2926d67212f8c581365fa5958ab4f1e4c', 1, 2, NULL, '[]', 0, '2018-03-09 16:22:29', '2018-03-09 16:22:29', '2018-03-24 08:22:28'),
('39613aa4e47347647ed808bbbbd625721c2024b175b1113e4675db5e98a8640aa4edbc5ab54f4b07', 1, 2, NULL, '[]', 1, '2018-03-17 09:33:44', '2018-03-17 09:33:44', '2018-04-01 02:33:44'),
('3a2a52657fd14563bc1e9858ee4b1d92e45773e6299e10b24296ead049ac3e2b0887abd99e758b68', 1, 2, NULL, '[]', 1, '2018-03-09 18:05:47', '2018-03-09 18:05:47', '2018-03-24 10:05:47'),
('3b09b95c14a20f1b78f6d12ca4db47e6b0ae762452bb97739ef01a99fc458fae189ca234a728f469', 1, 2, NULL, '[]', 1, '2018-03-22 12:26:02', '2018-03-22 12:26:02', '2018-04-06 05:26:02'),
('3b10750a6d01107c3955a8a0c7526ac8826bb86e0981c4815220131aa8bb22317f1db8edcce3f7dc', 1, 2, NULL, '[]', 1, '2018-03-08 18:04:50', '2018-03-08 18:04:50', '2018-03-23 10:04:50'),
('3b970e49a85c2d16a4f3c19b8c35a8983e9af75cb82bc1d7e67834eae3e34caf6f2a55cca6092a7c', 1, 2, NULL, '[]', 1, '2018-03-22 17:02:52', '2018-03-22 17:02:52', '2018-04-06 10:02:52'),
('3c7ca234f2ff54334835ee82e863dec9f41d1bcd077491aa7a7c7e1dd319aa07f82ea33848d7e8bf', 1, 2, NULL, '[]', 1, '2018-03-22 12:09:28', '2018-03-22 12:09:28', '2018-04-06 05:09:28'),
('3e09f25bf9d0238d1a503fc5339182958d10880cf12f80f153f19d74f2bd818c715df0bf7c4b98ca', 1, 2, NULL, '[]', 1, '2018-03-15 12:16:13', '2018-03-15 12:16:13', '2018-03-30 05:16:13'),
('3e35543efff9dbd8043193fab69506dfd56fbaf4742fcb391f803c9f64ccca1f5c657106ad3ccd12', 1, 2, NULL, '[]', 1, '2018-03-22 15:57:21', '2018-03-22 15:57:21', '2018-04-06 08:57:21'),
('3e790b54f13f3bef62bb211a90cd52624321ab943ab6f7aebd913bc16ac3d3fb3350905c37652753', 1, 2, NULL, '[]', 1, '2018-03-22 16:23:37', '2018-03-22 16:23:37', '2018-04-06 09:23:37'),
('3e7afcaae2be083ca741826801bf7f737ff744d20c62ebdd8db45e5a167e5d2d882900b619be94d5', 1, 2, NULL, '[]', 1, '2018-03-22 10:19:29', '2018-03-22 10:19:29', '2018-04-06 03:19:29'),
('3fa520cf6be550c15f10ad470d6a16b4558e60330b6286b57a81aacdffb4fd563686280a253a74fc', 1, 2, NULL, '[]', 1, '2018-03-14 13:49:22', '2018-03-14 13:49:22', '2018-03-29 06:49:21'),
('3fbf9670848cd0c1cc984577e874b136767e2dbcedb67095b9bddbbeb451561d7ea2496b199d998a', 1, 2, NULL, '[]', 1, '2018-03-09 14:42:19', '2018-03-09 14:42:19', '2018-03-24 06:42:18'),
('4065f11b05de8f78307ab720f7b4814a46a459489a93c873d647e0118fc165123c359d5829887478', 1, 2, NULL, '[]', 1, '2018-03-16 15:14:58', '2018-03-16 15:14:58', '2018-03-31 08:14:58'),
('40dcc822ccc86a4b5aa9baa46095a26754c4d95afa179a3ec78c340d209e8579dd36d79b5b540682', 1, 2, NULL, '[]', 1, '2018-03-09 17:42:24', '2018-03-09 17:42:24', '2018-03-24 09:42:24'),
('41779d3ccdf31efffe9677816c61f9828667b8bc3b8f75e4caa1401e0b3d580fac633181c00dad98', 1, 2, NULL, '[]', 1, '2018-03-16 13:44:55', '2018-03-16 13:44:55', '2018-03-31 06:44:55'),
('422edfe15ce5a6645f41d46e06559b67b30d8ccccda10a4359743dad77da4e19907dc02e190d1bcf', 1, 2, NULL, '[]', 1, '2018-03-22 14:58:50', '2018-03-22 14:58:50', '2018-04-06 07:58:50'),
('42f038ca2e89f6fd0bb1529bdd0f260cbddfebcc81b07c3f1bd47b02fdff2dc9fc7cc89a63eeb470', 1, 2, NULL, '[]', 1, '2018-03-10 04:52:30', '2018-03-10 04:52:30', '2018-03-24 20:52:30'),
('4342d90b7618fde1851a2855877ba50544ba53a30e45d2d66073a605591c1bf2646d7cb200236d69', 1, 2, NULL, '[]', 1, '2018-03-22 05:49:44', '2018-03-22 05:49:44', '2018-04-05 22:49:43'),
('434303fd6bdffaaa6e367269e6431d3f06ac1c87ad2c276e8ad9dfa61c908d9b8ca2297666977a54', 1, 2, NULL, '[]', 1, '2018-03-09 13:38:48', '2018-03-09 13:38:48', '2018-03-24 05:38:48'),
('434b1e0077fb974ede43054bb5875cb7de3975006f6e62371dbc59d3afc08142411c0facf8e68503', 1, 2, NULL, '[]', 1, '2018-03-17 09:39:47', '2018-03-17 09:39:47', '2018-04-01 02:39:47'),
('43b81bc7eab1a2cc4a1296842bc90477c35bd8162f0096594085d5ea51b7ff5dd32ff08a865ba982', 1, 2, NULL, '[]', 1, '2018-03-16 12:41:39', '2018-03-16 12:41:39', '2018-03-31 05:41:38'),
('43d3264c11a625f680832b66707bd45624bc01126720a283bdf1955e3cc82180b9306eb13bb87e38', 1, 2, NULL, '[]', 1, '2018-03-22 13:31:53', '2018-03-22 13:31:53', '2018-04-06 06:31:53'),
('43e7c240f4a627e5433a564d3b0fcc1cea1c664e7a70513c8a006ac4f8d86fc093486a04045fa078', 1, 2, NULL, '[]', 1, '2018-03-08 16:49:45', '2018-03-08 16:49:45', '2018-03-23 08:49:44'),
('43f8e1e5d99fb2fd6c4291d8b55249b6cdb8a1b6fb43af2548b7631a81b2e74287c5f57be8f5ec53', 1, 2, NULL, '[]', 1, '2018-03-09 17:51:50', '2018-03-09 17:51:50', '2018-03-24 09:51:50'),
('4442ccb0cc89f9ecc51a1352f929234d345a5ca6ed62094b5fa27e6383395c7b3c480078d42aa534', 1, 2, NULL, '[]', 1, '2018-03-22 04:53:17', '2018-03-22 04:53:17', '2018-04-05 21:53:16'),
('4458aabdf23cec5fb56997bb3876dcdf8ec9dbe1ce6ca3f2811cfe77b270b138dacd44adf7f2160a', 1, 2, NULL, '[]', 1, '2018-03-08 14:26:36', '2018-03-08 14:26:36', '2018-03-23 06:26:36'),
('44669b0646b9f5def3596334a3f8053d33ab0a76878e2bcbfdadd630574e32649e3901cdff6b84db', 1, 2, NULL, '[]', 1, '2018-03-14 08:57:39', '2018-03-14 08:57:39', '2018-03-29 01:57:31'),
('448834b9b103431701190e4ec22c55710c02eafbe56ada4ea1990e2d5f140bfd717fcdf2f12d9601', 1, 2, NULL, '[]', 1, '2018-03-15 05:38:08', '2018-03-15 05:38:08', '2018-03-29 22:38:07'),
('44bff41feb8a4ea59f5481b643edfa302a9ca8e35b59477cf8fd64ee0418cdfc03fe56d6429a51a2', 1, 2, NULL, '[]', 1, '2018-03-10 04:27:50', '2018-03-10 04:27:50', '2018-03-24 20:27:50'),
('4543f9af3f222b893eece7140f5775ecad6ef507f9e659d0b3ba7ccbea94197b926248370371a1c9', 1, 2, NULL, '[]', 1, '2018-03-16 07:41:56', '2018-03-16 07:41:56', '2018-03-31 00:41:56'),
('45456a8dfcf13b6d1c429e8e505ba9a55b380b05773b7feb8943ab6a1bb511b1b0d0e5904e1c4b0e', 1, 2, NULL, '[]', 1, '2018-03-21 12:55:12', '2018-03-21 12:55:12', '2018-04-05 05:55:12'),
('458fd74e0b49c64eb15fc584fae10438cc17592a6bf19f909fa4cba6e7dee3227d741c18596e86a2', 1, 2, NULL, '[]', 1, '2018-03-14 09:59:26', '2018-03-14 09:59:26', '2018-03-29 02:59:26'),
('4607b9da183e8ead5f229c022b7e32554810bee0f5c9bc7a2f23ad1f1e921eeed45496128347650f', 1, 2, NULL, '[]', 1, '2018-03-16 09:12:52', '2018-03-16 09:12:52', '2018-03-31 02:12:52'),
('465ab6f36efc623467e80de46a995228722c88959e5aa300c4cc66adb05e477d8d99c76f4e589987', 1, 2, NULL, '[]', 1, '2018-03-16 09:40:00', '2018-03-16 09:40:00', '2018-03-31 02:40:00'),
('467f08f925a48e391d3c9b812a12b17419a58956b90a6d8cea380b2540d72a0a6e74a4b9e06b9791', 1, 2, NULL, '[]', 1, '2018-03-22 06:17:22', '2018-03-22 06:17:22', '2018-04-05 23:17:22'),
('46c2f716d7cfea9e6fa8d437a70cd716d008deb66cd0c14c3320f292e9e6af069e48a477a4cc7d5e', 1, 2, NULL, '[]', 1, '2018-03-22 12:41:18', '2018-03-22 12:41:18', '2018-04-06 05:41:18'),
('470231be8d62131b8682de809e372e88fdc693373a006b1ae023c6572260817f26416afe687d4fc0', 1, 2, NULL, '[]', 1, '2018-03-21 12:53:14', '2018-03-21 12:53:14', '2018-04-05 05:53:14'),
('47067e7bccedc09c6de8bc62315e8d1b03b82058b65998b93186cb32709668386211f93d31326188', 1, 2, NULL, '[]', 1, '2018-03-09 15:49:53', '2018-03-09 15:49:53', '2018-03-24 07:49:52'),
('48d7efc56eacaea5745711a24a2ca71b82496958770a05f3c7f2fce4b7a148edef2483d2c70d5f1e', 1, 2, NULL, '[]', 1, '2018-03-16 01:00:04', '2018-03-16 01:00:04', '2018-03-30 18:00:03'),
('49013a1961f9883e9194fdd8fff3d8942acf0a2100c522e9f7510d5eaa33d51ed750dc143fc3f767', 1, 2, NULL, '[]', 1, '2018-03-22 12:57:14', '2018-03-22 12:57:14', '2018-04-06 05:57:14'),
('4a67bc48dfc337210b1b818767d8ff9be71e92229f541a402be13dd78384bebb5412fceebec7ae4e', 1, 2, NULL, '[]', 1, '2018-03-22 17:06:40', '2018-03-22 17:06:40', '2018-04-06 10:06:40'),
('4a8210fed7e78709066a486197166c84e6be2bf68f71df7e6fee482176399f3cd357e07addd470e2', 1, 2, NULL, '[]', 1, '2018-03-14 13:54:47', '2018-03-14 13:54:47', '2018-03-29 06:54:46'),
('4aab69eaedc7425a3db29ac0d54c0ae19fcc3db4ba2122030c25add10b833803b03ac91689ddf808', 1, 2, NULL, '[]', 1, '2018-03-22 06:52:06', '2018-03-22 06:52:06', '2018-04-05 23:52:05'),
('4b696496dfc63cd9286cc30bd88cd5842fe9736bfcbb04a51738598439c5370c967d49c47cb4f485', 1, 2, NULL, '[]', 1, '2018-03-22 12:01:07', '2018-03-22 12:01:07', '2018-04-06 05:01:07'),
('4b7c85138fa59af88c6bc9a779330b993361e1a854e14f3440a58a35cd793a78d166981dba070c32', 1, 2, NULL, '[]', 1, '2018-03-21 12:57:53', '2018-03-21 12:57:53', '2018-04-05 05:57:53'),
('4bb75fd066de2172486f98488cfb0c46291012f0d2f1b04fe90dd225d047cbbde76a7ce06a1b10f8', 1, 2, NULL, '[]', 1, '2018-03-16 13:36:09', '2018-03-16 13:36:09', '2018-03-31 06:36:09'),
('4cf59384685f712b1ca7590aef5eefebb6a9e9dc403ce1541697c6277e33b5fa2aa1b5438f7fb5bf', 1, 2, NULL, '[]', 1, '2018-03-14 13:17:12', '2018-03-14 13:17:12', '2018-03-29 06:17:11'),
('4db676f5d7953657f722b4904274b5afab585afaa22306edce8fe1331679a647dfad2653b1c479e7', 1, 2, NULL, '[]', 1, '2018-03-15 14:48:46', '2018-03-15 14:48:46', '2018-03-30 07:48:46'),
('4dbc51ad8de3c40640bdf2f325e9d384a5ccaa66184e318c8e950378554c1e12158ae6469ac07f62', 1, 2, NULL, '[]', 1, '2018-03-22 13:45:31', '2018-03-22 13:45:31', '2018-04-06 06:45:31'),
('4e0525a48993579224a37491d11d408b4ef9ac342f6b53d1f1f94b964a49cc933606b7ab841fd72c', 1, 2, NULL, '[]', 1, '2018-03-22 06:37:56', '2018-03-22 06:37:56', '2018-04-05 23:37:56'),
('4e25859647be16178b1849763e4a26c667359060f59180ca559846cfbd7e9fe2ff06d7bddcf2b951', 1, 2, NULL, '[]', 1, '2018-03-22 13:16:15', '2018-03-22 13:16:15', '2018-04-06 06:16:15'),
('4f8489818f3e44e0179487649db87b948d2a01b1fb7520399b941b4aa0027e1f164abbc201984100', 1, 2, NULL, '[]', 1, '2018-03-09 17:50:06', '2018-03-09 17:50:06', '2018-03-24 09:50:05'),
('502a93e8b4c1c2d5554fba91fa6acff1d86a94b4a01d65e465b413e61c4e65c553bb5108ef0394e6', 1, 2, NULL, '[]', 1, '2018-03-15 11:01:55', '2018-03-15 11:01:55', '2018-03-30 04:01:54'),
('5156fae0a12a5a30510c18834e866a1adf9e5dafc90bf8a1ee11a46032c24dbabd322988888644ab', 1, 2, NULL, '[]', 1, '2018-03-16 07:15:50', '2018-03-16 07:15:50', '2018-03-31 00:15:50'),
('518f3e33c2460c20c7544c50a8126bf529138660f9f51bbcaacfe4cf3f043b2e30df91a697cab63e', 1, 2, NULL, '[]', 1, '2018-03-16 17:24:27', '2018-03-16 17:24:27', '2018-03-31 10:24:27'),
('51cfa97dea43355c394e658561ef10668b9fe893e03089a1f88ea77575b950383c0598264aea106c', 1, 2, NULL, '[]', 1, '2018-03-22 06:27:58', '2018-03-22 06:27:58', '2018-04-05 23:27:58'),
('520ef41e80910c3858696f347adcd5f53ca785376053abaa5b15f23e9e8e2f7fa2edac63854968a6', 1, 2, NULL, '[]', 1, '2018-03-16 10:32:26', '2018-03-16 10:32:26', '2018-03-31 03:32:26'),
('526fe68c9aa59a81888b8a3160d59d6299e2d51ed82fc5e61a2f83f8115303db80d6bf20020b74e4', 1, 2, NULL, '[]', 1, '2018-03-21 07:23:01', '2018-03-21 07:23:01', '2018-04-05 00:23:01'),
('53790c16c54be566253a8b24b02011ef851a61f1cc491ff3a71c4a8811b9bb43428a10f5008ce65b', 1, 2, NULL, '[]', 1, '2018-03-16 10:51:51', '2018-03-16 10:51:51', '2018-03-31 03:51:51'),
('53b8b349714823c4707d98b30d59d3c2de00170fa3c2234e2e31689a4656fa5d002d49e19bdc56af', 1, 2, NULL, '[]', 1, '2018-03-14 14:14:24', '2018-03-14 14:14:24', '2018-03-29 07:14:23'),
('53fcc2881e6e23134c2c4b2ceb352e5f6fcdb20e01d88e05707c6c706695f7e3b6831a395dce5c4f', 1, 2, NULL, '[]', 1, '2018-03-22 13:56:54', '2018-03-22 13:56:54', '2018-04-06 06:56:54'),
('546ab326a724e2581551fd5225d2bd207acea00fd701dbbb81c8e6151696be04a3d1bc932fcee5c8', 1, 2, NULL, '[]', 1, '2018-03-16 15:08:44', '2018-03-16 15:08:44', '2018-03-31 08:08:43'),
('54a56e5e3253f3aaeb4b5f44d33ea75f69256dd991143ced6e558a6c92718194323731eced49cd66', 1, 2, NULL, '[]', 1, '2018-03-23 08:15:34', '2018-03-23 08:15:34', '2018-04-07 01:15:34'),
('551dcf7fb73e064875d213d223a2319dfe66c2bb0eb6ac6b13bfb712bc415282748532ffa18e56fd', 1, 2, NULL, '[]', 1, '2018-03-16 11:35:58', '2018-03-16 11:35:58', '2018-03-31 04:35:58'),
('557b569c6463eac844bd16e38d02cec67705183e3df61b93bc9c94ec70611a874a93ca588f2d73bd', 1, 2, NULL, '[]', 1, '2018-03-22 06:05:43', '2018-03-22 06:05:43', '2018-04-05 23:05:43'),
('557c0055600f7fccb4ffb147020bc811854d85581dac6b5c8dbadd1418e01c5126081b085ef0221e', 1, 2, NULL, '[]', 1, '2018-03-15 08:38:11', '2018-03-15 08:38:11', '2018-03-30 01:38:11'),
('5599584d1c76e080fc96ae3006c03530b432f207ec0c0eba4720e7ee2c239a764145d38fad0f21f8', 1, 2, NULL, '[]', 1, '2018-03-16 16:11:35', '2018-03-16 16:11:35', '2018-03-31 09:11:35'),
('55fdd350ea5d758c9a63f282c2c4ff647f5eeb4d2b5ab684869eb76e6c34269f7f1a97996df8e599', 1, 2, NULL, '[]', 1, '2018-03-22 13:20:52', '2018-03-22 13:20:52', '2018-04-06 06:20:51'),
('56eef1c6b8bf6804eab53d2471b5487c8b1673735461ab6299871cc984b2114cdd035edcb22a9d5a', 1, 2, NULL, '[]', 1, '2018-03-14 12:34:43', '2018-03-14 12:34:43', '2018-03-29 05:34:43'),
('59557810e76cc8f735adeee288488bc8ddf9af4840343860ee0178e4aefced2807d7f2adcbe09a97', 1, 2, NULL, '[]', 1, '2018-03-09 18:26:25', '2018-03-09 18:26:25', '2018-03-24 10:26:25'),
('595ea1addb814e54d1153ed577042a2c1e143a30af8a5b0151c8adf0960bb5a2af3b259967e921dd', 1, 2, NULL, '[]', 1, '2018-03-22 16:52:58', '2018-03-22 16:52:58', '2018-04-06 09:52:57'),
('596a7c90891864456ea5bb4586c66de12ff20fe3d2c89b225fb1e6733cd4e8e35dc6fa8eada97410', 1, 2, NULL, '[]', 1, '2018-03-16 10:26:23', '2018-03-16 10:26:23', '2018-03-31 03:26:23'),
('5992b6780b425a7288b0439c122f71e202865b9cc272cacf99d49dd39fa6fa940e1e6499354935d5', 1, 2, NULL, '[]', 1, '2018-03-14 01:45:41', '2018-03-14 01:45:41', '2018-03-28 18:45:41'),
('5a37a3acdf95a08dd4572f42f4fae9ed33a75942523d31e40d0566c2e67f076b683d61b3bf2818d5', 1, 2, NULL, '[]', 1, '2018-03-21 12:52:48', '2018-03-21 12:52:48', '2018-04-05 05:52:47'),
('5b97754e3e1078a2b470d8439d3f09fbf8eb50fa204cb7d9f33c9c7e2615b3b6ebc295225bfd888b', 1, 2, NULL, '[]', 1, '2018-03-09 14:37:30', '2018-03-09 14:37:30', '2018-03-24 06:37:30'),
('5beb9eeb2fb0035e4daf1be70c3b595b8e1de3b32b56fb9cbb08d86340913a0587a12ca82a56ed51', 1, 2, NULL, '[]', 1, '2018-03-22 13:17:14', '2018-03-22 13:17:14', '2018-04-06 06:17:13'),
('5ca4663f777949b1c6841c23afc170c650f6e4497f2e69b979d18e2d0cf6b985f4b9e150017d7869', 1, 2, NULL, '[]', 1, '2018-03-22 05:26:20', '2018-03-22 05:26:20', '2018-04-05 22:26:20'),
('5cc3e78e9256165bbe8c9fb15ff8eb7c670086c0c774d3c8bdb012e2504533b861c02ea0eaa3d139', 1, 2, NULL, '[]', 1, '2018-03-16 09:59:59', '2018-03-16 09:59:59', '2018-03-31 02:59:59'),
('5ce189fd594186d010e0cc81fc30752959e502553b3c0e8c6349466bb5e4714e8a0fe454b0ab001a', 1, 2, NULL, '[]', 1, '2018-03-16 16:25:41', '2018-03-16 16:25:41', '2018-03-31 09:25:40'),
('5cf48467be43a72228d18524645f7f2f04d2fd0c4e4c0d2e0cb428b4036d59a4eeac780fab1cb97d', 1, 2, NULL, '[]', 1, '2018-03-22 05:23:01', '2018-03-22 05:23:01', '2018-04-05 22:22:59'),
('5d06ed8f119a5413130acb61b957e97984f7af607a14717662c267b747714838a8b296ddda2896ef', 1, 2, NULL, '[]', 1, '2018-03-16 14:18:00', '2018-03-16 14:18:00', '2018-03-31 07:17:59'),
('5d3a8d242fa12f60db7887473a3554677a9ad93998583518aea9f66f9360f70ddc750d24cb0d2076', 1, 2, NULL, '[]', 1, '2018-03-13 10:45:41', '2018-03-13 10:45:41', '2018-03-28 03:45:40'),
('5d9381365755cc739bb8c1a5e46d8b075a1d1b543532e3fbcb377a13403de822508efbe1b2d04d2e', 1, 2, NULL, '[]', 1, '2018-03-16 17:18:43', '2018-03-16 17:18:43', '2018-03-31 10:18:43'),
('5db9c141f56d974e09f781bc7fd66f806224221e1228d20a2de810187f6213546cf10c8088d42a84', 1, 2, NULL, '[]', 1, '2018-03-14 09:12:32', '2018-03-14 09:12:32', '2018-03-29 02:12:32'),
('5df95b96564a101b037d2edb76f4cf3fabb5f4e644e1dfbbd3c7d7e78ac022ffd8f08193e2095d03', 1, 2, NULL, '[]', 1, '2018-03-08 14:34:21', '2018-03-08 14:34:21', '2018-03-23 06:34:21'),
('5e11e320ee4fc8217da21e3bea5a0bcf09bdd3e9eac9aeca5bc19d050c7e650b719bed18b0bb4326', 1, 2, NULL, '[]', 1, '2018-03-22 13:00:53', '2018-03-22 13:00:53', '2018-04-06 06:00:53'),
('5e122c8048dd7b98106836748a898273137b6fd04b32fe4c864630b5dce58b208ab2a480e73d4574', 1, 2, NULL, '[]', 1, '2018-03-14 11:53:10', '2018-03-14 11:53:10', '2018-03-29 04:53:10'),
('5e8c6d9a58a4ba077959256c0341d216001ba7389e34af871614953ff0e6000ca32d28f39c7a14d4', 1, 2, NULL, '[]', 1, '2018-03-08 14:23:26', '2018-03-08 14:23:26', '2018-03-23 06:23:25'),
('5f3201fec1d779cac4e11572c9acbf693b1b78e2b5d242d523f9a222edf82656673647cba50235c5', 1, 2, NULL, '[]', 1, '2018-03-22 13:12:58', '2018-03-22 13:12:58', '2018-04-06 06:12:58'),
('5fdb7e4f91c2e0eb6782050ca5a84b25a59ddbc0943c0ed37f004dd41a182e7aa373bb084edcfcb6', 1, 2, NULL, '[]', 1, '2018-03-21 08:58:28', '2018-03-21 08:58:28', '2018-04-05 01:58:28'),
('60d61bb945bd36025d9a76b740125c953250799932ff3da27502fb4ec9e1f9e5b247d633bc4cf9d9', 1, 2, NULL, '[]', 1, '2018-03-15 14:33:18', '2018-03-15 14:33:18', '2018-03-30 07:33:18'),
('60dafa733b8f46680af47136b5e7a046d427154fcf90477a322543b70c7179689dd7082639f7ec3c', 1, 2, NULL, '[]', 1, '2018-03-16 11:51:22', '2018-03-16 11:51:22', '2018-03-31 04:51:21'),
('60fa4ba185a00cee3365315c4d91cb041075ed2b1cca1cd03627d1aa533de7093fb4b79311164f3b', 1, 2, NULL, '[]', 1, '2018-03-16 14:34:42', '2018-03-16 14:34:42', '2018-03-31 07:34:42'),
('6188ce1b846f35a64d087ca7baffbdf5f7ab4a517cda117920802335eecf7c75b58df36b2bee6552', 1, 2, NULL, '[]', 1, '2018-03-22 13:09:16', '2018-03-22 13:09:16', '2018-04-06 06:09:16'),
('62fb2c07f53a4f7a5e8eaf2ab2181dee696d851ff29c8697883580719be6361b5dd25fd31ef09fa2', 1, 2, NULL, '[]', 1, '2018-03-15 04:39:33', '2018-03-15 04:39:33', '2018-03-29 21:39:33'),
('63c38754700ef2622663428e61c913bd3ed968ecfe0bc37ae8b7e44058e22397b8727e36bb7c1a98', 1, 2, NULL, '[]', 1, '2018-03-16 12:50:13', '2018-03-16 12:50:13', '2018-03-31 05:50:12'),
('644767d416d9c42bbf332f23658a62e145d9285066e2278bad3679ba3b35f4221265e48a7a8652e4', 1, 2, NULL, '[]', 1, '2018-03-21 01:01:00', '2018-03-21 01:01:00', '2018-04-04 18:00:57'),
('6481e5d2e1276ee8592771167d9e0f1dbfb357973442fbb8c7e8d73ba9625ec3b04a9dfa40e8c867', 1, 2, NULL, '[]', 1, '2018-03-16 07:38:10', '2018-03-16 07:38:10', '2018-03-31 00:38:10'),
('648722a91b5dc0a8523987e0d591dc1fa5cbe0955f4a766e5aaf89d16ee1c8aa0cf48766597b7c30', 1, 2, NULL, '[]', 1, '2018-03-16 10:22:28', '2018-03-16 10:22:28', '2018-03-31 03:22:28'),
('64c0d7f7bcfa8c6721ef8be0257916f168f793202ffa56cb6ff22ac439056f486ebc1445a9abd2a0', 1, 2, NULL, '[]', 1, '2018-03-15 08:43:00', '2018-03-15 08:43:00', '2018-03-30 01:42:59'),
('6526590c45ddf3446ee8c51c386cc86700658a752e13325b68058205c0d516b3db0abf1ea388e5ab', 1, 2, NULL, '[]', 1, '2018-03-16 07:50:22', '2018-03-16 07:50:22', '2018-03-31 00:50:20'),
('65700ed7697a4dcd7abc2f654a6595f5f063beab8cb319a882ca7d98790bb9032e7f250ba2008c13', 1, 2, NULL, '[]', 1, '2018-03-21 11:37:13', '2018-03-21 11:37:13', '2018-04-05 04:37:12'),
('6574eb4f76b301a213301a0abe541777583635b94811708b958025d7d01f526c3fda6b6b8319e808', 1, 2, NULL, '[]', 1, '2018-03-22 14:11:06', '2018-03-22 14:11:06', '2018-04-06 07:11:06'),
('662efceb63e92f0b3ef34428bdff49b64607c54032bbba7281c3f99ee61771939199690e53372d6e', 1, 2, NULL, '[]', 1, '2018-03-16 09:37:47', '2018-03-16 09:37:47', '2018-03-31 02:37:46'),
('66fd7a099621a276a1b810b261f21995af095d2d5603ac2531a47be591c5dbc5b65fc9efd8709ebe', 1, 2, NULL, '[]', 1, '2018-03-21 07:26:39', '2018-03-21 07:26:39', '2018-04-05 00:26:38'),
('67cbdd070aea2b8a4d1c1eba1bfe1175ac9a819b38e459be43927c5e94fb4d4b9e3a156e9c842338', 1, 2, NULL, '[]', 1, '2018-03-16 16:57:02', '2018-03-16 16:57:02', '2018-03-31 09:57:01'),
('680a1568bb996db01fb33f7fa648a1fafa85181599a46149d8418d29551bbfc633c926fbf0e701a0', 1, 2, NULL, '[]', 1, '2018-03-08 17:05:54', '2018-03-08 17:05:54', '2018-03-23 09:05:54'),
('680ba5d6be867aaf814373e38c285c76ce22fa8031fb3cadf8fa4d1ad026bb31654850c46864a889', 1, 2, NULL, '[]', 1, '2018-03-15 04:30:09', '2018-03-15 04:30:09', '2018-03-29 21:30:09'),
('681d3df8a7445d31ad869f6278cc1f1ec084cadc6bdbfa1444e20b15e4df77ea289895a9dcd747e6', 1, 2, NULL, '[]', 1, '2018-03-15 05:20:50', '2018-03-15 05:20:50', '2018-03-29 22:20:50'),
('682b8353b2bdaa5b1a10139e7188390652ea24af3896879294184290a84699f87a2a4e4408aa5c48', 1, 2, NULL, '[]', 1, '2018-03-21 07:25:58', '2018-03-21 07:25:58', '2018-04-05 00:25:58'),
('695a5436aebee47896dce10c1b203e9bb0594be584d8bdf7f2446de5404bbb9f16bc976d00afe1a2', 1, 2, NULL, '[]', 1, '2018-03-15 10:57:52', '2018-03-15 10:57:52', '2018-03-30 03:57:52'),
('69d404d6e99b828769ab246c29943b4488415f82b8fe7f90b7f2d983d71b17e10f28b7ce169cc0f3', 1, 2, NULL, '[]', 1, '2018-03-16 13:25:54', '2018-03-16 13:25:54', '2018-03-31 06:25:53'),
('69ee7b8bf2cfe9c257d4d18f23398145af7685ea929e9f475748c031be9368e23f9ed691525a3b9b', 1, 2, NULL, '[]', 1, '2018-03-15 08:34:11', '2018-03-15 08:34:11', '2018-03-30 01:34:10'),
('6a13d11af13978eb28ea7d36f773e9c0b64c8b8619fa96ebc7eabde139ee7a13df54cc4dbcd94d6f', 1, 2, NULL, '[]', 1, '2018-03-21 07:31:29', '2018-03-21 07:31:29', '2018-04-05 00:31:29'),
('6aff310b41f19bf91441cabcc9db50ca7e27e3f9a2600e535b629bdf8a6e71ea858f6c7883c678f0', 1, 2, NULL, '[]', 1, '2018-03-08 14:38:36', '2018-03-08 14:38:36', '2018-03-23 06:38:36'),
('6b5e57979d91c21475ec2edbececa123a06155c1cca9f06f23b1df279508db8ee80d722f1446125a', 1, 2, NULL, '[]', 1, '2018-03-10 05:08:53', '2018-03-10 05:08:53', '2018-03-24 21:08:53'),
('6b88b4eb02c250ee1edc96ddbce66487e5454fa93466e04642bbda5eb566b1003cb64171314a80c8', 1, 2, NULL, '[]', 1, '2018-03-18 16:32:58', '2018-03-18 16:32:58', '2018-04-02 09:32:58'),
('6bb679f10dbbbe208f0dec52751f517198b907f070672024e154fd7870389ce794dd6fc8e230e5d4', 1, 2, NULL, '[]', 1, '2018-03-15 08:36:13', '2018-03-15 08:36:13', '2018-03-30 01:36:13'),
('6bc60ceabd62e4efb6e90783aebfd80093c416ddb1c4a33efff5e1b28aa598da3bb74d5c257a8e73', 1, 2, NULL, '[]', 1, '2018-03-14 17:29:33', '2018-03-14 17:29:33', '2018-03-29 10:29:33'),
('6c27df0398a703032c92a6b27ab99a4e8c8c8d7a0edf6ec973a52ac8c8237dfc4a232f7c688cb380', 1, 2, NULL, '[]', 1, '2018-03-16 04:33:56', '2018-03-16 04:33:56', '2018-03-30 21:33:56'),
('6c2ac6a67061cf5d6c02236a216d9c0c6e3e02740b6aaf129d3c4961d2e9b417629d3df4a7799c8a', 1, 2, NULL, '[]', 1, '2018-03-14 11:42:13', '2018-03-14 11:42:13', '2018-03-29 04:42:13'),
('6c54d1673e17fa329717e1830d1f5a25aeb9ccf0c92d446904b2ac818f2f82baaf5d87c1bd6dc07b', 1, 2, NULL, '[]', 1, '2018-03-22 13:04:17', '2018-03-22 13:04:17', '2018-04-06 06:04:16'),
('6c8717de5f9e32a37b3392aede2490c74327f4b37756fc70d9adca6f72e16dea35200c588c03a65e', 1, 2, NULL, '[]', 1, '2018-03-14 10:19:23', '2018-03-14 10:19:23', '2018-03-29 03:19:23'),
('6cbc5a680f32769ea7977742b12155e3f5d8ebc42a470c5a36aa1fc1c18912a35b2db5c9b173fb8f', 1, 2, NULL, '[]', 1, '2018-03-22 14:39:16', '2018-03-22 14:39:16', '2018-04-06 07:39:15'),
('6d62b9ce4dca38e0ce17dc4c674bdbb53a6795ceab12f7dc27afe6fcb50818b2cc30577829ccdfb0', 1, 2, NULL, '[]', 1, '2018-03-14 01:29:56', '2018-03-14 01:29:56', '2018-03-28 18:29:56'),
('6d9723e4d729fea1efa325d91b19989c9d0363201befb6a9f1e3e1a3bee44749e4333a21bd9fde3f', 1, 2, NULL, '[]', 1, '2018-03-14 11:08:48', '2018-03-14 11:08:48', '2018-03-29 04:08:47'),
('6eb2afc0ee160b6be98b0808bd10a9041ae36479dd35eb48d2a4059957cdb3217603644c446262cf', 1, 2, NULL, '[]', 1, '2018-03-15 13:47:35', '2018-03-15 13:47:35', '2018-03-30 06:47:34'),
('6f1b5713712668bb1028aeb56acf5408141e49e1b552a1476ba4459790e98ddf690014deb1c6a236', 1, 2, NULL, '[]', 1, '2018-03-14 11:21:23', '2018-03-14 11:21:23', '2018-03-29 04:21:22'),
('6f65a3304fb330b5cfb5b9209a522f2365653dfc84a682585d4b44bc5b488e57cafe094c527a31da', 1, 2, NULL, '[]', 1, '2018-03-09 17:19:30', '2018-03-09 17:19:30', '2018-03-24 09:19:30'),
('6f7a1c1f06be4e2657a058cac8382c5039ec37845e2d296ef3697200f98b503ac3250f1f0b56e9b3', 1, 2, NULL, '[]', 1, '2018-03-15 08:32:06', '2018-03-15 08:32:06', '2018-03-30 01:32:06'),
('701128baa95908ee6609b227f485d479d40648f790928417bc2824bbe0ea266a03d44a4f39127b14', 1, 2, NULL, '[]', 1, '2018-03-10 05:33:23', '2018-03-10 05:33:23', '2018-03-24 21:33:22'),
('70940b4e297cd31f68ecb6ab11b227a126bb1a29f31020dde7d4baa2b8d6011377ceda40953fb203', 1, 2, NULL, '[]', 1, '2018-03-21 07:35:13', '2018-03-21 07:35:13', '2018-04-05 00:35:12'),
('70b27b622989c45c175823e85b2d4949cc8cfff6e08700a6a70082294dd1d4ff12eb739f6826b133', 1, 2, NULL, '[]', 1, '2018-03-14 11:49:30', '2018-03-14 11:49:30', '2018-03-29 04:49:29'),
('70fbeaf07be0ab509340b7c973331de1267c4df8756ff16ce080a08695b7ec1e95a92f98746687c4', 1, 2, NULL, '[]', 1, '2018-03-16 15:15:17', '2018-03-16 15:15:17', '2018-03-31 08:15:17'),
('71223dd1e96cf391a9e51482854a7321d21999449dd047b540e80241eb0392928585bb5cf53e08f3', 1, 2, NULL, '[]', 1, '2018-03-09 13:41:04', '2018-03-09 13:41:04', '2018-03-24 05:41:04'),
('72806bd353db0a139305d998efd05ca07d175a52b3fa9fa0f0517e2c1ee8096658ab42ac277658bb', 1, 2, NULL, '[]', 1, '2018-03-16 14:30:57', '2018-03-16 14:30:57', '2018-03-31 07:30:57'),
('7289ea920e378e1989f768689b6e87bd92d9ee341e1560ff3d9b7a4fef8357bd40d841abc2f4f7ec', 1, 2, NULL, '[]', 1, '2018-03-16 10:54:57', '2018-03-16 10:54:57', '2018-03-31 03:54:57'),
('72f6ff16b0e7fdaec43bbffb7211a4ecd44963df0a599f626fd2a4469a46b88124d7580a1e3be8a9', 1, 2, NULL, '[]', 1, '2018-03-17 09:40:14', '2018-03-17 09:40:14', '2018-04-01 02:40:14'),
('743667e224ebf818810c8c754bae481795d18040223246138e08fe96166300f5a0d5151293838c4c', 1, 2, NULL, '[]', 1, '2018-03-17 10:14:34', '2018-03-17 10:14:34', '2018-04-01 03:14:33'),
('7477586330adc52479e54bbf0ed3ade18ef53f2f7969939ab9ffdbef5d312c7462a960902a392df5', 1, 2, NULL, '[]', 1, '2018-03-22 13:30:37', '2018-03-22 13:30:37', '2018-04-06 06:30:37'),
('74a3b62730caf510d0261d2d2956cbcff718b93db26b580ad3fc91450faff518b6db42c0ac5c5002', 1, 2, NULL, '[]', 1, '2018-03-15 05:08:17', '2018-03-15 05:08:17', '2018-03-29 22:08:17'),
('74b71df83f5ff13dedba911854b9552daaf87bb1d268733607098485233e2f38e0cba84cc9cbfcb7', 1, 2, NULL, '[]', 1, '2018-03-09 16:14:47', '2018-03-09 16:14:47', '2018-03-24 08:14:46'),
('751979eb248e64462f7009a7d25582f262fe4271f36391763f9abcb31b3305864f015b77471fc4bb', 1, 2, NULL, '[]', 1, '2018-03-16 10:39:22', '2018-03-16 10:39:22', '2018-03-31 03:39:22'),
('754151db2c954e142eddfd59128eda4fe455428ced48c98d208ba33771e960b5409117655772f659', 1, 2, NULL, '[]', 1, '2018-03-09 17:30:42', '2018-03-09 17:30:42', '2018-03-24 09:30:41'),
('755fac97b6731d9946e583d6dbc0c8138f72694f920b55230f3eab302f520e48114da9c18e7ad43d', 1, 2, NULL, '[]', 1, '2018-03-15 05:25:09', '2018-03-15 05:25:09', '2018-03-29 22:25:09'),
('761a6aa2e9205b453c0da2bd954a9847767d6de93ad11c20650fbbfd2a8c419987279d89aaf226dc', 1, 2, NULL, '[]', 1, '2018-03-22 05:40:53', '2018-03-22 05:40:53', '2018-04-05 22:40:53'),
('767af6b258eeb660c2dae23afe8c3e0d1bce327e87e9fd93b9bcdc7d1ff5ffc20026f29948f622f7', 1, 2, NULL, '[]', 1, '2018-03-16 17:02:12', '2018-03-16 17:02:12', '2018-03-31 10:02:12'),
('767f30d1879eadd62a5ae0faadde72a9a7595f4f3ea802aede07cc017021a2b62c041ea3a04be85f', 1, 2, NULL, '[]', 1, '2018-03-16 13:15:44', '2018-03-16 13:15:44', '2018-03-31 06:15:43'),
('76e3b5f7cb0b026cc0131fbc1f96d75fe23d2fc3973669bd8ee57818a475bb339c0baa1f526f6c46', 1, 2, NULL, '[]', 1, '2018-03-22 17:02:00', '2018-03-22 17:02:00', '2018-04-06 10:01:59'),
('772a164756e00184d2f14d1b8322dac0e57c214808cdc17c96bb0b4072a9ebcb4120331050856a12', 1, 2, NULL, '[]', 1, '2018-03-08 16:55:05', '2018-03-08 16:55:05', '2018-03-23 08:55:05'),
('77ee87549ba74a159cdc086f64925c0f4c1c90899918dd507c5f8421a8b4ddb57eda7bc0132ebb9b', 1, 2, NULL, '[]', 1, '2018-03-16 12:27:03', '2018-03-16 12:27:03', '2018-03-31 05:27:03'),
('782c85f5c472df72e6e9592c672a9f6bfb7f7aad72831cb2c987ba57b99da328d09dde8b11f907be', 1, 2, NULL, '[]', 1, '2018-03-22 16:19:59', '2018-03-22 16:19:59', '2018-04-06 09:19:59'),
('782f35b73b627419f1dbc26cbfd18605c70fcd492922611a055afae4241fa4ea418aeacd87f0279c', 1, 2, NULL, '[]', 1, '2018-03-16 09:53:42', '2018-03-16 09:53:42', '2018-03-31 02:53:42'),
('78a9a0395f351ff9eb34df83a2e28ff0ec31394373b130d22d5483be82979b885ebae47c12456a47', 1, 2, NULL, '[]', 1, '2018-03-22 12:44:30', '2018-03-22 12:44:30', '2018-04-06 05:44:29'),
('78dd5de3c785b69bfb1f54f8e76d66e0cda0d62f2848775618811845bd4cb259c1a4d395603e0673', 1, 2, NULL, '[]', 1, '2018-03-08 16:43:18', '2018-03-08 16:43:18', '2018-03-23 08:43:17'),
('78e9e7372096502bbfa6c1a6831b113486da6350802a75396011901f95b2a1059a9edd99a9fafbc5', 1, 2, NULL, '[]', 1, '2018-03-15 14:27:05', '2018-03-15 14:27:05', '2018-03-30 07:27:04'),
('7940204088da0eaca8b8f1f53208f323ad1683ab5fb1ea4c1bc9f01d16fddb3eec4af7db2640fe4e', 1, 2, NULL, '[]', 1, '2018-03-14 17:20:17', '2018-03-14 17:20:17', '2018-03-29 10:20:17'),
('79f672b8f1975b06957e412bf6dfe85d8a9e2c4cc4420663586688f11b896241bb07c887eb01b24c', 1, 2, NULL, '[]', 1, '2018-03-21 09:00:10', '2018-03-21 09:00:10', '2018-04-05 02:00:10'),
('7aabfb668deebb9714d4b9aa37421994b7a1be847428b9f5af92465375e241aeaf7d84f9d3e58dde', 1, 2, NULL, '[]', 1, '2018-03-16 11:28:16', '2018-03-16 11:28:16', '2018-03-31 04:28:16'),
('7af81ef918ff1003970a9f08c39e995d7a6a2ec520d880e3a430a49d2c85aaec2d3a2fde9c357d9f', 1, 2, NULL, '[]', 1, '2018-03-16 07:43:15', '2018-03-16 07:43:15', '2018-03-31 00:43:15'),
('7b471be2bffdfdcc6bb4701782e4c3bd8d89b70188bada5103ce1a3fdcdbd5a21b01906d33d66e73', 1, 2, NULL, '[]', 1, '2018-03-14 13:43:31', '2018-03-14 13:43:31', '2018-03-29 06:43:30'),
('7beec30e1b05e0484c46b6496f9298dc776487345260d9d2aaceb634ebd929769beda3efa1fbccde', 1, 2, NULL, '[]', 1, '2018-03-16 00:55:33', '2018-03-16 00:55:33', '2018-03-30 17:55:33'),
('7c4ff139ebcb314cee49e13d3c398de4250b158a85d47a5fd26b8b786df2adcf8e61ed3e0e91a4d6', 1, 2, NULL, '[]', 1, '2018-03-15 17:16:38', '2018-03-15 17:16:38', '2018-03-30 10:16:36'),
('7cb1f36e801dd90fe80f6d4393d05c283eccd07b4874d79a42cc5c9440c2225a813ea602d01df723', 1, 2, NULL, '[]', 1, '2018-03-09 15:01:41', '2018-03-09 15:01:41', '2018-03-24 07:01:41'),
('7cb5b52f0005512192ce56974f6cebde109d2528864834011df53bbac8fe25469dbf62715fcfbcba', 1, 2, NULL, '[]', 1, '2018-03-10 05:28:28', '2018-03-10 05:28:28', '2018-03-24 21:28:28'),
('7ccc51e0ed1cac2eb7945d047398705eb195a0ef1be57d537cf1365781cebb40735e0be88fd382a9', 1, 2, NULL, '[]', 1, '2018-03-16 14:06:10', '2018-03-16 14:06:10', '2018-03-31 07:06:10'),
('7cd166dadd6f5d597b2cafa6eeb0876d53ae0178b7459ca997a89e9847ab908d6200a9125053e1e6', 1, 2, NULL, '[]', 1, '2018-03-16 07:37:00', '2018-03-16 07:37:00', '2018-03-31 00:37:00'),
('7cd57ad90f792dfa39fce15d36a3d7f10021548ee62a3bc5562e87f76aba2cf35a40839aa11d3345', 1, 2, NULL, '[]', 1, '2018-03-21 07:38:20', '2018-03-21 07:38:20', '2018-04-05 00:38:19'),
('7d4445d4fe5cf09275519e6bf3cd091e27a00e3f2c6db02b89ddc016bb7b977234da3f16bb5dbb48', 1, 2, NULL, '[]', 1, '2018-03-14 11:35:41', '2018-03-14 11:35:41', '2018-03-29 04:35:41'),
('7deb0cee79930d35b8902a0735ed107a6ca820fa6b3d3de044f76ca01cb16396b98a8d977fe3f632', 1, 2, NULL, '[]', 1, '2018-03-16 10:23:40', '2018-03-16 10:23:40', '2018-03-31 03:23:40'),
('7eb3627cead68a7323f5764168e5f6343da5d8a8f0ea13c8ff7b8ee5a433cf89b8f581f08264dd59', 1, 2, NULL, '[]', 1, '2018-03-15 11:00:23', '2018-03-15 11:00:23', '2018-03-30 04:00:23'),
('7f2381efb579a33595d9e5d0da09c1611a8ce0e2d78efd9bfa4fa146536a37e9b3b3429abbdd2abf', 1, 2, NULL, '[]', 1, '2018-03-22 12:10:55', '2018-03-22 12:10:55', '2018-04-06 05:10:55'),
('7f3d1c877efcd533185a42786012b707ab172a706fa70f228c13be2e851f55962322ffeafa4efe0e', 1, 2, NULL, '[]', 1, '2018-03-08 15:00:08', '2018-03-08 15:00:08', '2018-03-23 07:00:07'),
('7f78a9851656664a9935f22c33cab8c072c38ef2a970421c0522b9869bd6401ee1f53d7170b34a22', 1, 2, NULL, '[]', 1, '2018-03-14 11:11:05', '2018-03-14 11:11:05', '2018-03-29 04:11:05'),
('7f86e717e31b7c9af77cea5861aff7ca435181783d7487f840dd4836cc901beb31fc16f8268a6f93', 1, 2, NULL, '[]', 1, '2018-03-08 17:00:39', '2018-03-08 17:00:39', '2018-03-23 09:00:39'),
('80b1a183c860122208061e2baab8b0ee9776eabd7da65f8ae9cc5ddc0dd947ab5023b4632b1bc64b', 1, 2, NULL, '[]', 1, '2018-03-09 16:25:42', '2018-03-09 16:25:42', '2018-03-24 08:25:42'),
('817d56eec57285d5fff62a3e71d2c3e604bab24482f5f68d9e9b9c91273b61f99861dbf1a1a45736', 1, 2, NULL, '[]', 1, '2018-03-15 05:04:45', '2018-03-15 05:04:45', '2018-03-29 22:04:44'),
('8246c700d7a5b3f40e8b4c9d7c1333697debe0fc7e03e2dc056e8252889fc00d5d24abb34b2be1fe', 1, 2, NULL, '[]', 1, '2018-03-16 14:29:18', '2018-03-16 14:29:18', '2018-03-31 07:29:18'),
('825dd334d7c21b5292149315c79a27236a34e4383d965a62b4bfd089c30c1dd95bde16942cb31863', 1, 2, NULL, '[]', 1, '2018-03-13 11:01:34', '2018-03-13 11:01:34', '2018-03-28 04:01:33'),
('83a438175c945a431e5ffaffc29ba35782a792554db57f3530a22d8dd5c5108290ef59ce454b1c72', 1, 2, NULL, '[]', 1, '2018-03-22 14:32:54', '2018-03-22 14:32:54', '2018-04-06 07:32:54'),
('8509352d0557e4fc505ba69c8e2a06bd2bd0d6f7912244717b140d53156447118cbb9eae57055c00', 1, 2, NULL, '[]', 1, '2018-03-09 18:06:47', '2018-03-09 18:06:47', '2018-03-24 10:06:47'),
('8567e654205e2d3a9c422e127314b72e1fe7ea7a88a9286e494a4216f721441d4ec93a0aebf75b84', 1, 2, NULL, '[]', 1, '2018-03-15 10:51:42', '2018-03-15 10:51:42', '2018-03-30 03:51:42'),
('85a4c03feb0f833cd09ca3f943f52067959945ea90a7bb96b8187999b3d9d8663d6be53a52aa7419', 1, 2, NULL, '[]', 1, '2018-03-14 12:34:23', '2018-03-14 12:34:23', '2018-03-29 05:34:23'),
('85f204e5f53c0e1c8d8d889ce34045f9a60fa76ec08bd1a6c2bd9d42eef1785221bf6361dfd0d7ff', 1, 2, NULL, '[]', 1, '2018-03-16 16:15:27', '2018-03-16 16:15:27', '2018-03-31 09:15:27'),
('8601a3f299b034156174931417e5d15568a7d6396b4f68c10fca2ca87b0575594c57a1cb583e4494', 1, 2, NULL, '[]', 1, '2018-03-22 12:57:31', '2018-03-22 12:57:31', '2018-04-06 05:57:31'),
('86558d94aeb2a9b576937551695bed0cebd746ec19a6e60e7622a16d9d16f7884c6839c64858c1dc', 1, 2, NULL, '[]', 1, '2018-03-09 12:48:30', '2018-03-09 12:48:30', '2018-03-24 04:48:28'),
('865b6d99f570901eb59a36bd01fc5366c5a893413d90537ee79cb30f2ed1e2510efa167af0055c73', 1, 2, NULL, '[]', 1, '2018-03-13 10:47:53', '2018-03-13 10:47:53', '2018-03-28 03:47:53');
INSERT INTO `oauth_access_tokens` (`id`, `user_id`, `client_id`, `name`, `scopes`, `revoked`, `created_at`, `updated_at`, `expires_at`) VALUES
('86953962b212aacbb3dcc51a63bf77cc3b1c20c517253e0e4346e279e5c39d420c9df60b095caf25', 1, 2, NULL, '[]', 1, '2018-03-09 17:36:49', '2018-03-09 17:36:49', '2018-03-24 09:36:48'),
('8747b716ea58faf08e5162de983c8e2c8e0cebc4497dc4adc7bb44fea0a182ddf3e8331c9b0b5607', 1, 2, NULL, '[]', 1, '2018-03-15 08:25:16', '2018-03-15 08:25:16', '2018-03-30 01:25:15'),
('8812763cd5c3299c0c84720401e7c7f550bf775a8871d6b5d6608ae8b5924a728f8938c2fb325a43', 1, 2, NULL, '[]', 1, '2018-03-17 09:48:23', '2018-03-17 09:48:23', '2018-04-01 02:48:23'),
('884ccb4f8afd8216d7cc81fb20134a3323f05ecc9840915f89268c54f2164de82a02d24b15b73235', 1, 2, NULL, '[]', 1, '2018-03-10 04:47:14', '2018-03-10 04:47:14', '2018-03-24 20:47:14'),
('88979095620cc808c1736b97501f838d2da1ac9dbcd5fde8b8998cc2b992f03c01202c7b2285b300', 1, 2, NULL, '[]', 1, '2018-03-22 15:02:48', '2018-03-22 15:02:48', '2018-04-06 08:02:48'),
('88a2388bb73dae810c03efa470190cec909f270ac330f77f5cd0b4953fefd4467941b10bacf0b9f0', 1, 2, NULL, '[]', 1, '2018-03-14 02:37:03', '2018-03-14 02:37:03', '2018-03-28 19:37:03'),
('89b047ea1f19d0ca0dd11db83c2b04cc52f679ad14d2a3d29db65ab33527c93e188b3f6d79541bd1', 1, 2, NULL, '[]', 1, '2018-03-22 13:50:48', '2018-03-22 13:50:48', '2018-04-06 06:50:48'),
('89de9cc5a01cd0d8cc8708aab9f9818c09100fe7ac803e85e375dfabb4657344f347b83865a48b1e', 1, 2, NULL, '[]', 1, '2018-03-16 13:32:38', '2018-03-16 13:32:38', '2018-03-31 06:32:38'),
('8a115f0140e70f41ab193d8617a3136d7f74c1bc681fa3019918f8bc11a114939bd0e564e49d937b', 1, 2, NULL, '[]', 1, '2018-03-15 14:47:31', '2018-03-15 14:47:31', '2018-03-30 07:47:30'),
('8ad7968d4ece63907f32d5b258c7e14969945b0ee03ac75634f5a6b5177c04d20507bf2370a7d9f8', 1, 2, NULL, '[]', 1, '2018-03-22 12:55:24', '2018-03-22 12:55:24', '2018-04-06 05:55:24'),
('8b078bdc3d9ed597c5334eede800ca69000c47111b704cc330edfe2eac14aa2e5240e9e6a309f100', 1, 2, NULL, '[]', 1, '2018-03-08 16:45:49', '2018-03-08 16:45:49', '2018-03-23 08:45:49'),
('8b1769d7412f397047dc619fd3f5394a7f500d13214baa9498921a8b15d097568f11f575a213c84b', 1, 2, NULL, '[]', 1, '2018-03-17 09:51:01', '2018-03-17 09:51:01', '2018-04-01 02:51:01'),
('8b50b3bdd2bec0d760f6b9e9f96984776b74a871d46393d78f61e99fc24ba3539487eb2567b41c5c', 1, 2, NULL, '[]', 1, '2018-03-22 05:31:19', '2018-03-22 05:31:19', '2018-04-05 22:31:19'),
('8bd6b3b341879259c98a29d5a56129c6ccb6c954b2afabfba2a895c4ebefaffd04548fc253f9624a', 1, 2, NULL, '[]', 1, '2018-03-22 09:41:59', '2018-03-22 09:41:59', '2018-04-06 02:41:58'),
('8caa73faaf795476cdd5c8d1756dd921a6e0339b3466fa59758b337752fa953b48a9ab1db33445c2', 1, 2, NULL, '[]', 1, '2018-03-16 09:41:43', '2018-03-16 09:41:43', '2018-03-31 02:41:43'),
('8dca2ba249e99bb9e1b52d737224da93c2448fa78ef5866e061cbed5fa6635d02523545b0e437fad', 1, 2, NULL, '[]', 1, '2018-03-16 14:26:30', '2018-03-16 14:26:30', '2018-03-31 07:26:29'),
('8ecc8fcaaaca508f8b5a84513202af4ffac8ff0960607052bcdffb5d1334b5eafab486bd509fc7c4', 1, 2, NULL, '[]', 1, '2018-03-22 14:13:44', '2018-03-22 14:13:44', '2018-04-06 07:13:44'),
('8f588e88d5431d64b1dd4930b0d1705a7587dceadf4f3c0eae7c43be7e55b75cb354c17306eab9e5', 1, 2, NULL, '[]', 1, '2018-03-23 08:31:48', '2018-03-23 08:31:48', '2018-04-07 01:31:47'),
('8f8969553dca94d2eadd02fee8089063f6598f18b203df62dc10490938cf9fec737ee730807f2a91', 1, 2, NULL, '[]', 1, '2018-03-22 12:47:27', '2018-03-22 12:47:27', '2018-04-06 05:47:27'),
('8f921193a76c778adaedf4a8823e6d75945f91a2df7ecb4f0931ef2080cb8f8af6278b246120e9ce', 1, 2, NULL, '[]', 1, '2018-03-16 09:47:59', '2018-03-16 09:47:59', '2018-03-31 02:47:59'),
('9028ddd0709a6f8b1fb80623800f7c4fae629216093f67fda5efdc1867db5d75230269afc876473d', 1, 2, NULL, '[]', 1, '2018-03-15 09:47:27', '2018-03-15 09:47:27', '2018-03-30 02:47:27'),
('9103ededaa25c90ef20af83bd8f1d63b872c026de8a411758a9ea5e6e6e1d39ec6e8fc9e55dae2bb', 1, 2, NULL, '[]', 1, '2018-03-09 18:35:04', '2018-03-09 18:35:04', '2018-03-24 10:35:03'),
('91330c567f954a836c90a14e9b4a54f599e9864fa62d332e8f854092b985b6f268f884aa3b283136', 1, 2, NULL, '[]', 1, '2018-03-22 13:49:35', '2018-03-22 13:49:35', '2018-04-06 06:49:35'),
('9214d6d37fae5ef28e4b39be12840cfc7ef3769d46c4b24859bd68c9c5875cf2530e6f0b0a74a768', 1, 2, NULL, '[]', 1, '2018-03-15 15:28:29', '2018-03-15 15:28:29', '2018-03-30 08:28:29'),
('92472866cfb398acd3d1e1c6d177a91ad9157c12b5ebbd6a30b99e570e0874040fda58183e5c08a5', 1, 2, NULL, '[]', 1, '2018-03-15 12:12:27', '2018-03-15 12:12:27', '2018-03-30 05:12:26'),
('931db863db9ad676d6c5c94c69c2d44b9e38e51e73708216087a5dc7637947bd47acbbcf6e94a57a', 1, 2, NULL, '[]', 1, '2018-03-15 08:31:31', '2018-03-15 08:31:31', '2018-03-30 01:31:31'),
('93e5955c2bc26f948869062a6c6326e83acc6038c4d4cd2358184d33875cc6fb9f7ec9c5f1499369', 1, 2, NULL, '[]', 1, '2018-03-15 05:35:08', '2018-03-15 05:35:08', '2018-03-29 22:35:07'),
('93fa15ac3ded0e2eb482dfd2b2249541d62da0debbd9788d6b89de647778a05b9cb4cebc8be0c772', 1, 2, NULL, '[]', 1, '2018-03-14 11:44:25', '2018-03-14 11:44:25', '2018-03-29 04:44:25'),
('951fe379fa9bfbb4812470100a256658aa4e357af07e83b2ad57a64a5d168d1f890f371852b4e7c8', 1, 2, NULL, '[]', 1, '2018-03-16 07:19:55', '2018-03-16 07:19:55', '2018-03-31 00:19:55'),
('953fb67dfb237de852818ddf19a8d1effb90a23ba083c00b43861ca206260683a916f019d725547e', 1, 2, NULL, '[]', 1, '2018-03-16 10:47:50', '2018-03-16 10:47:50', '2018-03-31 03:47:50'),
('963e0e421cbecfebc4282362d142ddb856b49867fdaec001359a06b533499712c091f5704a83cf91', 1, 2, NULL, '[]', 1, '2018-03-16 13:50:38', '2018-03-16 13:50:38', '2018-03-31 06:50:37'),
('96616f2d6796fc9339e877af4cee3bedba264fe9816b0e12e7eed97434ec970ef8bf447306c053be', 1, 2, NULL, '[]', 1, '2018-03-15 09:02:50', '2018-03-15 09:02:50', '2018-03-30 02:02:50'),
('96d9be080e2779370d2a53d1a48e8abecbe963aef523f0e3b283234abf84c3ea782eb353b1f1a57d', 1, 2, NULL, '[]', 1, '2018-03-16 16:19:15', '2018-03-16 16:19:15', '2018-03-31 09:19:14'),
('97466029bf0e4a9e8762b10f2d89734458ae454de64fae0cbfab32cfc20749bd4faa899d0545caa6', 1, 2, NULL, '[]', 1, '2018-03-09 17:18:03', '2018-03-09 17:18:03', '2018-03-24 09:18:03'),
('977e64a9689bbe0ce0c173691dd83460ce1a2f43db88b04df47b52ab2dcf948256a8b14e30398a77', 1, 2, NULL, '[]', 1, '2018-03-13 11:06:00', '2018-03-13 11:06:00', '2018-03-28 04:05:59'),
('978293760cf55471bb9200e4a6d80092d4a23924a0d2a25600e46ca414b2613186655faca6d392c6', 1, 2, NULL, '[]', 1, '2018-03-15 10:55:03', '2018-03-15 10:55:03', '2018-03-30 03:55:02'),
('9922527bced4702ec1e7133ac0e765a2e64c0cb10209746039d382b75534e42a7605973ec760484e', 1, 2, NULL, '[]', 1, '2018-03-16 09:16:46', '2018-03-16 09:16:46', '2018-03-31 02:16:46'),
('9945c3500f45d85eb27553fdc06340d3de5fce7b04a0b0d43b4877b6dc6c1e252f4fbdb8c47d833f', 1, 2, NULL, '[]', 1, '2018-03-16 07:43:33', '2018-03-16 07:43:33', '2018-03-31 00:43:33'),
('9954d586e44c6f350ff90d3a36ab3e856077fa20f3abbc896c42f1a99c16b94787289788933d276e', 1, 2, NULL, '[]', 1, '2018-03-10 04:44:39', '2018-03-10 04:44:39', '2018-03-24 20:44:38'),
('99b164e9b6849a0ce50514b2f05faf328a9441424e2f96b16ec52d030ff0caf266aaae41fd67f0cf', 1, 2, NULL, '[]', 1, '2018-03-15 05:20:28', '2018-03-15 05:20:28', '2018-03-29 22:20:28'),
('9ae8988c632db8134b1d2c145442b7e07dc7cff85076d8828f50e6904bbb4b0741f3f5dacc70ee69', 1, 2, NULL, '[]', 1, '2018-03-16 11:40:12', '2018-03-16 11:40:12', '2018-03-31 04:40:12'),
('9bb20c06a4931834864df2b72fd64a99218b64ca60d8ad7b5a3f17b6874a88b9145cde93783da826', 1, 2, NULL, '[]', 1, '2018-03-08 14:46:12', '2018-03-08 14:46:12', '2018-03-23 06:46:12'),
('9cdda914f3132488920edd952c607689c13dde66cf93fcdb0dc4ce1e6e4180c1bb6e2caed7b5e8fe', 1, 2, NULL, '[]', 1, '2018-03-22 06:09:43', '2018-03-22 06:09:43', '2018-04-05 23:09:43'),
('9cf040e62d2d80713b420a83c53bbd8c25d11b64cfe100469fe92c4e6bf305fdb03e3aa046e95226', 1, 2, NULL, '[]', 1, '2018-03-16 10:40:05', '2018-03-16 10:40:05', '2018-03-31 03:40:05'),
('9cf2ad15f7495388886a951967acce518e8da646efdc1c157381ffb92e7b6a02c04d4c3dbf9aefbe', 1, 2, NULL, '[]', 1, '2018-03-08 14:40:24', '2018-03-08 14:40:24', '2018-03-23 06:40:23'),
('9d10cf72970b2cd5151988c96b48303206cc283fb087fff38f9dfebedc09bb338c8c585fcaaf098b', 1, 2, NULL, '[]', 1, '2018-03-22 09:34:32', '2018-03-22 09:34:32', '2018-04-06 02:34:31'),
('9d4f8c166ed41faeae7da56fc162aa8890787e258f55831697bab0427c3733ae0d4901e721c2cb45', 1, 2, NULL, '[]', 1, '2018-03-14 13:19:47', '2018-03-14 13:19:47', '2018-03-29 06:19:47'),
('9d5379b988cb1104e34f47f6f8ce73516a8c2d5b7c9c9e3bbb65416141549a357d399297716ac509', 1, 2, NULL, '[]', 1, '2018-03-16 14:34:19', '2018-03-16 14:34:19', '2018-03-31 07:34:19'),
('9dc71cd3224aba8b9136f5ec73601c9e0abe446d59cef9ffdc6ed89669ad0ccca4cf3a8cc9ccf3b3', 1, 2, NULL, '[]', 1, '2018-03-15 15:39:15', '2018-03-15 15:39:15', '2018-03-30 08:39:15'),
('9e15a0d5a0ed3bf44de2eaccccab5e4a94551e2964c42a7ca2ccbf20a79947a42a4bfce93678ee84', 1, 2, NULL, '[]', 1, '2018-03-14 13:53:56', '2018-03-14 13:53:56', '2018-03-29 06:53:56'),
('9e7ab317ae5c8b55998e9b115356d002b72b558f20916d11c5cd67d43e0561a32847c46e09ef4244', 1, 2, NULL, '[]', 1, '2018-03-16 11:46:23', '2018-03-16 11:46:23', '2018-03-31 04:46:23'),
('9eda406c574029ad66f41b00347ebc175983e6e945b8232233244d97fa647984fd6c50386b52132c', 1, 2, NULL, '[]', 1, '2018-03-16 07:13:21', '2018-03-16 07:13:21', '2018-03-31 00:13:20'),
('9ef9265331a24c2fe3d6784dae9b50c9217b19f32c647ac65bba54f0d03a69df756ffc532371c87c', 1, 2, NULL, '[]', 1, '2018-03-13 14:27:45', '2018-03-13 14:27:45', '2018-03-28 07:27:44'),
('9fc881ff7608b9dcd4c9707f3ac0d611cd5eceabdb498bf2b0c0a2ffa3fc95f1642392ac83611f65', 1, 2, NULL, '[]', 1, '2018-03-16 12:25:33', '2018-03-16 12:25:33', '2018-03-31 05:25:32'),
('9fd2006d4cc45e07dfe9b80072b28edd0a850292a69a4f14a10735e581c78a0f5a16f10c4f466a82', 1, 2, NULL, '[]', 1, '2018-03-16 14:16:06', '2018-03-16 14:16:06', '2018-03-31 07:16:06'),
('a0679cc4a244dbc003d8e709e545563d2669e97bf43e61e46aaf3d1c483c88c4691191b7ad6dca1d', 1, 2, NULL, '[]', 1, '2018-03-10 05:29:10', '2018-03-10 05:29:10', '2018-03-24 21:29:10'),
('a06bc2283d81b4079617cfc0491a1593d4f1ba47d39f6b4670285e26079cba3e1325c8c0d07fba0d', 1, 2, NULL, '[]', 1, '2018-03-14 09:58:17', '2018-03-14 09:58:17', '2018-03-29 02:58:16'),
('a078d84bbd0a709258d1fa647ae32ca2f3c6a2594c1caaefb80d730ec9fe7a8b3201c3029737a065', 1, 2, NULL, '[]', 1, '2018-03-23 08:25:40', '2018-03-23 08:25:40', '2018-04-07 01:25:40'),
('a0b2afc34a026faf34963921d6c0c1c0867e28a3cf02c71d0a8833930c2571586b3418ced7839da6', 1, 2, NULL, '[]', 1, '2018-03-09 17:48:02', '2018-03-09 17:48:02', '2018-03-24 09:48:01'),
('a0c668a6cfbfb5e1e2acd54fcb1f747686f963b12770aa689445ecf1775d8213edfb29b2af1229d5', 1, 2, NULL, '[]', 1, '2018-03-14 01:41:40', '2018-03-14 01:41:40', '2018-03-28 18:41:40'),
('a0e76001dfc07aab702ee0ed20e5f263607362e446bfaca2f7277cc454ef0e28879aa1b4829e8388', 1, 2, NULL, '[]', 1, '2018-03-22 17:00:13', '2018-03-22 17:00:13', '2018-04-06 10:00:12'),
('a12fbfaf0111832ab813a7133035e9a08753b23e47aed17ce09a21ca48fadf44d53f02277bccb9f3', 1, 2, NULL, '[]', 0, '2018-03-14 02:36:18', '2018-03-14 02:36:18', '2018-03-28 19:36:18'),
('a1423fc821c172d1f9edbf4c5dc1c860f36be3c6c2817bd04c9fdce83ac8fd65e5598eba15ae00f4', 1, 2, NULL, '[]', 1, '2018-03-09 13:48:02', '2018-03-09 13:48:02', '2018-03-24 05:48:02'),
('a19d78a24ea2bed8c6923ba0bdf3c84d3d3265c0f17d717fd1b9e5183def0abe637c814e6e17a965', 1, 2, NULL, '[]', 1, '2018-03-16 10:33:24', '2018-03-16 10:33:24', '2018-03-31 03:33:24'),
('a1c29a6c7fcad682159b68b3bed4c3cd03a83f9a3d7977c5b2ec077285b0fbfb5335679be8aeff61', 1, 2, NULL, '[]', 1, '2018-03-15 09:32:40', '2018-03-15 09:32:40', '2018-03-30 02:32:40'),
('a1f3528e77d153b82fbb072ac455611dc8bf0097a7d4fcc4d1a2912ec5eb8ea3b7c417bf753f9e3f', 1, 2, NULL, '[]', 1, '2018-03-16 13:11:24', '2018-03-16 13:11:24', '2018-03-31 06:11:24'),
('a2161f131c7b0c25b3d6335b12f81490f227e805966685d50b9051b5bb89e5e0765d9417b2a0e395', 1, 2, NULL, '[]', 1, '2018-03-21 07:29:12', '2018-03-21 07:29:12', '2018-04-05 00:29:12'),
('a330e8e5ab2c48fae5ff9acd3c2342bb4eb08e76739b753a50d42f6a45f98e247b351e0f6068fe1a', 1, 2, NULL, '[]', 1, '2018-03-10 05:25:55', '2018-03-10 05:25:55', '2018-03-24 21:25:55'),
('a3a717ec1798ef630a6a47386f82a6ef98d613ed6a0be79be247f9c8d19f8c749fefa1b4121872f7', 1, 2, NULL, '[]', 1, '2018-03-21 12:52:07', '2018-03-21 12:52:07', '2018-04-05 05:52:07'),
('a3dcf7cf0b070cb03270fcda0002771856f70c036a9bbed382529f7c6ce8f6e7bae434f1c79509a5', 1, 2, NULL, '[]', 1, '2018-03-16 15:00:05', '2018-03-16 15:00:05', '2018-03-31 08:00:04'),
('a4c9507590ab04c204b070d2c03e60fce053453808ef8df67a32ac67ca52a95df3406d8943a9c7f9', 1, 2, NULL, '[]', 1, '2018-03-09 13:34:09', '2018-03-09 13:34:09', '2018-03-24 05:34:09'),
('a61a809a1eebc7243845ffe194c24bcc3b31dec70007d430dec88af54cdb63e326f7cc38791a92b7', 1, 2, NULL, '[]', 1, '2018-03-08 15:12:21', '2018-03-08 15:12:21', '2018-03-23 07:12:21'),
('a683deb7246aba2a599c30038c38b6cec76a903e42c1dec907d3cf7cc81f77330f25914522a3f0b4', 1, 2, NULL, '[]', 1, '2018-03-16 04:29:12', '2018-03-16 04:29:12', '2018-03-30 21:29:05'),
('a6c3784edd0d721f69e213a6e8643eae2b5982579685ff0e9a7a449b545e07b1f4d6c2cbf304c3bc', 1, 2, NULL, '[]', 1, '2018-03-16 10:12:27', '2018-03-16 10:12:27', '2018-03-31 03:12:27'),
('a72325442bda458120bb236bef684ddb5d0fedec9c0762404f10d57760193873222f0fd671ad86b8', 1, 2, NULL, '[]', 1, '2018-03-22 06:46:33', '2018-03-22 06:46:33', '2018-04-05 23:46:33'),
('a73ee479ed8a7404a1b325575274de49798bb9a57d1f1ad18278f81f2de4b0ccc39be9351ce9944f', 1, 2, NULL, '[]', 1, '2018-03-22 16:15:09', '2018-03-22 16:15:09', '2018-04-06 09:15:09'),
('a74017fd87e79384f81aeddacb9e37cc21e5ee47dec340076ec705ec1fd546a92c694ac947d9fbe0', 1, 2, NULL, '[]', 1, '2018-03-22 16:21:18', '2018-03-22 16:21:18', '2018-04-06 09:21:18'),
('a7b394e5f2f431ccc8d107e9087ca75ddbf22a60c6973255a07b057e11e3f42dfff20e0000392892', 1, 2, NULL, '[]', 1, '2018-03-16 16:16:56', '2018-03-16 16:16:56', '2018-03-31 09:16:56'),
('a7cf6cd01578fc873cf03ce6725d476284d3724e9811315560ad1282c82e0c611f6c29dd3a2972f9', 1, 2, NULL, '[]', 1, '2018-03-15 05:28:59', '2018-03-15 05:28:59', '2018-03-29 22:28:59'),
('a823edb517f530e6afa36d4bfe43b8a9b98c3d0e74d7818e36e7cb46e6a4c0e64a9026d77b0bfb7b', 1, 2, NULL, '[]', 1, '2018-03-22 13:13:49', '2018-03-22 13:13:49', '2018-04-06 06:13:48'),
('a88fbf2c9987dfe5a4b6d74200d214590931b62680992c42dc617ea9bd870c5435a5cf806d294f38', 1, 2, NULL, '[]', 1, '2018-03-16 17:04:58', '2018-03-16 17:04:58', '2018-03-31 10:04:57'),
('a9243a864a8d19ab6558960a1989329f692ba1aa9b249cd26db58ed889f0b73faacd480c5ff9f269', 1, 2, NULL, '[]', 1, '2018-03-09 14:51:55', '2018-03-09 14:51:55', '2018-03-24 06:51:55'),
('a93c411aba664034919921ad7fcde91443fc4fb0ce69e1a030f17b4911c6f69e0a1351ae06121e16', 1, 2, NULL, '[]', 1, '2018-03-15 04:38:17', '2018-03-15 04:38:17', '2018-03-29 21:38:16'),
('a95d02f0e9200321d9deb2a5c9dce2f6524c0b8924c5d0f5fd49d1a17f12b818821a613cc155b1f6', 1, 2, NULL, '[]', 1, '2018-03-14 12:42:00', '2018-03-14 12:42:00', '2018-03-29 05:41:59'),
('a970591817db2b8003f7d5e65ffa1ade0081e3ce73ced61c0eac2a63fd0fe2da7ad3847defc21d3d', 1, 2, NULL, '[]', 1, '2018-03-09 12:39:04', '2018-03-09 12:39:04', '2018-03-24 04:39:02'),
('a9e7ba9be0e34397eee0e2104fcf59e031868ae7d114d96d53fdc30ab46b45a52379243fe1c91a89', 1, 2, NULL, '[]', 1, '2018-03-08 16:44:26', '2018-03-08 16:44:26', '2018-03-23 08:44:25'),
('aa68faf50931c22915ccc72788e4ed89e56f6a50f0b576d1fd80b24fa9fc9294fa3e330cfd00279e', 1, 2, NULL, '[]', 1, '2018-03-16 07:18:43', '2018-03-16 07:18:43', '2018-03-31 00:18:43'),
('ab93aebbf3f94c217becaa5067426387f42ed852ebfc68d47931f0847ac0218e1a0e213ff2ffbbc3', 1, 2, NULL, '[]', 1, '2018-03-16 10:18:00', '2018-03-16 10:18:00', '2018-03-31 03:17:59'),
('ad7d08c81ede0ae89afe50ad8d88923f970cfea4b1aee98a52b57e5494d3db842a98f9478242fa69', 1, 2, NULL, '[]', 1, '2018-03-22 12:39:58', '2018-03-22 12:39:58', '2018-04-06 05:39:58'),
('ada04f1a90c7574e5982b620138d62be1d63b142bb8232d31c06e3ef79112d94dd2e9397c7308eda', 1, 2, NULL, '[]', 1, '2018-03-16 09:14:30', '2018-03-16 09:14:30', '2018-03-31 02:14:30'),
('adba8733c67d83aac7e75e7d55b8eaeb0995c8ddb280a00f3f523c7128d1d088ca58b6d5b5f616c3', 1, 2, NULL, '[]', 1, '2018-03-09 15:19:19', '2018-03-09 15:19:19', '2018-03-24 07:19:19'),
('ae0ddb6f89e43d2d0b4d17edcfb7a58b2de1b21bec549d4fed47196a4c20f1ac12767c316ea37bd4', 1, 2, NULL, '[]', 1, '2018-03-14 12:48:17', '2018-03-14 12:48:17', '2018-03-29 05:48:17'),
('aee4386ed3699d0aeb47d0de2becf2494d7164055cb373009abddeaefe7d81995763c34aa7c1a5e1', 1, 2, NULL, '[]', 1, '2018-03-22 13:18:23', '2018-03-22 13:18:23', '2018-04-06 06:18:23'),
('af68eaa6a2a447a80d329033ef1bf75d63f6bf0044c4cf9e102c6b63c3a0a348f285067f42d94b5a', 1, 2, NULL, '[]', 1, '2018-03-25 05:10:41', '2018-03-25 05:10:41', '2018-04-08 22:10:36'),
('afaad66b4829e2441321d421a2a924766d35048933368d8610dc6a7125e34408783718591c9a0a9b', 1, 2, NULL, '[]', 1, '2018-03-16 10:25:30', '2018-03-16 10:25:30', '2018-03-31 03:25:30'),
('afebab7df6ab8d181a66b70edc28c4158e8f4ef0002fbae4cfd49fac259c3695e1b9ad4f5a04a94e', 1, 2, NULL, '[]', 1, '2018-03-21 06:39:35', '2018-03-21 06:39:35', '2018-04-04 23:39:34'),
('b00a8c2faaa1308fbd8c0bce222f483cd1741d0b5a4bb318a9cd06626f60aabb1659aeff4464e378', 1, 2, NULL, '[]', 1, '2018-03-14 11:32:34', '2018-03-14 11:32:34', '2018-03-29 04:32:33'),
('b090720e737ee08e741ec6c50ebc837c43ea30a4a6654905262f8987e241aa28232ce7cf0e7448ce', 1, 2, NULL, '[]', 1, '2018-03-14 12:04:46', '2018-03-14 12:04:46', '2018-03-29 05:04:39'),
('b13274db9c0081d41ec0a66c4aa3b75f72edc31889aace2369072e32359d6a01858b93fa51109e49', 1, 2, NULL, '[]', 1, '2018-03-22 16:27:31', '2018-03-22 16:27:31', '2018-04-06 09:27:30'),
('b174d9433ad464ac157bcf65e2f489737fafd75345dcfcb14b07599ec6b0076562412ebb09e1e6f2', 1, 2, NULL, '[]', 1, '2018-03-09 15:25:54', '2018-03-09 15:25:54', '2018-03-24 07:25:54'),
('b1c8591ebe4e28aecde7cfd8fe53c4acf124e758124514c825227ecf32993601b84a4eff9a56cffb', 1, 2, NULL, '[]', 1, '2018-03-16 13:53:46', '2018-03-16 13:53:46', '2018-03-31 06:53:46'),
('b1cf855047a222f26a5a2da6c19b33d8a3921fc76054423e75bd9169f3379703614418c64336da2d', 1, 2, NULL, '[]', 1, '2018-03-13 12:08:47', '2018-03-13 12:08:47', '2018-03-28 05:08:47'),
('b24269f0ac1bfe35b1329b1a38f45b534c4568f3cce5dee8dcb465d1554fbd5b5c31625d6eeacb45', 1, 2, NULL, '[]', 1, '2018-03-16 13:13:18', '2018-03-16 13:13:18', '2018-03-31 06:13:18'),
('b52f8470ee4fd78491cfa0f090309e5aa77e9b9632b73713e1a743ee13c07c98f8fc2c2b53ad7c73', 1, 2, NULL, '[]', 1, '2018-03-14 13:51:38', '2018-03-14 13:51:38', '2018-03-29 06:51:38'),
('b5ca58a33f17912ab8d8cdb042ab8d2aa05dadaf465774256e4b3aac8de2f0a8d1179306cd40fed5', 1, 2, NULL, '[]', 1, '2018-03-10 04:49:03', '2018-03-10 04:49:03', '2018-03-24 20:49:03'),
('b6ae90c21fc32eaf7942d9c878300865b55d7d7199c4bcddfb4d24136c70fbe1e8a6425abe60cdab', 1, 2, NULL, '[]', 1, '2018-03-16 15:49:00', '2018-03-16 15:49:00', '2018-03-31 08:49:00'),
('b6f924d56f613b0c38638df7b00f70079fd50f70a7cd09f6586ad5f5aa8453e6816fa3950b8e3466', 1, 2, NULL, '[]', 1, '2018-03-15 15:42:28', '2018-03-15 15:42:28', '2018-03-30 08:42:28'),
('b7831ccc6abd4dbc7ef9715b0cbe72cdb16b9be5adbe32f7197cb36a486c0dfce5b016dfcb27fcb6', 1, 2, NULL, '[]', 1, '2018-03-16 09:38:25', '2018-03-16 09:38:25', '2018-03-31 02:38:25'),
('b82af57318606e5c0ce8aa2d12a798310994f0569516a584bb61522c728f57c1725e3e92e5e24e4f', 1, 2, NULL, '[]', 1, '2018-03-11 12:40:15', '2018-03-11 12:40:15', '2018-03-26 05:40:13'),
('b8ba69b506999c0f8f8ff76c4cc6f837529be10566a028b7e0ede321e8d189850baabf711b397fea', 1, 2, NULL, '[]', 1, '2018-03-22 10:14:43', '2018-03-22 10:14:43', '2018-04-06 03:14:43'),
('b9173a1d605beb093f223594f835b19932d9332a3011b498c15888961658165db30697db8a238dba', 1, 2, NULL, '[]', 1, '2018-03-16 13:53:13', '2018-03-16 13:53:13', '2018-03-31 06:53:13'),
('b99a4880bd1050a9d9f1e0b0bb7cbde449c408951cf6a305cdee97c6d938952ff22eebddd4ee6700', 1, 2, NULL, '[]', 1, '2018-03-16 09:55:07', '2018-03-16 09:55:07', '2018-03-31 02:55:07'),
('b9c4dad2d3bcc4da72714f996889440531bd88365aa4eb137a6fe3fbe5965e9879af709f5cbb2982', 1, 2, NULL, '[]', 1, '2018-03-16 10:17:02', '2018-03-16 10:17:02', '2018-03-31 03:17:02'),
('b9d9c80c54624d6128843fc2919c03ba35c8d9ca618a4b9dde4de7488d551a2af65ad22eb2c861fd', 1, 2, NULL, '[]', 1, '2018-03-22 04:49:23', '2018-03-22 04:49:23', '2018-04-05 21:49:22'),
('b9ff94bb6ae045e794b74c7eb6a88bc8618eb5503c87e601ff3d8a837e98e83894538bfebeb0916e', 1, 2, NULL, '[]', 1, '2018-03-15 11:16:51', '2018-03-15 11:16:51', '2018-03-30 04:16:51'),
('ba94b6751a046c8348d5c399d8c265dd930d74d911b4e752d5c0dadfdc7e1c07902d19121854b9da', 1, 2, NULL, '[]', 1, '2018-03-16 14:27:38', '2018-03-16 14:27:38', '2018-03-31 07:27:38'),
('bacf20e45823797f47011c02bdda2cce68f2aab0e9b0f04acde68b9168c3224f26a4490e12b728a0', 1, 2, NULL, '[]', 1, '2018-03-22 13:00:04', '2018-03-22 13:00:04', '2018-04-06 06:00:04'),
('bb02be73b584d6c042576cd9a75134f4a5cfac4db00f7a564bb47d5d95a66749a87f46982908918b', 1, 2, NULL, '[]', 1, '2018-03-15 08:14:25', '2018-03-15 08:14:25', '2018-03-30 01:14:25'),
('bb1017adf6b86ea263742655545d8d4a578f8632fdc1622017eded504bf1e7ac6fc7581e51cf7fbe', 1, 2, NULL, '[]', 1, '2018-03-09 18:03:46', '2018-03-09 18:03:46', '2018-03-24 10:03:46'),
('bb390671b42f5f4e0d48768a8edf2ef3c77458504ec7e816e678c059856708f3718e1b454b6a7252', 1, 2, NULL, '[]', 1, '2018-03-22 14:00:25', '2018-03-22 14:00:25', '2018-04-06 07:00:24'),
('bb3bd9defc6fa106ea4cd6e1c11f0f412514d1cf3e7a45eb0732ee7cf51675d49ece38a291abafc7', 1, 2, NULL, '[]', 1, '2018-03-09 11:23:36', '2018-03-09 11:23:36', '2018-03-24 03:23:36'),
('bbc444aceeb59af8be69a3b4dff879f1d5dcff9c07b230dc18ffd2e055e98abc8cfc5c8d33c2fc37', 1, 2, NULL, '[]', 1, '2018-03-16 13:46:03', '2018-03-16 13:46:03', '2018-03-31 06:46:03'),
('bc2612d8d1c2db1a4299430f1244129ea6b7c1799c017d4d25ec535314f7b52ce678c671ba4bd022', 1, 2, NULL, '[]', 1, '2018-03-14 13:19:35', '2018-03-14 13:19:35', '2018-03-29 06:19:35'),
('bcaab98f6a0c66b63384aa8cdca54736dd87e486dd3304956ab2721eb9c85c49367ee950236a5c85', 1, 2, NULL, '[]', 1, '2018-03-16 13:48:23', '2018-03-16 13:48:23', '2018-03-31 06:48:23'),
('bd41655211e105e0ae93a57f7ff1709244d782d68f68c3760dc221f4d86710d8828d3f0b31bea38a', 1, 2, NULL, '[]', 1, '2018-03-21 11:28:19', '2018-03-21 11:28:19', '2018-04-05 04:28:18'),
('be20652ae1abe896d57d75cb97f9599cf660e16ea4423b25de3b806685cea639f72c554ec04359db', 1, 2, NULL, '[]', 1, '2018-03-16 14:01:07', '2018-03-16 14:01:07', '2018-03-31 07:01:07'),
('be4c93665ff8875ab17ac38ef542d3790fcc2f4410c27521412264ecbc3d22698778fe3d6f76eaae', 1, 2, NULL, '[]', 1, '2018-03-09 18:09:21', '2018-03-09 18:09:21', '2018-03-24 10:09:21'),
('bed5111799c77b44d24fea1a7e9b117b7e5d5769f5eecdcfa15da69e1ebb75af3c411598e0a51ee8', 1, 2, NULL, '[]', 1, '2018-03-14 17:10:06', '2018-03-14 17:10:06', '2018-03-29 10:10:06'),
('bf06c77665f2a317c7a66ed6765712986703a09b6b6067158dfae2f6cd616cf69e3fcc99d012d60d', 1, 2, NULL, '[]', 1, '2018-03-09 17:14:55', '2018-03-09 17:14:55', '2018-03-24 09:14:55'),
('bf1f4dfb45e0ba6f862ab09ce9092e0ec827c2b2674c7b2cc15e0c60460a65b6b6dc18da0fc1fcda', 1, 2, NULL, '[]', 1, '2018-03-14 02:35:25', '2018-03-14 02:35:25', '2018-03-28 19:35:22'),
('bf45e1b08034f3a7cbfa5171a02a0b13ffd0689f02c07abfba9ccff9753b0051f763a74924e3a7ce', 1, 2, NULL, '[]', 1, '2018-03-15 12:15:00', '2018-03-15 12:15:00', '2018-03-30 05:15:00'),
('bfea88147aa998d901ba13194d2274e4b10e1b558e733bed8768ed4e443d256a9be93d01ac36072d', 1, 2, NULL, '[]', 1, '2018-03-22 12:56:47', '2018-03-22 12:56:47', '2018-04-06 05:56:47'),
('bffc04295867b737faead60c3636e83f6682a28856a1143e048c88843b7286c9d63c702c2cd8b754', 1, 2, NULL, '[]', 1, '2018-03-09 13:25:08', '2018-03-09 13:25:08', '2018-03-24 05:25:07'),
('c000b8525e7d3cf786a93fa707c5c3669b70afb6218b0984ec0695d39974b760403b8fd74d58cfaa', 1, 2, NULL, '[]', 1, '2018-03-16 10:43:48', '2018-03-16 10:43:48', '2018-03-31 03:43:48'),
('c02115530a026d9fc1ede221254f652f8b448d7b7fb592a2202e17e1de8bfd3f7c980bdd25fc3df7', 1, 2, NULL, '[]', 1, '2018-03-22 12:39:33', '2018-03-22 12:39:33', '2018-04-06 05:39:33'),
('c20bf0d48a17dcfba7929d570dc77e7f2fda2cfd3949d11ccffe18a362eef98223c19c9fca4ff160', 1, 2, NULL, '[]', 1, '2018-03-15 05:23:01', '2018-03-15 05:23:01', '2018-03-29 22:23:00'),
('c223d1493d49173ee4844bb2e10dcacd40bfeb32c3fcbf55a3c192906e8d60b97e2223495ab6980f', 1, 2, NULL, '[]', 1, '2018-03-22 13:15:09', '2018-03-22 13:15:09', '2018-04-06 06:15:09'),
('c234cc86021abe3bf48264af716f00f36b97007763b386e3b996990770b12f6eb689466681fd94c9', 1, 2, NULL, '[]', 1, '2018-03-15 15:26:52', '2018-03-15 15:26:52', '2018-03-30 08:26:52'),
('c2c83924be67d85f54afd884f06163e48d9f0d4e44f07ea2030892773aa7e5fcbba0bd1edabeb925', 1, 2, NULL, '[]', 1, '2018-03-16 12:37:37', '2018-03-16 12:37:37', '2018-03-31 05:37:37'),
('c2e820d58b1480572f15d93f18e5c639bd32c0b1db44dcc543e647cbe851189cd2c9d2a6bd8ef4f3', 1, 2, NULL, '[]', 1, '2018-03-22 12:06:05', '2018-03-22 12:06:05', '2018-04-06 05:06:04'),
('c2f98bb6eadb92d2d7d1c3145f4a890cbceb3c9f820de351c8e403655e6da24ce9de56f5547a4039', 1, 2, NULL, '[]', 1, '2018-03-22 13:44:52', '2018-03-22 13:44:52', '2018-04-06 06:44:51'),
('c34a1ae4c975bd5f67f0b530059ca52ad2643c91dcf58306c5dc1354fa78a8869519c5cc061b4042', 1, 2, NULL, '[]', 0, '2018-03-09 10:43:50', '2018-03-09 10:43:50', '2018-03-24 02:43:49'),
('c3cf03d79136c5ca0596baf176ee925dd052c937f2b9e7276f5b698598ce8c2f010d8cde5ebdf570', 1, 2, NULL, '[]', 1, '2018-03-22 12:35:07', '2018-03-22 12:35:07', '2018-04-06 05:35:07'),
('c40a11bf57069edf323f6a9ccad990ba6356a21f35e013d5279046944717ff4f2e5019f9bfb60a90', 1, 2, NULL, '[]', 1, '2018-03-15 10:52:12', '2018-03-15 10:52:12', '2018-03-30 03:52:12'),
('c507b1311cc19938f461a67cd2e392915b0f21c574047a01a42551d8bfae7b14b867f032a8c803d8', 1, 2, NULL, '[]', 1, '2018-03-14 01:27:35', '2018-03-14 01:27:35', '2018-03-28 18:27:34'),
('c59bd4cb86ee014bf3980e5b4734460c08760217f09b7b92a9213afe472822354924b1540b27dd48', 1, 2, NULL, '[]', 1, '2018-03-14 10:13:01', '2018-03-14 10:13:01', '2018-03-29 03:13:00'),
('c6cf28ce1d26e71f343a5ac2c52f44ec41d3cb45c3ba897cc81d17f21cffd15dc424f4d53fe995d8', 1, 2, NULL, '[]', 1, '2018-03-09 15:25:22', '2018-03-09 15:25:22', '2018-03-24 07:25:21'),
('c6fda6596c9b754efca1ea6143702a5ef47d50f80f9c5c6f4e5db1ba2ba32c7365026a3af1faadc3', 1, 2, NULL, '[]', 1, '2018-03-16 15:49:36', '2018-03-16 15:49:36', '2018-03-31 08:49:36'),
('c7166433f52965987833b639c1f2df9f848e03773ce271f41de3f93ab4814d3528a9b151618abbf1', 1, 2, NULL, '[]', 1, '2018-03-16 07:30:29', '2018-03-16 07:30:29', '2018-03-31 00:30:28'),
('c71e2842236f1dd6906deab610f4406490c6c7ec63e7f26e833be33dd7518baf4604903a221a75f5', 1, 2, NULL, '[]', 1, '2018-03-15 09:31:53', '2018-03-15 09:31:53', '2018-03-30 02:31:53'),
('c772a89212dc4d75c009a8bfcec6521e4fe2bf61aa3433d4abc27611e02b5489994052f1627c7c54', 1, 2, NULL, '[]', 1, '2018-03-09 14:36:31', '2018-03-09 14:36:31', '2018-03-24 06:36:30'),
('c7a9fe01eb236795cac7e09d89d59e4995255038fb349398da34872a67b208c5c3eb20b0d443b97d', 1, 2, NULL, '[]', 1, '2018-03-15 04:26:39', '2018-03-15 04:26:39', '2018-03-29 21:26:39'),
('c83b3fe4afe6ae698e25a3c6df5a46a4320486865704de1cf50baa1cd850a462379da7f05f38d5cc', 1, 2, NULL, '[]', 1, '2018-03-15 05:11:48', '2018-03-15 05:11:48', '2018-03-29 22:11:48'),
('c8ae7c7082cb2faa0bb2baebbbfa8576f0ef67596bd612ac2d5a2867b91f64d6579f3c9768686b2f', 1, 2, NULL, '[]', 1, '2018-03-09 18:06:28', '2018-03-09 18:06:28', '2018-03-24 10:06:28'),
('c97364108480072a241e264f75052280b1f051d09047dece067f1fa834cdaba16ad9dcb6857a796c', 1, 2, NULL, '[]', 1, '2018-03-16 11:34:02', '2018-03-16 11:34:02', '2018-03-31 04:34:01'),
('cb5aa874d639fe025beafa725f6c0026ca6e61c6935f707c77396fd9f91ea77020bf7f4365b2ec8d', 1, 2, NULL, '[]', 1, '2018-03-08 15:00:43', '2018-03-08 15:00:43', '2018-03-23 07:00:43'),
('cc885cf1b46c679c0fd8114729a962af0c468b855e39d1f861315c4b06579ca93158140726bd0fa7', 1, 2, NULL, '[]', 1, '2018-03-09 17:23:21', '2018-03-09 17:23:21', '2018-03-24 09:23:21'),
('cd258c4e49c8b3c3abf482c9b9093b2414bac7b8f7c09ba417270c5b918dc1c4fb65da68bf742cfb', 1, 2, NULL, '[]', 1, '2018-03-09 17:28:38', '2018-03-09 17:28:38', '2018-03-24 09:28:38'),
('cd6652114d39414080b1343ecc58286a9b285152f6169ad699b114e8cb0e75df06c6aa443f93ca4c', 1, 2, NULL, '[]', 1, '2018-03-13 11:14:15', '2018-03-13 11:14:15', '2018-03-28 04:14:15'),
('cd7171cb080ef6f17f27062966bc2ec1693dbdb9f9c3cc9a93f70ca346fa4b2bf58a629ffcf0f4ac', 1, 2, NULL, '[]', 1, '2018-03-21 12:59:30', '2018-03-21 12:59:30', '2018-04-05 05:59:30'),
('cdcfa486b262930017b28653877c0190551ada045a3a064f13a9c7b3329abff57f1de5915ea2fcf7', 1, 2, NULL, '[]', 1, '2018-03-23 08:09:58', '2018-03-23 08:09:58', '2018-04-07 01:09:57'),
('ce3686c9578a9c53cd39e251ce320bc81638c78eec5fe9f61783ef0b2045e2fe9ba5bb00e26004c4', 1, 2, NULL, '[]', 1, '2018-03-22 06:21:27', '2018-03-22 06:21:27', '2018-04-05 23:21:26'),
('ce3921503e19adbdfa85c8ec332060b4608c717cf78d7c440bef8e38312d1c18cfe12e5660aea8a8', 1, 2, NULL, '[]', 1, '2018-03-08 14:51:28', '2018-03-08 14:51:28', '2018-03-23 06:51:28'),
('cf82ae37365d4aad2ff8e644a2a33875ab7721248f65d4e7e9985ba3ac37c96caeb1dc51ac5ebc82', 1, 2, NULL, '[]', 1, '2018-03-22 13:06:46', '2018-03-22 13:06:46', '2018-04-06 06:06:46'),
('d110ac37df4f38a84ae36442c0c78213044545e641316a9bd10665d86be598679512958afcd16d02', 1, 2, NULL, '[]', 1, '2018-03-08 17:03:04', '2018-03-08 17:03:04', '2018-03-23 09:03:04'),
('d124af8f0c4c4933529eaadea9f3e17ce7a77af25d5f88c5e6affce72aed195b5202cd1f0da2dda6', 1, 2, NULL, '[]', 1, '2018-03-13 11:23:44', '2018-03-13 11:23:44', '2018-03-28 04:23:44'),
('d16d0fe26df4c1c5a8c360252962eab602779f5d709153f1c456c47b544d84fc106e2a4c08d9147c', 1, 2, NULL, '[]', 0, '2018-03-25 05:13:05', '2018-03-25 05:13:05', '2018-04-08 22:13:05'),
('d2155857ba13cd194572ac318ae84e04290e0e15f542474db9c37bd6631c6e2edd4936066903d04f', 1, 2, NULL, '[]', 1, '2018-03-16 13:49:37', '2018-03-16 13:49:37', '2018-03-31 06:49:37'),
('d23e304062991527211e496b57f89b2a920f27c2d4956f54cb9cbb536b6c3f4c3ee798c60a760971', 1, 2, NULL, '[]', 1, '2018-03-15 14:28:08', '2018-03-15 14:28:08', '2018-03-30 07:28:07'),
('d2679415d5ab5871861fb9c216b9c590803a0d5c9b4bd6a195550fb2cb1aaeb6514931e2d94527c0', 1, 2, NULL, '[]', 1, '2018-03-16 10:25:55', '2018-03-16 10:25:55', '2018-03-31 03:25:54'),
('d2d713fec57a222d31656856f5d9f2656f5c0dbaf42b413513c3fccc22ef6fe140e7b8a5c47349cd', 1, 2, NULL, '[]', 1, '2018-03-15 04:47:55', '2018-03-15 04:47:55', '2018-03-29 21:47:55'),
('d2ea5f5368b558ead91c3c2dc3d2f69a4c0720c5303a25dc0b7c415e00e120ee8308d5de56f2ee7a', 1, 2, NULL, '[]', 1, '2018-03-16 15:47:19', '2018-03-16 15:47:19', '2018-03-31 08:47:18'),
('d34d99dd62b4be7be594b3c170680815a69052e9620fa3615d2c4824a7286fcbc9ca693ee5f51c96', 1, 2, NULL, '[]', 1, '2018-03-21 08:33:23', '2018-03-21 08:33:23', '2018-04-05 01:33:21'),
('d3b2abb8e3e926e87a284bb6e56fa28aff6dd0f74e0b162eaab914ed965ae2906bb2818220a2d556', 1, 2, NULL, '[]', 1, '2018-03-22 05:39:44', '2018-03-22 05:39:44', '2018-04-05 22:39:43'),
('d47ca1d21e69055343fc3656027da1a6f8a625029d11fec648b737f2ae859e8d9c0f1bebda93d183', 1, 2, NULL, '[]', 1, '2018-03-16 09:12:25', '2018-03-16 09:12:25', '2018-03-31 02:12:25'),
('d49bf241cab60274dc909d7c7ed30527186882fe144fb71b768f8be9cbd353b9dc2c97519a9cc208', 1, 2, NULL, '[]', 1, '2018-03-09 14:44:47', '2018-03-09 14:44:47', '2018-03-24 06:44:46'),
('d49cb672ce129e5547040dfbef96d3843ca3213cf235eabdf473bbc80586ee0122c73ac74477eb09', 1, 2, NULL, '[]', 1, '2018-03-16 07:35:34', '2018-03-16 07:35:34', '2018-03-31 00:35:33'),
('d52b6883043e39ffed806dcb0ac7d05651b06ac1c0cf42cd9bd074bef5f90e67f77a4b46db257735', 1, 2, NULL, '[]', 1, '2018-03-13 13:41:49', '2018-03-13 13:41:49', '2018-03-28 06:41:48'),
('d5346acab6787ce7d5f0d25430d2faeba9e53a54f1fa8a6dd53619ed0697e54615f887bc1c48ebaa', 1, 2, NULL, '[]', 1, '2018-03-15 08:38:55', '2018-03-15 08:38:55', '2018-03-30 01:38:55'),
('d535894f410f593e1bfd111ddccae2d5161acfcf48af72c0758e435537a7ec97a61c4b9022160b14', 1, 2, NULL, '[]', 1, '2018-03-16 17:21:33', '2018-03-16 17:21:33', '2018-03-31 10:21:33'),
('d57927064e46ccbfe52a77130c8268d970aa0059ee918b7de7404d2d9d749f9c48567a50a82d610a', 1, 2, NULL, '[]', 1, '2018-03-09 18:02:36', '2018-03-09 18:02:36', '2018-03-24 10:02:36'),
('d5901821aae710dd9ce8e8040487b980b59a5cc7b5deeb4adab75d14ae7492a0ae29a8b20acded28', 1, 2, NULL, '[]', 1, '2018-03-15 10:59:14', '2018-03-15 10:59:14', '2018-03-30 03:59:14'),
('d5f139bafef7e7d006f828c30042f661cd2b090b01a45f8c6c4a6728ec88371d758de61d4f1f5934', 1, 2, NULL, '[]', 1, '2018-03-23 08:09:21', '2018-03-23 08:09:21', '2018-04-07 01:09:21'),
('d65a510d12be0c9c38e5c6ea04bf294b8a4e74a6e059de777f2ae25919607889c2006204eb2e9469', 1, 2, NULL, '[]', 1, '2018-03-22 05:44:02', '2018-03-22 05:44:02', '2018-04-05 22:44:01'),
('d6e6c01b4983069b438081e9cbc400dceffb15f2bdd0f31dce85d05c0fc09e0847acbd608d381446', 1, 2, NULL, '[]', 1, '2018-03-14 10:58:57', '2018-03-14 10:58:57', '2018-03-29 03:58:56'),
('d77cbdf350530fc0b3b4f557488637fae5972855149381ed84e7691183fb46a463f60698f6e3ebbd', 1, 2, NULL, '[]', 1, '2018-03-09 18:01:54', '2018-03-09 18:01:54', '2018-03-24 10:01:53'),
('d7a1d8376665cdba52cdeeacbb22928360c9c92b1ccc4bc9071d893ec2a62940cea71087f2563489', 1, 2, NULL, '[]', 1, '2018-03-08 14:44:34', '2018-03-08 14:44:34', '2018-03-23 06:44:33'),
('d7cbc36c8377566a65e5c0e823aa138ef158e9f3eab7856c3a302effc0e4df4e8050f46c3e1dea3a', 1, 2, NULL, '[]', 1, '2018-03-15 05:36:32', '2018-03-15 05:36:32', '2018-03-29 22:36:32'),
('d847eaecbfabdad21c2d888c0409a3d86534dd9530bf48ff8c1d566d514925717b20b90c57471c7e', 1, 2, NULL, '[]', 1, '2018-03-16 12:56:34', '2018-03-16 12:56:34', '2018-03-31 05:56:34'),
('d8b0e769c39c4dd57104c337a6f8b7e0bcabd0df2a392098dc0b8c1e5ad97838f716b0d02b1c61a8', 1, 2, NULL, '[]', 1, '2018-03-14 17:35:02', '2018-03-14 17:35:02', '2018-03-29 10:35:01'),
('d8e292b336ff7249e2a36511a811b514d362285ac8c9be9f681ed38436f6e3129702d7a8563d2fd5', 1, 2, NULL, '[]', 1, '2018-03-22 12:19:41', '2018-03-22 12:19:41', '2018-04-06 05:19:40'),
('d921bc3bdc7c8f01b2d8ca23537e9df9ea76621f3b004790cef5d0c342472e689305d40f0cfd18e2', 1, 2, NULL, '[]', 1, '2018-03-14 12:50:36', '2018-03-14 12:50:36', '2018-03-29 05:50:36'),
('da7e56a8f51ddbe9302e8674d518341be4df9a0771a91cd0acc64a67e7e1051cf115598d810f070c', 1, 2, NULL, '[]', 1, '2018-03-09 14:39:56', '2018-03-09 14:39:56', '2018-03-24 06:39:56'),
('dad210d828b2db923b967415672016d857b7e34bbcaf2acd16c23fc5def9ca3fb9c77b889d887e41', 1, 2, NULL, '[]', 1, '2018-03-16 07:24:43', '2018-03-16 07:24:43', '2018-03-31 00:24:43'),
('db7ad2cf87137bcb67629eb34ffa801114afa1286e8241826a26c3d3733fd852f90d0723672326c8', 1, 2, NULL, '[]', 1, '2018-03-15 17:39:55', '2018-03-15 17:39:55', '2018-03-30 10:39:55'),
('dbd97b8bce6070bd9f789c59eb1e44d79a6ce0445c05494f6c4d57c12e42ea967f6621b0be1ace11', 1, 2, NULL, '[]', 1, '2018-03-15 15:24:23', '2018-03-15 15:24:23', '2018-03-30 08:24:22'),
('dd7b82353c0b9de0edfe118b0edd462f8016517d876104b3e4a6ab2ee14c1b39e2d6e505c781a6af', 1, 2, NULL, '[]', 1, '2018-03-08 17:02:11', '2018-03-08 17:02:11', '2018-03-23 09:02:11'),
('ddd9314832fc2e3c67b3eaf3db854498362b16c5a8f760571cbcd239a8752ebb2f758d0d5e791779', 1, 2, NULL, '[]', 1, '2018-03-16 00:53:47', '2018-03-16 00:53:47', '2018-03-30 17:53:46'),
('de2ccca093ceab8d9960dea2ea8edb627bf3bbd6e908661edb6288529c3c0c9aad9c3a65a583328d', 1, 2, NULL, '[]', 1, '2018-03-09 14:49:24', '2018-03-09 14:49:24', '2018-03-24 06:49:24'),
('debc87dbb02c5f575bdcbddf142719fd562f8a30cc7accde45611b92e99bb9edd3a267c0986ae63c', 1, 2, NULL, '[]', 1, '2018-03-09 13:26:05', '2018-03-09 13:26:05', '2018-03-24 05:26:04'),
('df98fff22ede491f78fc18bed5bda97f5c62c1afafa6695733d58bb74fe01ee8bc9e4c43d6c8645e', 1, 2, NULL, '[]', 1, '2018-03-22 13:50:14', '2018-03-22 13:50:14', '2018-04-06 06:50:14'),
('dff2f7cf59d0f117eea0ad9f99e40f8ca509b68d501bf12f49002e1f9de93714457c4e521e7674aa', 1, 2, NULL, '[]', 1, '2018-03-14 17:18:54', '2018-03-14 17:18:54', '2018-03-29 10:18:54'),
('e1645e4dc765d625fddbe73da95e067b044228ebb6ddfe92c45b2897d226d70fe50fa79c7c4e32f1', 1, 2, NULL, '[]', 1, '2018-03-17 10:11:05', '2018-03-17 10:11:05', '2018-04-01 03:11:05'),
('e18b28bec994121dee7da43114572680e22ff0a40f1c2f996da48359ff9f6210808cbbaa7c53929c', 1, 2, NULL, '[]', 1, '2018-03-09 16:26:06', '2018-03-09 16:26:06', '2018-03-24 08:26:06'),
('e2152492b162e787128b738de2ba8320ea3abefff984b48a762886bb7d6e0f5a849ba933c89311c4', 1, 2, NULL, '[]', 1, '2018-03-16 07:23:02', '2018-03-16 07:23:02', '2018-03-31 00:23:02'),
('e23cf326bcd7293ad53066c37163b2ce31a93a6268d706f2a1bc7538247ddd438a8aa60891128cbb', 1, 2, NULL, '[]', 1, '2018-03-09 16:56:40', '2018-03-09 16:56:40', '2018-03-24 08:56:39'),
('e25e5e8fdd3f69ad5303409cba71ab2c3eadfbfa275fc6a03c88516f96bd9edef11c165ce0d9a844', 1, 2, NULL, '[]', 1, '2018-03-16 10:31:42', '2018-03-16 10:31:42', '2018-03-31 03:31:42'),
('e26c67bc72b924277f6035d32b3269348d4afeac061dd17f129923ee8844b7234cc71ff4e9857092', 1, 2, NULL, '[]', 1, '2018-03-14 12:49:27', '2018-03-14 12:49:27', '2018-03-29 05:49:27'),
('e3224f4b30a8cb6f54c7f460defd3132ebb04834c90acd6d756e7d02f46b40a4ef814d1859501415', 1, 2, NULL, '[]', 1, '2018-03-16 12:32:35', '2018-03-16 12:32:35', '2018-03-31 05:32:34'),
('e322f6fe6b5d419b73d44e8e75cc1007e7ee3094f23b91834cc2763bb2f9f8de6950bb68bc7afd59', 1, 2, NULL, '[]', 1, '2018-03-16 15:14:36', '2018-03-16 15:14:36', '2018-03-31 08:14:36'),
('e3fbae72f7bb4d814429ccc2447c62dccd67f96b949acca9117bb02dc0e343d611e0fd66203c896c', 1, 2, NULL, '[]', 1, '2018-03-16 07:39:16', '2018-03-16 07:39:16', '2018-03-31 00:39:16'),
('e43bee2e1a4069e4e09f8dfc6b16e6816608249877f9416b22d74caef71127ec594da291b78c8179', 1, 2, NULL, '[]', 1, '2018-03-09 17:20:21', '2018-03-09 17:20:21', '2018-03-24 09:20:20'),
('e49a3c7f96dd38c6d899c0f50ed28cfbc92bff1dbf12afd13e9d6d4651c9b36c7fac5151c6628b7a', 1, 2, NULL, '[]', 1, '2018-03-15 17:40:09', '2018-03-15 17:40:09', '2018-03-30 10:40:09'),
('e542b004ecbe98ae989e08de020be12a323fe99d78d53639be7043a49940dc68956f04af2d3b061a', 1, 2, NULL, '[]', 1, '2018-03-10 05:04:53', '2018-03-10 05:04:53', '2018-03-24 21:04:52'),
('e6a60af6d9f716e52481310eeeb5db46832c838406417f82c4a3f4e468e009b3ca017679e39a80fa', 1, 2, NULL, '[]', 1, '2018-03-16 09:38:41', '2018-03-16 09:38:41', '2018-03-31 02:38:41'),
('e6a7b448fb248686e592864a75f1bf4ab707ffad2df43e4053dca425207644b5a571ad505680c508', 1, 2, NULL, '[]', 1, '2018-03-14 10:00:55', '2018-03-14 10:00:55', '2018-03-29 03:00:54'),
('e75d21a88a2fdc1c0f4b5a9b9ed006ee769c23aceb1dd7be72379bffaf66e8a16a01e29950eaa5d4', 1, 2, NULL, '[]', 1, '2018-03-16 09:17:15', '2018-03-16 09:17:15', '2018-03-31 02:17:15'),
('e7c536daa8bd11419e02b0bfa7049304ae03c52d189b2562da3ca253fba843d925dcb74329dbd866', 1, 2, NULL, '[]', 1, '2018-03-14 10:23:33', '2018-03-14 10:23:33', '2018-03-29 03:23:33'),
('e8287635ed4e274d2eb6d5ed30174e06e29a7134773250f6ab15d0c31f1e5bd3b265b2f49488a130', 1, 2, NULL, '[]', 1, '2018-03-15 05:14:15', '2018-03-15 05:14:15', '2018-03-29 22:14:14'),
('e868419c224db8bba2d74dca619d8056fe11f1dc189bd807b0693555f04769b176ad13d062b827af', 1, 2, NULL, '[]', 1, '2018-03-09 18:16:22', '2018-03-09 18:16:22', '2018-03-24 10:16:22'),
('e890183c947a2751db58549cd96aafc702a863fd87cca2fc1925e0275f146034d500a7835de36674', 1, 2, NULL, '[]', 1, '2018-03-16 13:17:17', '2018-03-16 13:17:17', '2018-03-31 06:17:17'),
('e8a72b68c1f0d8f937477dfa343141a7e99b0f2cfca6ce7dad8fc9f6c72de32e8b122a458194fc54', 1, 2, NULL, '[]', 1, '2018-03-09 17:53:31', '2018-03-09 17:53:31', '2018-03-24 09:53:31'),
('e916004914335f483e61c9fd83e9335375f8af56f6bc7da94db0121663a0c713c3d293e85c02f00f', 1, 2, NULL, '[]', 1, '2018-03-09 14:47:28', '2018-03-09 14:47:28', '2018-03-24 06:47:28'),
('ea074d6722ab661c7e7d84dfb2d9329e39860ff0d77bef76ca4af24e2258c0d75fde727a66fa79b7', 1, 2, NULL, '[]', 1, '2018-03-16 14:41:37', '2018-03-16 14:41:37', '2018-03-31 07:41:37'),
('ea1f4aaa4c8d48738f21848b52f58d542d9c3b4f4d20a72d68c38ba9e1f811088771e4093c387058', 1, 2, NULL, '[]', 1, '2018-03-09 14:54:09', '2018-03-09 14:54:09', '2018-03-24 06:54:09'),
('ea45a2929871e90835778b4b72ff0f653570d6d339d14c8ec8e69aa2680d55a4680160ac73b4b706', 1, 2, NULL, '[]', 1, '2018-03-15 11:06:29', '2018-03-15 11:06:29', '2018-03-30 04:06:29'),
('eb922d3747f0b3cad3acb2fdb0f8de1482420a10415ad119c2afa6b3aa87d1c81f2f8e792c095dea', 1, 2, NULL, '[]', 1, '2018-03-14 13:53:19', '2018-03-14 13:53:19', '2018-03-29 06:53:19'),
('ec36b87b09c4c1e6d1971e0573bbaa5ac738008393377512ae8c705a4a9464ae12ddad9349039442', 1, 2, NULL, '[]', 1, '2018-03-17 09:40:41', '2018-03-17 09:40:41', '2018-04-01 02:40:41'),
('ec5703fad7aad9e5852dd4ce3bba5638911095dc2f6905e6e07235a3772b9e151b66e7cb20921587', 1, 2, NULL, '[]', 1, '2018-03-14 11:14:25', '2018-03-14 11:14:25', '2018-03-29 04:14:24'),
('ed00be6072c2faf3d040b1e108900478ca488a36e7a9a9b1e344cc06d320468f5473eeb2f1f69de8', 1, 2, NULL, '[]', 1, '2018-03-16 11:32:08', '2018-03-16 11:32:08', '2018-03-31 04:32:08'),
('edc97b7c28b831f2698e1916abc0dd98323e1b48b3a5875a076b18e00f7d429d79bfd0f7c3ef32a1', 1, 2, NULL, '[]', 1, '2018-03-16 10:52:27', '2018-03-16 10:52:27', '2018-03-31 03:52:27'),
('edd77ab3782b8dd7ac6199dc06af7b5a37e4e275086202d046ffe34fa073f359086f422ca6063afc', 1, 2, NULL, '[]', 1, '2018-03-22 12:36:55', '2018-03-22 12:36:55', '2018-04-06 05:36:55'),
('ee183ac76e2f26bbc53ecd0d58c765239865f79fe7d8c4e0b33586c09b26312049c40939343e8a5b', 1, 2, NULL, '[]', 1, '2018-03-14 10:23:16', '2018-03-14 10:23:16', '2018-03-29 03:23:16'),
('ee607fad9786b5310233db43a6f4af5f7b721e8ed994ecf15bde5d76e15a372fd70e6213b7a7f0f0', 1, 2, NULL, '[]', 1, '2018-03-09 19:13:37', '2018-03-09 19:13:37', '2018-03-24 11:13:37'),
('f10acedc7885e619a73331ab648ac3edbca2688647c9c3db4523187681fc90a006e4d1afc5afefd3', 1, 2, NULL, '[]', 1, '2018-03-21 08:59:37', '2018-03-21 08:59:37', '2018-04-05 01:59:37'),
('f1327edcd78be077b817d9cee7169794f04f3982a55cd87a32ce2a73700c2579373421aecae7aea7', 1, 2, NULL, '[]', 1, '2018-03-16 12:17:06', '2018-03-16 12:17:06', '2018-03-31 05:17:06'),
('f13e3dc909b5e589815be6cef2232da0e757eccb1225b76e96abfb792acf98d9ea348a8a735e1ec4', 1, 2, NULL, '[]', 1, '2018-03-08 14:37:31', '2018-03-08 14:37:31', '2018-03-23 06:37:31'),
('f16e3038b59406e1ffb112d12e72cd4a91ec57cd9680c1706b9def2af8f0bb95e642b4da8e2914ef', 1, 2, NULL, '[]', 1, '2018-03-13 11:19:57', '2018-03-13 11:19:57', '2018-03-28 04:19:57'),
('f2528a8d421e6e20fb053bc55e7967c5b5f430d3089ff24f2f69adbc6da80949127d200925e97822', 1, 2, NULL, '[]', 1, '2018-03-14 10:01:32', '2018-03-14 10:01:32', '2018-03-29 03:01:32'),
('f2aec99c0bc5b008895b063d20ad747ddeba15e67c1c34a5b8a1dba6eaeb1a3307db4dfaeb6d1bee', 1, 2, NULL, '[]', 1, '2018-03-09 15:16:05', '2018-03-09 15:16:05', '2018-03-24 07:16:05'),
('f36f42ee32bf3c6570e7e39e4909cc13463cee5b092d6bbb35fe404540ead6a10981b823e53987dc', 1, 2, NULL, '[]', 1, '2018-03-15 08:16:23', '2018-03-15 08:16:23', '2018-03-30 01:16:23'),
('f6127b0304188df07491589cac1f547adf9c45deb811f3488f6cfea0cf572e5afc067b604446a197', 1, 2, NULL, '[]', 1, '2018-03-14 01:35:50', '2018-03-14 01:35:50', '2018-03-28 18:35:50'),
('f6886ff799eda83cb46dfb2493966cc9dd0285b9cbc7c7c1bef4846d5d5f954359af6f3e05f4909c', 1, 2, NULL, '[]', 1, '2018-03-22 06:07:46', '2018-03-22 06:07:46', '2018-04-05 23:07:45'),
('f76fb1fcd8d7e40abfb763eab3e0a5000cb8bcca4d6eccfe5a62f3c7ed9fd980b705cf8701337e6b', 1, 2, NULL, '[]', 1, '2018-03-15 15:28:59', '2018-03-15 15:28:59', '2018-03-30 08:28:59'),
('f785e37cbdf9b2f339f78ee8d8960570c534403ffbc96be544e329d6dc29c73717149589502eca1b', 1, 2, NULL, '[]', 1, '2018-03-16 15:08:27', '2018-03-16 15:08:27', '2018-03-31 08:08:27'),
('f78b307ddea8b22a3714b8af86267ee277abe3ec6a510d5b4aae81816a285f5a418a1e5da0353e47', 1, 2, NULL, '[]', 1, '2018-03-16 11:27:51', '2018-03-16 11:27:51', '2018-03-31 04:27:51'),
('f7fd118811ff3371ab84e97d67494556d4e083e80beead362b601473acddcd9495189e922ead57ab', 1, 2, NULL, '[]', 1, '2018-03-22 16:20:16', '2018-03-22 16:20:16', '2018-04-06 09:20:16'),
('f7ffb45e2c85f11e1faa4a30121c60450f1e255b2d22b7aa24e92d163d16decaf26bd15f575d9dc1', 1, 2, NULL, '[]', 1, '2018-03-16 10:56:31', '2018-03-16 10:56:31', '2018-03-31 03:56:31'),
('f9789378d66616f1b6e361c0cea23f134dcabc016881119e814775f7451eb29f7ec5f46140587f4e', 1, 2, NULL, '[]', 1, '2018-03-16 07:30:44', '2018-03-16 07:30:44', '2018-03-31 00:30:44'),
('f9c8884940e8d46b289a6c855d8b91ac68c51ae37db57e1f6d880880995ed4d9533fafa79adaaebb', 1, 2, NULL, '[]', 1, '2018-03-22 06:48:06', '2018-03-22 06:48:06', '2018-04-05 23:48:05'),
('fa0788ea1944ddfa2f752c719b89496a8b90757148b1adfda5353a2df446d10fe1e2061b6bd7c54e', 1, 2, NULL, '[]', 1, '2018-03-22 12:12:49', '2018-03-22 12:12:49', '2018-04-06 05:12:48'),
('fa143e01ad6ad320292fa0e2bcfabf813ca75ef49149cdf03ed569cc9fa2923e43bf30760c1ba2b0', 1, 2, NULL, '[]', 1, '2018-03-14 12:30:16', '2018-03-14 12:30:16', '2018-03-29 05:30:15'),
('fa41b20a848f7a1776529c1212b43524c6e25c5f8fc2ac1b18087525a50d8450d5fe6ebacbc358ef', 1, 2, NULL, '[]', 1, '2018-03-22 13:32:49', '2018-03-22 13:32:49', '2018-04-06 06:32:49'),
('fa54f19d9961eed45a09d5cbe5f3a08f5967b80474279a13a91856dfda268e606b445486e3fa155b', 1, 2, NULL, '[]', 1, '2018-03-22 05:34:36', '2018-03-22 05:34:36', '2018-04-05 22:34:36'),
('fab3142e92d12c9fa32867cc4a202bce67566589c4760d833eb7965f6df437a8328f8fe594fd4a93', 1, 2, NULL, '[]', 1, '2018-03-16 10:53:27', '2018-03-16 10:53:27', '2018-03-31 03:53:27'),
('fae6f252f8dc0114868c038021e62aea413ad75ad9ef9b1dc73a9a80d4f4a37fa301c7255a5148c2', 1, 2, NULL, '[]', 1, '2018-03-09 15:10:16', '2018-03-09 15:10:16', '2018-03-24 07:10:16'),
('fb843b3e9ea45d209ae1dc815152b0526d28c9d59d0669043010ff8561312aa6a3ae81220fcec266', 1, 2, NULL, '[]', 1, '2018-03-16 09:14:52', '2018-03-16 09:14:52', '2018-03-31 02:14:52'),
('fb9988451671d69d58d2e0f80d418c11b27860942494111f913973f4df310c5529a72106092cbade', 1, 2, NULL, '[]', 1, '2018-03-16 11:39:18', '2018-03-16 11:39:18', '2018-03-31 04:39:17'),
('fd5b9f2ab47389e12898b17dd3a2757a1017cc244d321b3d8de89d7bc3cf550f042b722f40b74fa2', 1, 2, NULL, '[]', 1, '2018-03-22 16:28:31', '2018-03-22 16:28:31', '2018-04-06 09:28:31'),
('fd7524411b4080bd161043514ad97f99e2cc4df9f297457f4330c01ef6e6f231db7826e988d61325', 1, 2, NULL, '[]', 1, '2018-03-16 11:29:44', '2018-03-16 11:29:44', '2018-03-31 04:29:43'),
('fda3dea4fe6eb185c01f67c7d0a5189625e5a6ff82602bc44a9e789cf1c4d91a98fff18c25d5b0c8', 1, 2, NULL, '[]', 1, '2018-03-21 13:01:58', '2018-03-21 13:01:58', '2018-04-05 06:01:58'),
('fddaa928b335195477b5e7ee225071fea12a627e4ed42bc7f2e02d99ca417295235c0f812928023a', 1, 2, NULL, '[]', 1, '2018-03-16 11:42:43', '2018-03-16 11:42:43', '2018-03-31 04:42:43'),
('fdf8c7b3c80db3a66da66495ebb986a80373052d16d58708dad4613e54bccbc79222e4a3aaa135a4', 1, 2, NULL, '[]', 1, '2018-03-14 09:10:09', '2018-03-14 09:10:09', '2018-03-29 02:10:09');

-- --------------------------------------------------------

--
-- Estructura de tabla para la tabla `oauth_auth_codes`
--

CREATE TABLE `oauth_auth_codes` (
  `id` varchar(100) COLLATE utf8mb4_unicode_ci NOT NULL,
  `user_id` int(11) NOT NULL,
  `client_id` int(11) NOT NULL,
  `scopes` text COLLATE utf8mb4_unicode_ci,
  `revoked` tinyint(1) NOT NULL,
  `expires_at` datetime DEFAULT NULL
) ENGINE=InnoDB DEFAULT CHARSET=utf8mb4 COLLATE=utf8mb4_unicode_ci;

-- --------------------------------------------------------

--
-- Estructura de tabla para la tabla `oauth_clients`
--

CREATE TABLE `oauth_clients` (
  `id` int(10) UNSIGNED NOT NULL,
  `user_id` int(11) DEFAULT NULL,
  `name` varchar(255) COLLATE utf8mb4_unicode_ci NOT NULL,
  `secret` varchar(100) COLLATE utf8mb4_unicode_ci NOT NULL,
  `redirect` text COLLATE utf8mb4_unicode_ci NOT NULL,
  `personal_access_client` tinyint(1) NOT NULL,
  `password_client` tinyint(1) NOT NULL,
  `revoked` tinyint(1) NOT NULL,
  `created_at` timestamp NULL DEFAULT NULL,
  `updated_at` timestamp NULL DEFAULT NULL
) ENGINE=InnoDB DEFAULT CHARSET=utf8mb4 COLLATE=utf8mb4_unicode_ci;

--
-- Volcado de datos para la tabla `oauth_clients`
--

INSERT INTO `oauth_clients` (`id`, `user_id`, `name`, `secret`, `redirect`, `personal_access_client`, `password_client`, `revoked`, `created_at`, `updated_at`) VALUES
(1, NULL, 'Laravel Personal Access Client', 'Sid1VSBwNXsjWk4Ygxr05hr91nUnp682rQFlXWnJ', 'http://localhost', 1, 0, 0, '2017-12-10 10:01:06', '2017-12-10 10:01:06'),
(2, NULL, 'Laravel Password Grant Client', 'YqjuFo7d8qf99fYOMgiDga4OEu1xVUXqPyHwIVVy', 'http://localhost', 0, 1, 0, '2017-12-10 10:01:06', '2017-12-10 10:01:06'),
(3, 1, 'app-movil', 'GqeM04L36co1P1IuuQI9cXV9vJmekNlWqnN3qoCn', 'http://localhost:8000/callback', 0, 0, 1, '2017-12-10 10:19:08', '2017-12-10 11:31:11'),
(4, 1, 'app-web', '0seqmpudI5M7W7TZzzlprO9apVFjtzQpdaqGTpUq', 'http://localhost:800/callback', 0, 0, 1, '2017-12-10 10:19:33', '2017-12-10 11:31:08'),
(5, 1, 'test app', 'tVRFVunaenX6kJueSabyHQJF6cpa3HsPbnlAr7gx', 'http://google.com', 0, 0, 0, '2017-12-11 13:25:08', '2017-12-11 13:25:08'),
(6, NULL, 'Laravel Personal Access Client', 'dFZaOVEBy2aCnzrpS6mb7BUFvxjFk3rutrP2Ifd7', 'http://localhost', 1, 0, 0, '2018-02-27 02:23:25', '2018-02-27 02:23:25'),
(7, NULL, 'Laravel Password Grant Client', 'yQrWDUPhELl9nMZyFj1Vwfq7lnFsuzFvzyL4XEF1', 'http://localhost', 0, 1, 0, '2018-02-27 02:23:25', '2018-02-27 02:23:25');

-- --------------------------------------------------------

--
-- Estructura de tabla para la tabla `oauth_personal_access_clients`
--

CREATE TABLE `oauth_personal_access_clients` (
  `id` int(10) UNSIGNED NOT NULL,
  `client_id` int(11) NOT NULL,
  `created_at` timestamp NULL DEFAULT NULL,
  `updated_at` timestamp NULL DEFAULT NULL
) ENGINE=InnoDB DEFAULT CHARSET=utf8mb4 COLLATE=utf8mb4_unicode_ci;

--
-- Volcado de datos para la tabla `oauth_personal_access_clients`
--

INSERT INTO `oauth_personal_access_clients` (`id`, `client_id`, `created_at`, `updated_at`) VALUES
(1, 1, '2017-12-10 10:01:06', '2017-12-10 10:01:06'),
(2, 6, '2018-02-27 02:23:25', '2018-02-27 02:23:25');

-- --------------------------------------------------------

--
-- Estructura de tabla para la tabla `oauth_refresh_tokens`
--

CREATE TABLE `oauth_refresh_tokens` (
  `id` varchar(100) COLLATE utf8mb4_unicode_ci NOT NULL,
  `access_token_id` varchar(100) COLLATE utf8mb4_unicode_ci NOT NULL,
  `revoked` tinyint(1) NOT NULL,
  `expires_at` datetime DEFAULT NULL
) ENGINE=InnoDB DEFAULT CHARSET=utf8mb4 COLLATE=utf8mb4_unicode_ci;

--
-- Volcado de datos para la tabla `oauth_refresh_tokens`
--

INSERT INTO `oauth_refresh_tokens` (`id`, `access_token_id`, `revoked`, `expires_at`) VALUES
('004c14eb203ef3a6b20bcca33ddaed29c17ed491f49ba65bf139a5b1101edaec6795f119b39f68d9', '2da641063607ba59b38213ea184acc65c3406d415ff37d80a937fc23b6b33b684792f968455a29e1', 1, '2019-03-06 04:52:47'),
('006baafbcb76f7de9573b50deaf0f3e79f4bc379d431e5fe2b94dae1503ad439c46747812eb1e399', '43d3264c11a625f680832b66707bd45624bc01126720a283bdf1955e3cc82180b9306eb13bb87e38', 1, '2019-03-22 06:31:53'),
('00bdb0d47bee5a57c4418f2b46ddf928fc70895e2e469d4819867180e9d95c03fee5a95c00ebb666', 'a6d927840f59eb8f5488ec3d1e604d7c1c80fabc331b44aec0b323f9532537266ad1e02644150eaa', 0, '2018-12-29 03:38:10'),
('010f952cbb0c2827bb46f00e4aaa73991378250e7edb635f12b5ca115dfeaeca964b3c43a8826516', 'c02115530a026d9fc1ede221254f652f8b448d7b7fb592a2202e17e1de8bfd3f7c980bdd25fc3df7', 1, '2019-03-22 05:39:33'),
('01845c70c7e5a6391073c49b743b3f665e961855f23fb83d07409c7b54038e5749d7d4cc1d6734a5', '465ab6f36efc623467e80de46a995228722c88959e5aa300c4cc66adb05e477d8d99c76f4e589987', 1, '2019-03-16 02:40:00'),
('019c914b82e8ecccdff253954ca96b7239dc7ffd91a40070a0734ca82a032bca6211856e9c483f7b', '6188ce1b846f35a64d087ca7baffbdf5f7ab4a517cda117920802335eecf7c75b58df36b2bee6552', 1, '2019-03-22 06:09:17'),
('01ac6cb3cd201ff9c4bff4f636e091561e0467f9eb49d7e9600dd65d70e57bdf0aa5e35109e7ee90', 'efb442f828e9ce7fcb94bdd71a278ab908806616381b1b02be502c70371d9ffc5de7f708c2057d3c', 1, '2019-03-06 02:42:32'),
('022b49beb5072d3ea72cba4eeb6c26ce86cbf0b16a1115a823cbc92f698a72bbb4cd9e29e4cb9e8c', '20432900bb9c51a5be1311fddbb99cde5a880baf542dc892be717650700eee22779b12f4445fe743', 1, '2019-03-06 06:05:14'),
('02b95105023416ae796f6e546706d33c9725e7dca60df59a43ba29f036eaf8591c885d8f54f7a8ae', 'f4bdddcee33e1581842b4c7399cb2804cbb657fa638cd51ff3904e791b279bfa34c916cf95a85db7', 0, '2019-03-06 10:16:30'),
('03201c4002aaae19c3b6a9f7c05eac7fa027782dc10c8881685e484fd781fa06a03d31ac2483afa2', '35c14fefa8f2cddc78f014e0a5dd19f80ec4d6c9ad6abcbae616a6f682d8d3151559816faf1e68a1', 0, '2019-03-08 09:52:23'),
('0369244ef5ce21956ddda2e06bdd5534a54279bf3c1f7ee546ea8d59ae8eef9a120914ab1c30ccc0', '4fa51bdc9a37a74634c3558998e167ed0e3a429a6a8844be99896b06f76f1b084305b3df89bfe2c9', 0, '2019-02-28 19:40:44'),
('03695a1604e85965a8b5701b02052e197b19bf11c7654f2ec767491e86e61721ef30c2790791a439', '87761412e88efb6a95a3aa1cda5175f3dceaa959146376f1c5fed549bab72d6653a0913fe8beac7c', 0, '2018-12-19 06:36:59'),
('0396377d9817b6190a138d5aecacb9c3fede28cd245890790f0ad0026beae55b5194b6c0e1e66afe', 'fa8ea48ba2f2ad2b1abb14acad70355755f5b7e468f03ab71bb1ca20d788dfa652d48c01b44e2991', 1, '2019-03-04 04:14:26'),
('0416aeab2df412b8f215fb91c35c4b02a637e8cb4a06d4a14102a1f8dd3d9abd4b486ed468578a0d', '7eb3627cead68a7323f5764168e5f6343da5d8a8f0ea13c8ff7b8ee5a433cf89b8f581f08264dd59', 1, '2019-03-15 04:00:23'),
('044657c3f059256d1cf43d3d50c0741de2e20fab8d672916494285878add7c1818edd04fafd48b76', '2dcef1b583b35e180d40251eca76f7740c3edd02df5d81ad1d16db7e2179ddb14269922ba47508d1', 1, '2019-03-22 09:25:30'),
('04560ca0e818c9598327e8a85ea5456514beb46863ad7928c051026aee964e69c3cfb66bed5f42f3', 'c2f98bb6eadb92d2d7d1c3145f4a890cbceb3c9f820de351c8e403655e6da24ce9de56f5547a4039', 1, '2019-03-22 06:44:52'),
('04e0a86bdc7d9488a0cae007d107b3fbd3b2ef234fe0f2d2fae6d8324ec9de900e99a3f36f9d666c', '8567e654205e2d3a9c422e127314b72e1fe7ea7a88a9286e494a4216f721441d4ec93a0aebf75b84', 1, '2019-03-15 03:51:42'),
('0582334e391ea56a9cbd84b4907518049392177451940849661265d9b114e9b4aa0c6a0dc0d48612', '348555a737dfe7cee902a0833aa9d1887a0058c387d7c8df1d997a8b9557f4bd53aa418f644331a9', 1, '2019-03-14 06:51:25'),
('060aef74c6b2db30abf3640d570141cbd61c250f3f6587e1418bc2b6c5cea210dc83340c043795e0', '89de9cc5a01cd0d8cc8708aab9f9818c09100fe7ac803e85e375dfabb4657344f347b83865a48b1e', 1, '2019-03-16 06:32:38'),
('061eae7c5a66b7d67fc18c59cd6dd0bd644ed943bd4c9b36d17e73d3f1aba0f694d5f1dbb77529dd', 'dcb6d978a47c4065aec1c9c8debf6a97d515c8e9f78245eb1ea77d2bc0b701ad539c5aa9179e5361', 0, '2019-02-28 05:14:15'),
('063ea6473d1fbad79c5bf6768f09a4445e142ec6def0bb68ebb370e1f9b49e35c79d556a58ca6f9c', '63c38754700ef2622663428e61c913bd3ed968ecfe0bc37ae8b7e44058e22397b8727e36bb7c1a98', 1, '2019-03-16 05:50:13'),
('0662d353c7feec040047d26cd8f01017bdb8f1d98bdd10daaab93c00753bef15dc1f5ad86eae9b04', 'ce3921503e19adbdfa85c8ec332060b4608c717cf78d7c440bef8e38312d1c18cfe12e5660aea8a8', 0, '2019-03-08 06:51:28'),
('067603705cd195584ecfc8baa3e13f68909f07f3ea8603027e1dfe6c59534fa56dc8a6ca3b1f755a', '14fc4c079896ad92b276cfeeb74234dbac4d8824422393fdd8b4af145e5e28a3b15515ce66a3a7b5', 0, '2019-03-04 04:14:20'),
('06a70996a6f71433a1c9eca65b3d211f654b697367a84e4fb04be4d9b75d6cf8b21cf28177292666', '32ddf168cbd91d578fa6677331b4802479c91be86628219b3b3a0746733aebda5ab6f517a41bd5ec', 1, '2019-03-16 08:01:26'),
('07907cf6ee23d36725e084e52d31bb972db1cb1e325e2b70da88e31598e2acb7a79ec57dc9e82544', 'fd5b9f2ab47389e12898b17dd3a2757a1017cc244d321b3d8de89d7bc3cf550f042b722f40b74fa2', 1, '2019-03-22 09:28:31'),
('0792a27262835353ae889aa97ebc3a841f4937315fd06cf16cb44d41d1dc2a978d4cb1eb9a4d9e40', '4d188e4195d06ce8f58e48a12c19899ac6d58872e50b4d19141b60c8cd567bbe6357dde6a5e7bafb', 0, '2018-12-15 08:07:18'),
('08663019198c4a1504cdfeb692846ee3b8f1cea579547eb876d2c0596d9c0128fabc7b28edbcb703', 'a4c9507590ab04c204b070d2c03e60fce053453808ef8df67a32ac67ca52a95df3406d8943a9c7f9', 1, '2019-03-09 05:34:09'),
('086729118437aa9210c14bd40856dbd83ec4909cb90bcf2678bacc45a99461546aab2642a487cddf', 'a0e76001dfc07aab702ee0ed20e5f263607362e446bfaca2f7277cc454ef0e28879aa1b4829e8388', 1, '2019-03-22 10:00:13'),
('08c4d4d3451301266d33042283f84a12fb902e83a315f00d9eb3c2b5fcef58731016f4a8f07a4be0', '8caa73faaf795476cdd5c8d1756dd921a6e0339b3466fa59758b337752fa953b48a9ab1db33445c2', 1, '2019-03-16 02:41:43'),
('092ebb47104621ecd2d3957f1b38c3e3c51e8c3b7f6be8730cca7ab09bbcc1215e6bef5f1b0e383e', '0bac7854e28784c84263d0af09995fd417f67891eda156c2e7d48760e3d2135774542ddda4b1762e', 1, '2019-03-16 00:56:31'),
('094330569c7854565fcc585717df6e87cdffdb423965226080a99d3f5b58f7024000e2b427a8429e', '0bc920dec8789d10792a56e587170445582fac38542affb65c3d0e2a6da228f0b7b74afa5a0cd5fb', 1, '2019-03-14 04:38:12'),
('096406596114c045d94ffade65b777a085eedd24745793ead5719e9c368ee3ac12844e520f185881', '176573df165d2d16cf76c3295d3f6b2792d9002f60d6e29be97e4ed2adb0c69846849fcb4c25914d', 0, '2019-02-21 04:15:44'),
('09bd359ceb1ff236bde7c8f2b197084d3c7af2baab6438a27921ce4845825b31b81d4b46117cbf33', '4f44edf9686b98fa113401bbf2a1760cefece3a4d95bea85ae4e4012631601972b62ea0f216cc5df', 0, '2018-12-11 06:33:43'),
('0a1b0a07a1911a83964d903bb0b7f2206bc5ddd91518893990f4f89d6bbb5939bbec943410cbc29b', 'e8a72b68c1f0d8f937477dfa343141a7e99b0f2cfca6ce7dad8fc9f6c72de32e8b122a458194fc54', 1, '2019-03-09 09:53:31'),
('0a37d2c270e15ef7da9ca48b06b7b5eec462c63b2064991dd016d8c01c4de5bcd1b9b6333129a8dd', '74a3b62730caf510d0261d2d2956cbcff718b93db26b580ad3fc91450faff518b6db42c0ac5c5002', 1, '2019-03-14 22:08:18'),
('0ac01e32fe40d0f1ab66f30618c98ee4d431f0c808dc37e09f882399d4027cc09408154714eb3eb1', '916667824d9d85bcb03f3e538dde000ef43f592366d2148c8034263572288da9fbf45abe7c16279b', 1, '2019-03-01 06:36:11'),
('0aee9cbe8a0379588fd9069d45cfc3ce79e5ae0ec7b3331dbb68a4f6d1e4b3d390446b77180f0eb8', 'e3224f4b30a8cb6f54c7f460defd3132ebb04834c90acd6d756e7d02f46b40a4ef814d1859501415', 1, '2019-03-16 05:32:35'),
('0baf040cb9aae4d9fe143ba0f41269ecd22418a3600d81d2908a8756b7b96ff0d862196aa295873d', 'f36f42ee32bf3c6570e7e39e4909cc13463cee5b092d6bbb35fe404540ead6a10981b823e53987dc', 1, '2019-03-15 01:16:23'),
('0bb96868f3335ed43633a81eba70477aff4bab689d862cf90fa929eb1e31e699aa9d5261bccd2888', '3e7afcaae2be083ca741826801bf7f737ff744d20c62ebdd8db45e5a167e5d2d882900b619be94d5', 1, '2019-03-22 03:19:30'),
('0c27390aad195ad5eabcd924d56e8f792cc275824e0d53eb3a9892846e71351c3a6b6b336daa69bd', '24a76de05bf67aff661dea1776e77769b3fab8002e68a76eafb706c9d40b534e7b65a1f031041662', 1, '2019-03-15 08:41:49'),
('0c51b46e40ced39ef7424b7db418df87d4c56dc7bdc49b6a25864698c3744b85ac3a32eb49963dac', 'bbecf811b891cab19ced1191bd67edba1dc5804f31bbdedc2bf03194310d1e0ceb953310d09b2cd0', 0, '2019-03-06 08:02:13'),
('0c54ef975e05a155b17e8242d511f65833947b2429c1327c0a5f6548dc655a42078fb4a477b08e47', 'a6c3784edd0d721f69e213a6e8643eae2b5982579685ff0e9a7a449b545e07b1f4d6c2cbf304c3bc', 1, '2019-03-16 03:12:27'),
('0c8b4b36b286d3216716674a756c154ab998f8f43d6919c58aafd03576cf953e02d9586226f13246', '434303fd6bdffaaa6e367269e6431d3f06ac1c87ad2c276e8ad9dfa61c908d9b8ca2297666977a54', 1, '2019-03-09 05:38:48'),
('0cdbb1e3046f116d368cf372c99881d1381c24eb0db33efb6716f39c71f9b2f81fa87eba11b16c88', 'd2679415d5ab5871861fb9c216b9c590803a0d5c9b4bd6a195550fb2cb1aaeb6514931e2d94527c0', 1, '2019-03-16 03:25:55'),
('0cf70283069909fb6b3ce27ae07e61fb069ca27391a7095bf29d8495c88420475769f4ca4da151e4', 'a9e7ba9be0e34397eee0e2104fcf59e031868ae7d114d96d53fdc30ab46b45a52379243fe1c91a89', 1, '2019-03-08 08:44:26'),
('0d67b63d5b3d4638be5be6cccdb28e85d778fd0d33d2ec183eca15c50c3c9700629cd01b89c84300', 'c1cc5f44389944c5645f179c82d588275b9014931216133217d65cdda32719799b82b036eb81946c', 0, '2018-12-15 09:07:52'),
('0dbd30a0ee556a68269b13c23ae30a552c52d05ad1dd9c498d0567ba58b97216a0d01ca1b8952515', '7cb5b52f0005512192ce56974f6cebde109d2528864834011df53bbac8fe25469dbf62715fcfbcba', 1, '2019-03-09 21:28:28'),
('0e069023ef74918b2034ab920087f9af29e3798756c3bcd0deed0637931e0254e6bbfb40cbbf28b0', 'ada04f1a90c7574e5982b620138d62be1d63b142bb8232d31c06e3ef79112d94dd2e9397c7308eda', 1, '2019-03-16 02:14:30'),
('0e26799c4b905eac6cee381256eeab0262195cc03de8e96a3fc6212c8bfe6d6fae1e6ec7ed841857', '89b047ea1f19d0ca0dd11db83c2b04cc52f679ad14d2a3d29db65ab33527c93e188b3f6d79541bd1', 1, '2019-03-22 06:50:48'),
('0e3b434ba18d192e332493a72fb231b95c19a9bdfd66f05ec566756a353ff407a146396956ea8604', 'dd7b82353c0b9de0edfe118b0edd462f8016517d876104b3e4a6ab2ee14c1b39e2d6e505c781a6af', 1, '2019-03-08 09:02:11'),
('0e6e5b49897b2420cbe8ee46a84652571c58d4843915c0acf9a3f314a912a5d341248af0e73a70e3', 'f9c8884940e8d46b289a6c855d8b91ac68c51ae37db57e1f6d880880995ed4d9533fafa79adaaebb', 1, '2019-03-21 23:48:06'),
('0f2095029ec1cd78f893754bb945ea212adef5408d6b56231f6916e24a84f123541602fd6c0b7e45', '2a7e952bd1353f84d93b4278f92e54befaff9989c153b88cfc0dcc0db133f7523b4489d71491db3b', 1, '2019-03-09 06:58:31'),
('0fa8cd58235f55cfa68b27a764ccc8a22406704232e01e9acfe600ae41069578ec9901fd69dc4d7b', 'd5901821aae710dd9ce8e8040487b980b59a5cc7b5deeb4adab75d14ae7492a0ae29a8b20acded28', 1, '2019-03-15 03:59:14'),
('0fadeda6b9138a4965555e94f1d669812769468869530a0a60eb71e8868a28fdd281330ad42b50e2', 'b9173a1d605beb093f223594f835b19932d9332a3011b498c15888961658165db30697db8a238dba', 1, '2019-03-16 06:53:13'),
('0fb7f552dbd20f0f4c973d51b850f13054ad3f906e176a3064f972621aab42f028eef008fdca5894', 'c97364108480072a241e264f75052280b1f051d09047dece067f1fa834cdaba16ad9dcb6857a796c', 1, '2019-03-16 04:34:02'),
('1010cdce379dd2414717884815d7fb730f90317658d0cd6b8c97bf70d517168e015f723c093c3fb1', '221b8b30073c4b1cdf60159f6bc079ffe1de387ed98d9ccc65a92c96c419fcdadf4a686a25d9c239', 0, '2019-02-20 23:19:06'),
('106067c7d85933a2221eb73930f5d1f47628cb3192c7b7f771e4e6e1885030e03e09c8462444789a', '7ee09859a2e9b8d78c64d4a784f73e53426a198e3ded3af5b43e6323b98e845d6d31480e2915bd24', 0, '2018-12-15 08:07:35'),
('10628f7570b6b47fc2caf665a49838b12619eec028aabe31bb447a56089d7930072be37212e15bbf', '8712242c4f7a4be23815da027c4578af36a12eba5400ad0655e524e0ec469bc8c7b2b554f1c28798', 1, '2019-03-04 05:41:19'),
('10d54980870b7a68b06a4c55d355782be94a0e35386166ba6d5472b4d89715ba98efa2d17710997f', '2d74796b9af522b5eedcc6b662119442cc22892a5d6afd4739ed1d599ff5e5baa5d7417c13871abb', 1, '2019-03-14 02:59:49'),
('1121dcd99665dc2f9fee72ed70977c2d6b7faa9da63f762f0bc675f3b3195fd829dbccf94a325a17', 'c772a89212dc4d75c009a8bfcec6521e4fe2bf61aa3433d4abc27611e02b5489994052f1627c7c54', 1, '2019-03-09 06:36:31'),
('1168816fab322e5f782de09c275c2b72cbb4e00c3dd27f6ea1de0730d04cc3a3eb0ce893adb4533e', '013def06555d9e0672487c8154b7b1e2d411a9b2a1dc3dd4530a9863f0e70df064bf4f507e568cb2', 1, '2019-03-15 04:21:53'),
('11762b3c275d78dbef1cd710da13939f40ad6f1fa8faeddf435baf16ce91b4ce9e237a5f543f2347', 'fe73effc93902a48cf291a8ce19a584dcab4ef4769a6280d7961c81462b4a0860ed9420202587246', 0, '2019-02-28 19:33:57'),
('1187eeb92025d929f9565a3d42ca23aa9ac6e6e4b4e0ff56ca6288c0f7833f101a6d04abfedaa691', 'bbec6a2d2b5b9648ac4ba40e68aeea3061c3ea336f8905dc75279eb68d71fa93c2c630f26aeb85fa', 1, '2019-03-06 01:46:34'),
('11b9df5765fd7176e80b687707b5d5410f8d61c026d88757115adcea0989d232eb58df76189c7c04', 'bbc444aceeb59af8be69a3b4dff879f1d5dcff9c07b230dc18ffd2e055e98abc8cfc5c8d33c2fc37', 1, '2019-03-16 06:46:04'),
('11fe9485ab1123b260ef955357d56354c19684be6ad9d15b401b9d7bf325ecada5a2920826d63e8b', '5df95b96564a101b037d2edb76f4cf3fabb5f4e644e1dfbbd3c7d7e78ac022ffd8f08193e2095d03', 0, '2019-03-08 06:34:21'),
('124255d99d88f4a01b1b65083d0311ecea22bebdb3994a88efea0b30360d48f731667fac8dbeccdb', '9bb20c06a4931834864df2b72fd64a99218b64ca60d8ad7b5a3f17b6874a88b9145cde93783da826', 0, '2019-03-08 06:46:12'),
('12b7be7943869063a5f3882883722b7a7958d38394fc0f1891f4624c309c38bc528978ba1d524749', '4e57e35e7aeb823818a4ef9d26193caaae5defd83ee8b5dd8f9c5b49f210d5e6ce46c8336eac41ce', 1, '2019-03-06 01:45:48'),
('130ee6a8573f0525f3653aae8fa5f3e254787e8832c1772b316e178e63496b2d4ec9c014c7f47c2c', '1eaa7ec3772acf6ff89a21f91488a0be9746e67abd3a9c8dd0777c9f85fee03dd7e1f208337c9d16', 1, '2019-03-08 06:42:43'),
('13509d5e7508337fda465a1b3172e0f3c4ac143ab392542222a5758f7da7655f34a9da9e255123ed', '4cf59384685f712b1ca7590aef5eefebb6a9e9dc403ce1541697c6277e33b5fa2aa1b5438f7fb5bf', 1, '2019-03-14 06:17:12'),
('1374457cb7a8cce8c877b9d251b850fb9e2b2865936df518b20c8ac271453758e6f42a1a100a375b', 'b13a85d02939464f18413041a8cfcd00fa3659d9ee00c9b7089ae98f3d17f07e2a171c0ce8755e4e', 0, '2019-03-06 07:15:12'),
('14281e7145df15d1566d1bef898ad0a49ba5980c4a77fffbafa167831a017796e431f2e926da6b7d', 'e75d21a88a2fdc1c0f4b5a9b9ed006ee769c23aceb1dd7be72379bffaf66e8a16a01e29950eaa5d4', 1, '2019-03-16 02:17:16'),
('14385a0f4bbc01c337f59d2e2cc004e38937710a9c2f7c93679edbf1ebfe38b5a7fdf9fdba758cf9', 'c6cf28ce1d26e71f343a5ac2c52f44ec41d3cb45c3ba897cc81d17f21cffd15dc424f4d53fe995d8', 1, '2019-03-09 07:25:22'),
('143998f83a2dcd0ee1c5c23f193ff72976ced1b2dd003da1573ca454dec6b7cd32f1137217e85e8a', '3d3c2dadf336de38f279fb8de071189afc3c26b22c9f119a2454f2b598b248c4d9d2f6b6fca1200d', 0, '2019-03-01 04:09:41'),
('14eeba8311c81921b16d9a01760fba37e4126c3ba413bcf4dcb8f3ddb53a0320baf4fd510dceabe9', 'f1a4040a0c96f640fc4f5bc9f7bc5e6e89518ba1cb87116e146e204a70ea20f6b1fe231a7ad5412e', 1, '2019-03-01 06:39:14'),
('150a89b7433ac24598ffc1742fa3571dc67fd0cf4c3a8f819aeebfde487cbce1ff831da7b5dac7c0', 'c71e2842236f1dd6906deab610f4406490c6c7ec63e7f26e833be33dd7518baf4604903a221a75f5', 1, '2019-03-15 02:31:53'),
('151df99dd6f98c4ee9402f1b69029b89e4b4c0da7f7fa6a37720c369b958f6a035906be80f360292', '69d404d6e99b828769ab246c29943b4488415f82b8fe7f90b7f2d983d71b17e10f28b7ce169cc0f3', 1, '2019-03-16 06:25:54'),
('153ceb27f5bc5fa989899ef3767dcea11a6bbad77bd173a5583403814b36d47d523f11a1cc17ec26', '9cf040e62d2d80713b420a83c53bbd8c25d11b64cfe100469fe92c4e6bf305fdb03e3aa046e95226', 1, '2019-03-16 03:40:05'),
('155255077980d68094e004e82ad7924e80118363c4afc8e32ba3bec52c58c51754d2e935602730a5', 'da7e56a8f51ddbe9302e8674d518341be4df9a0771a91cd0acc64a67e7e1051cf115598d810f070c', 1, '2019-03-09 06:39:56'),
('15a636cf5f90c2d075cb819bfac953d5a472597c70d5f09bdf905d66731d3b39cd5fd12b0d32028f', 'afebab7df6ab8d181a66b70edc28c4158e8f4ef0002fbae4cfd49fac259c3695e1b9ad4f5a04a94e', 1, '2019-03-20 23:39:36'),
('15c81582624fc00455c5bf364c68bd21a61bfb4395d04b6ae1c487b34c2cf571d561afbca9fd67c7', '767af6b258eeb660c2dae23afe8c3e0d1bce327e87e9fd93b9bcdc7d1ff5ffc20026f29948f622f7', 1, '2019-03-16 10:02:12'),
('15dd8b9aa673154dd09fe1d9bb6e32d4816cc9dac54eea84d0afb0487ec51cd22f1d40846fadfe4b', 'ee183ac76e2f26bbc53ecd0d58c765239865f79fe7d8c4e0b33586c09b26312049c40939343e8a5b', 1, '2019-03-14 03:23:16'),
('1600834535ea4b4da02b0a225b78e71d828c20640ac1805d84c1a8c1aa93a2a22f5ac7cc11d68895', 'fa143e01ad6ad320292fa0e2bcfabf813ca75ef49149cdf03ed569cc9fa2923e43bf30760c1ba2b0', 1, '2019-03-14 05:30:16'),
('1607bc71089e25a1ba5c11299039d96d66f31139e64cd252e24c15d6c70665142332ea961c2cd817', 'ffd7850a1559359ea35a06d0506d3326c8b5bd4303571620b2a6d87f67241bfb40753f8ae802377e', 0, '2019-02-28 05:56:08'),
('165e9caccc626db4689230e77075f980714254f08dc2f7d4dc6573e4f66c3534378ae06dac65c1d1', 'd8e292b336ff7249e2a36511a811b514d362285ac8c9be9f681ed38436f6e3129702d7a8563d2fd5', 1, '2019-03-22 05:19:41'),
('16700aa912e1f671f9c81d9dc356b091373a677f54012ab8d8181c38afbda85791242e60771ee55e', '186bb7128866aa2d1c2055d366486bb1a5702bbe362c98d2bd40585c230cef550f46ca789d34c262', 1, '2019-03-18 09:35:01'),
('1783a82a0e57bd6ceab40dfb2ecbdb46ddc0202841039d4aedb2dfd91d5056e8eece5c9bdfef49d3', '42f038ca2e89f6fd0bb1529bdd0f260cbddfebcc81b07c3f1bd47b02fdff2dc9fc7cc89a63eeb470', 1, '2019-03-09 20:52:30'),
('178dc79c4ad0e307192ac323495a8d3a6537bc8dfb7c1bd20dfe36eecd2f4114ba72c844cf1bec14', 'a078d84bbd0a709258d1fa647ae32ca2f3c6a2594c1caaefb80d730ec9fe7a8b3201c3029737a065', 1, '2019-03-23 01:25:40'),
('17e6808ad86c1db09d4ae69a9f4990828a535bb526c9568af2d1e0291479071e23b6b5c0fb8dd29a', '4f7cc072f38ed35df8bb75a2e4b7cd40ac8d4f578cb56c99e271228b832f5c85508e767bc2ad4522', 0, '2019-02-28 04:01:30'),
('188c23bd4e4fdcb2580d6ccd7eef270829a844d86d41947d7688e63a6466a4572674418d09da6397', 'f3ef40a74e587c63079fa52d89f2b2094cd852d5f9eb130ddc646430b688255733a9753f00e37ec2', 1, '2019-03-06 05:07:39'),
('1898eb0d652aec8c0280e2d00304623e5f113e06a26b2441905ca40cd110791bf5075b8634c6ca15', '12736888a1c70761347d6b1391bb45d1839a9cb4883f70a2235173d552a7f0495a33df1e2b470d0e', 1, '2019-03-21 22:36:26'),
('18a7e6eaaac59c8417302b4bd3269927427cf6ec577eb2b51f45ab2352224f96f019eb8432bb40d8', '6a13d11af13978eb28ea7d36f773e9c0b64c8b8619fa96ebc7eabde139ee7a13df54cc4dbcd94d6f', 1, '2019-03-21 00:31:29'),
('18c025ef6c34a3dca4861d2d48a8a3f414669f1be830a1f3889498959a6675d55a09edb927034f22', 'a315b3682d4c9f115c3f172db4879373575e6a0b3a8e6356f5938bf5c4d39ba34676adfb39fef164', 0, '2018-12-29 00:46:05'),
('18dcdcd6f3a59b9eddcc5b919ec955129b7767769fa16686b0ed9b393db776b0eb9b00927a4a027c', '6bb679f10dbbbe208f0dec52751f517198b907f070672024e154fd7870389ce794dd6fc8e230e5d4', 1, '2019-03-15 01:36:13'),
('1918c62baa4fc897b25bb201e7c3544e4573939b3bfcae0e1f2d42433446764878ea6286229fdf81', '6e1e0d19eb3da000a142bbcdf69877e56a8e3d598100123f090ef36efc59b4d790d2b4388120fc56', 1, '2019-03-01 04:10:23'),
('194dc2876828616c9107444ff8e34a25855e51aeb0066266868854ac27ae6574576ab7b7a99ee6d7', '7f78a9851656664a9935f22c33cab8c072c38ef2a970421c0522b9869bd6401ee1f53d7170b34a22', 1, '2019-03-14 04:11:05'),
('19867ca33041d341defb67d08db028792461ab8579602d642ee19243b46b443c07054d1af6b9f8e2', '3e09f25bf9d0238d1a503fc5339182958d10880cf12f80f153f19d74f2bd818c715df0bf7c4b98ca', 1, '2019-03-15 05:16:13'),
('19ba08491d1c217e01967fc5437bccfd1c7370ec1ba4de523349f8f29e5572bd88a56d6ed31dacf2', '91cc9af3b3230aa37a33847761f26a6f5b63fb933903dd1215954577ae0b274c90929df65bda6d57', 1, '2019-03-04 05:33:37'),
('1a03d0a3f8c28cd50c8436cef5697357c0bc797161cbb304ea4cf907137ec7bb9f7a732dcecb691c', '3d2c582a1dfcd01fe5ab4e0681a0c5079bece451de4b98d9c2827d2c66b55a37c81da9327f1aa01d', 0, '2019-03-08 05:50:17'),
('1a28253453de99ee53ffd2f61c5c88b7819dec74f27550ff9b0bfd58f0f84815d8576aad04244aeb', '38a05c8ef489adbdaafa1bc331e8409bba62e7d82089cfb2926d67212f8c581365fa5958ab4f1e4c', 0, '2019-03-09 08:22:29'),
('1a6779a131bbeb6cd3fe5f67d69e363801f2f05608305cc35069a2c700ba359ad1352bd47925ed87', 'bbea92c3f7fa02cd2b1ce897d0eb9a31ae4ee4ef39c6b77cf41447ff0eb2948b7dca1da01164e485', 0, '2019-02-28 07:27:29'),
('1a8a9555fd673f3bafc57c4bcd4f0a76d0ca0ca473874c2cb31073d8eeb09a3d5975e53e7808dea8', '53fcc2881e6e23134c2c4b2ceb352e5f6fcdb20e01d88e05707c6c706695f7e3b6831a395dce5c4f', 1, '2019-03-22 06:56:54'),
('1ab278f9d770a7746892558f893f3ec473a63cb64bf86b1c15cf9102a3ff5b64109d76c4bfc619e8', 'c178c5f7a2d1dca409092ba7e6846c9f59ee922ccfe997bd59039e1d8a8212643db74726ed45955a', 1, '2019-03-02 05:20:48'),
('1b5263eee0ef82ab8113440387899963517a2462276c29b3c2738596832ea8295f5c843b95be5e2d', '1dfa090d48807c1303efe6fd2ad3c22c867d83b1bdff12925680e7821d0f27173921ce53d14bae46', 1, '2019-03-02 07:38:14'),
('1b68e30db49140d2c67be4227cbe542109c12ff6cac2a6b38c66b8b4802397887a6d88fed39fb075', 'e1645e4dc765d625fddbe73da95e067b044228ebb6ddfe92c45b2897d226d70fe50fa79c7c4e32f1', 1, '2019-03-17 03:11:05'),
('1b6c5c18ece9f3bba438fb6129032a98dc411896b163da07d9b69371edcef66e21d86039dd588fe6', '9945c3500f45d85eb27553fdc06340d3de5fce7b04a0b0d43b4877b6dc6c1e252f4fbdb8c47d833f', 1, '2019-03-16 00:43:33'),
('1b960ac5dd91ae06733f4ec7e637dcb49d8aed718dbd73d5bccee7cd6a914579eb7e1d2246d3f834', '9fc881ff7608b9dcd4c9707f3ac0d611cd5eceabdb498bf2b0c0a2ffa3fc95f1642392ac83611f65', 1, '2019-03-16 05:25:33'),
('1c2f04b91804efc7c3088d7f219677039b321f987299e18ede4498e42bd6a5c44b895a0ed7c51738', '0324443fbb482206958b7dfbd750d0faab1bf10e41b470db6b21bdba74f37f74f9bb7018f6acd3b3', 1, '2019-03-17 02:52:39'),
('1cacc71e16b10eee769fc678978eb0d82b1ddb7cd142ec8a3e88b237a1b9c054a50a6d08dd516b72', 'b1c8591ebe4e28aecde7cfd8fe53c4acf124e758124514c825227ecf32993601b84a4eff9a56cffb', 1, '2019-03-16 06:53:47'),
('1ce5b255437bd86e09bca879d002f1db0845677e1ccd1591d1d510744cacf13a5fcfa2ce826af205', '6b5e57979d91c21475ec2edbececa123a06155c1cca9f06f23b1df279508db8ee80d722f1446125a', 1, '2019-03-09 21:08:53'),
('1cf3c3fd0375fbe07247729a0c21e17c384d81f0ba32d961c794d31197fb8d805f829fb700c8a0ea', 'd83d7275ce9a861b3bf43cd3a9ad9c1c560d642184365fa21c835bc1398755fbd32d8882ecca78cf', 0, '2019-03-02 04:48:28'),
('1d06cf06c90a78abf7cfccf7b7bba3a34e67f262ece3f24fec8cafebf79456c57eac13458ae2e700', 'b82af57318606e5c0ce8aa2d12a798310994f0569516a584bb61522c728f57c1725e3e92e5e24e4f', 1, '2019-03-11 05:40:15'),
('1d1fab395490e6c9e84eeea214dae50b678866ea120b72d9bca0b938868f32ccc65d598d3bd4d5e1', '84acc998cd515e2bcc7842908bbed279a2af96d082d061daf78ff2ba5548eac511b755a6edc4cb72', 1, '2019-03-06 10:11:34'),
('1dda19b7c1e10fe256ddbe26405cb4b757d0bc3918ea3e037afbd582aaca6d60a41439bd32f6b32f', 'f82eb9d31a1152aa274ad6245e160f6b050c578dd1945efee9de347cdbc18233de7c8c4d845175e7', 0, '2018-12-15 09:07:22'),
('1e609f53c50cbc7e00d5d3abcf6347267fe94744926bdfd3698232c12123ce0192288da5cfaefa93', '865b6d99f570901eb59a36bd01fc5366c5a893413d90537ee79cb30f2ed1e2510efa167af0055c73', 1, '2019-03-13 03:47:53'),
('1ec5809e7928d416cfdbde436a5ea13d1bc9080291d74413af512c47ae96fa8d5c609da7e4ed3462', 'cfa1d1095b30658fda2d06ee143aec0b107e77b5ad6da41a89f4d70de46ac6016eb122134c1a3bba', 1, '2019-03-04 05:26:21'),
('1f5f999df1a73c60a9f2f4ca71259805ac311fee20be27b057c5127c028100fa7efd02dab5d93544', '65ab130d4b50789cea0398c1d71d1d0d61938ab0530712e968126ac3a80ae10915253097bad05bb0', 0, '2019-02-20 20:52:21'),
('1fce94d5e28b4e960975d8252125c56cdd0042ab0db77a3574b739f9f7b002f61d87717cac0ffea8', 'b4b2e4e1d3f937773d1fc45bf8f0d03b90297dc4a7d93e42f0e191b32bf34068aa06a569df172468', 0, '2019-03-06 08:04:03'),
('1fd8ed5c72c2408dac5a5e240fa691dbeca3eaf643ed49404d69a2319747687912121a20cb088dbe', '83a438175c945a431e5ffaffc29ba35782a792554db57f3530a22d8dd5c5108290ef59ce454b1c72', 1, '2019-03-22 07:32:55'),
('1ff72e098da5a27d03536133dde6c25985fb53fdaa2421dc96b6da58e0db37e0b9dc4ec180dbb9e6', 'cbddc5f58ecdbd0ed2bb18e156d582a831683a1af655aee1892f077899b50cc653bb96c54ad06537', 0, '2019-02-28 05:03:51'),
('1ffcb68eacce345dcbc3739c800449a2323bd673eb4675a80b303ccce6dd05a86a55ef200c87ae72', 'b2e8fce4e1d0d2583d8cf9b7248584fbb5dd5b981cddf27c4f20134f27b598b7ee5e2d651a24b3c2', 0, '2019-02-22 21:30:11'),
('20152b5a4ad65093d29f8b20127b9098041463a86ca1c17f3ce21d76efdcf2c000532d7b96d77ba4', 'd2579a7ec3da1ad8c2402497176f550a7921bd84ad6c966eb443ffcb2af02f44dd471a56123268f1', 1, '2019-03-04 05:50:59'),
('205a71a33ff95a2e630221c9612a2504b4e74a5f2ea175363a8afc158d5b151b9095324794f77ff5', '67cbdd070aea2b8a4d1c1eba1bfe1175ac9a819b38e459be43927c5e94fb4d4b9e3a156e9c842338', 1, '2019-03-16 09:57:02'),
('207cf620dadce8039cbd239119530b6f41e40688a71b56b950958239682423a98835932b00d58162', 'a823edb517f530e6afa36d4bfe43b8a9b98c3d0e74d7818e36e7cb46e6a4c0e64a9026d77b0bfb7b', 1, '2019-03-22 06:13:49'),
('20846ab62aaa0915dba76058329057fa791b833c1fe19a278bd2756acd55253510849588901eb51e', '4274896b1f413a97cd1b7b1d1708a43294f826fe947ed41dc6a221b4d06dbb25e8484999c5a80f59', 0, '2018-12-15 07:42:05'),
('208705db12434247aa0e4fdc47fa190a5e3b7f4d501e7b4e39dc6b1af99f6ba0383542b9cf3aef45', 'c234cc86021abe3bf48264af716f00f36b97007763b386e3b996990770b12f6eb689466681fd94c9', 1, '2019-03-15 08:26:53'),
('20f299eaa76ba02bf2cdf3cf8270d50433738da295c63c38b1855691a102b19382d430d626419972', '9028ddd0709a6f8b1fb80623800f7c4fae629216093f67fda5efdc1867db5d75230269afc876473d', 1, '2019-03-15 02:47:27'),
('2105cdc59b92bc419fabed0ea691e09bae6d3380955a1168261021bca62e73277bcf587b56960551', 'd8b0e769c39c4dd57104c337a6f8b7e0bcabd0df2a392098dc0b8c1e5ad97838f716b0d02b1c61a8', 1, '2019-03-14 10:35:02'),
('214d458cc2e7b1248eccecb1fcde956ac2a85b6a3c8052fa8dc0f839b16148ea41aec7eabcbc599f', 'fda3dea4fe6eb185c01f67c7d0a5189625e5a6ff82602bc44a9e789cf1c4d91a98fff18c25d5b0c8', 1, '2019-03-21 06:01:58'),
('21ff681d649ee47816acb2d1b425fb0a615d1f683b1a73e1b047bbf7c4234434751df48157a84ca4', 'b99a4880bd1050a9d9f1e0b0bb7cbde449c408951cf6a305cdee97c6d938952ff22eebddd4ee6700', 1, '2019-03-16 02:55:07'),
('22053a44174a98595a6a3f570b54c38f73d42e75a52a842f012faef89c9765733808c83392895ea7', '7ffea9e2353c57fcd2d42f4296f27907515da66d900ce2e5cbe6910605406d1271ad8893a13e177c', 0, '2019-02-28 06:54:20'),
('220a4cf1a3c486cd074464ad9bae1c504125a9d0796729ed2f5125c3bed53e15f1b5b45b8fb5e072', '680a1568bb996db01fb33f7fa648a1fafa85181599a46149d8418d29551bbfc633c926fbf0e701a0', 1, '2019-03-08 09:05:55'),
('225de25c6e095ee721603bd358ed9c125034f82882bb289bd07224b4844b4c0e549c24513002e224', '77ee87549ba74a159cdc086f64925c0f4c1c90899918dd507c5f8421a8b4ddb57eda7bc0132ebb9b', 1, '2019-03-16 05:27:03'),
('22b9e77e45d205567c18b046baa46744473e6f5e74b7d056dae455017cad104b1ea4742b7f758568', '2bb284318690ebc34267b79b18cce515d3f867236c9849aad9bb1d3541590edc75abc3f8b2c98d91', 1, '2019-03-15 10:37:39'),
('22ef4b2c995e6b7ef1f3c5fa8bb45bcb65f43fa95cda48def1ef819d4169d210031b0b66eb290bf9', '9dc71cd3224aba8b9136f5ec73601c9e0abe446d59cef9ffdc6ed89669ad0ccca4cf3a8cc9ccf3b3', 1, '2019-03-15 08:39:15'),
('22f54a244d449bc3ec705963b8a18f65cedb23dcc54c17e412aba0a0663ef4cc24d5209321f515cc', '1679ef8262921e3efd4440f6968b649a57da06ae6f7ed5c2b45a73a3650e58760f5cef85de8e585f', 0, '2018-12-15 09:06:14'),
('23087b3433bbaf7e6727c5d83dfbee1420e4cfef46c8d00e5c354a35f877d4d72c8257f8c6bdbe6d', '2b681d204de2810f88b97bf36faf96a19e1d5ba3111000691268e993c497b2cfccd819a247caad45', 0, '2019-03-06 09:20:53'),
('231e55fc245723ffc141e35e51a7704bca50b55fe2b2a45e1a1202cf0554bc45e97021836aad6b3b', 'af68eaa6a2a447a80d329033ef1bf75d63f6bf0044c4cf9e102c6b63c3a0a348f285067f42d94b5a', 1, '2019-03-24 22:10:41'),
('232dd18b7026ef9e7f3cf09b5ebed67eeef87d08b80e5f9d09e94b33c4f5a88d0beeb5dbf3c86d40', '7289ea920e378e1989f768689b6e87bd92d9ee341e1560ff3d9b7a4fef8357bd40d841abc2f4f7ec', 1, '2019-03-16 03:54:57'),
('236a8a9243890f5c647f7c7fc5acb2add621c0b76b1a7a70d1acd830f8128df827a2c7c55dc06fdf', '92472866cfb398acd3d1e1c6d177a91ad9157c12b5ebbd6a30b99e570e0874040fda58183e5c08a5', 1, '2019-03-15 05:12:27'),
('23be0af50e3156d37222ebdec956cb90cb7c95419d05278d519a0b18eedc4b27bea733bd1c89c7d5', '32b4aa0ae3e71a6c09f4131bc806d7b86277ae43421ddb3e364e6b67b4820f71b6e6ac3a7a9d746b', 0, '2019-02-28 04:01:27'),
('24a66e5b3d533b0d6357611b738cbea2a1ec8d660f9f820b594fec78d01716bb4dd3bad56ba6e686', '8f921193a76c778adaedf4a8823e6d75945f91a2df7ecb4f0931ef2080cb8f8af6278b246120e9ce', 1, '2019-03-16 02:47:59'),
('24b90c618793a4bebffd83b1805b200ff74c415af0e1625755d3816c055636edd4e71f92c4f2925b', '14604155a5ac0d85626b3056e97cdcf2a2868b2aeb6b89df0985e6811ad43b107fa2b26ca2550bd1', 1, '2019-03-06 01:44:44'),
('255c71edd7d075150e9303a5055ebb02906918fc5b8c93d202b74909381f54d061a8d3128c8cd57f', '06f0fee1d2b2006fa85e185c327ba810c3455da81649cf6d8a66f76d083a9bb507f31248b60a2d0a', 1, '2019-03-16 05:29:24'),
('255d61a8044d319987e236c8b1141c2e1a96d764213a80ddc092f3244f4af0cf9ab2d72fd2a963ef', 'be4c93665ff8875ab17ac38ef542d3790fcc2f4410c27521412264ecbc3d22698778fe3d6f76eaae', 0, '2019-03-09 10:09:21'),
('25c2b5819c80c214be21d33332662cf9dfbe195ce270b0e3b1b14c5b690181190b73bf0e4986cfaf', '5b97754e3e1078a2b470d8439d3f09fbf8eb50fa204cb7d9f33c9c7e2615b3b6ebc295225bfd888b', 1, '2019-03-09 06:37:30'),
('25f59db78d496f7934bc59482ca3a99afd13457e45aa8d065f5716224cb44f3b9418f57b58d8b8c7', '8246c700d7a5b3f40e8b4c9d7c1333697debe0fc7e03e2dc056e8252889fc00d5d24abb34b2be1fe', 1, '2019-03-16 07:29:18'),
('2703852f4a82dd8572513eac2298de2cdb69ec0af58391c717148f19c504a0355b0bd9d8a4a4b613', '826ed42dcce5d2ef76d5c0fce596f93a8a08569d05928adaaaf548475d4e376bde40ffdda489c944', 1, '2019-03-06 01:48:38'),
('272ea86ff0da193453727f6a9d186ad1217280956204a2bf04ccbf28f0ae1e642f7fbe11fb99ddfa', '3c7ca234f2ff54334835ee82e863dec9f41d1bcd077491aa7a7c7e1dd319aa07f82ea33848d7e8bf', 1, '2019-03-22 05:09:28'),
('274c5fcebc32bed6228529a1f6af377e32fe2c672b229381005076277656527f96dc5452e9cd715c', '1eb83b5c6d5a1deba0acb6544d8c035284371627995af46d605108ee2615d9154adf4971560558fc', 1, '2019-03-22 05:32:07'),
('277114a17569bc23101a03cfb5ced47fa9ab4f05c74a1ff1e84354d4d3e69515adc46d4bfb807c2a', '0f30f89ac5ed9fb397a93b7d21791821044c7046aab6854ac316eb97de1fa2121dfead154065540b', 1, '2019-03-22 06:58:25'),
('27e2284fe43ddcc6899fb1e7a17f087ed2348873267e567ec637a956ac8e454a2d78a9a499e55c39', '3e35543efff9dbd8043193fab69506dfd56fbaf4742fcb391f803c9f64ccca1f5c657106ad3ccd12', 1, '2019-03-22 08:57:22'),
('284eaa4e2e9949771502e013c28444361c393b36d49891906f0b01d92e4e06d917ec6dd49639c943', 'f7fd118811ff3371ab84e97d67494556d4e083e80beead362b601473acddcd9495189e922ead57ab', 1, '2019-03-22 09:20:16'),
('295dcaae179a250f2e7cdfceec254cbea889ebd966d0611c0d86df3c38616a8f0b13787dbdb97192', 'd4c8024e7ef32bac8f2990478e4e13f7c008738d19c9fb3f9edbd62edac4c133cd9e6865ac603628', 0, '2019-03-08 06:11:30'),
('29ab362ec6032cc78002990537e88bf11d26461d06208664f5bfb8f61ce87ba43b1583fad719aca6', 'e1dd050c46eed6d3f0d8ec51630d98074c6fa565587cd56d0151f7aaa97d694ad1a0b50b5c744be1', 0, '2019-02-20 20:55:48'),
('29b5d18ee177c956f66dc00523d166542411b1b3556492a1cead191248c7665326215d86b348023c', 'f6127b0304188df07491589cac1f547adf9c45deb811f3488f6cfea0cf572e5afc067b604446a197', 1, '2019-03-13 18:35:50'),
('2a5f8cc80bfa168b3bbe44741f2d8741fc055918ae77439ee6c0ba5cb657253a0e9c10ba82960b71', '3bc3a1e7a41c094c93e6075200bc90545b16c78c110c5a22e5acb141b1a596c841bc07dbd2768c9c', 1, '2019-03-01 06:41:45'),
('2aa3a27a3ca1ec644490705f57db5497ea7067b45a7764696821e57f04ea7c55da3007c932b249ac', '931db863db9ad676d6c5c94c69c2d44b9e38e51e73708216087a5dc7637947bd47acbbcf6e94a57a', 1, '2019-03-15 01:31:31'),
('2b15509ac278fa55299acbd0f16bdcdcb30f7637070694fb9410bbcb6112c90e892d04bf74a650c2', 'cc04589401600c9d360877ac32ede5ec3122be475af5a873119cc401078ab17bcf8d260f43a2c2fb', 1, '2019-03-01 00:25:24'),
('2b66460ac717964ccfd67da9d30902e7ed2771ecadacc5bf2725dc9a1af23f813c7406822f485649', '07f798d8c1d5746ccd7d89e1ee8451347ad64ffd253afe1b7febd9b68f69b72f4e8872e9b9941fe8', 0, '2019-02-28 05:11:42'),
('2b8e4faf3f32845516e8b3e0a850ca51c5c82b277df035708f3497bfff67c65b7804d138e9b1709d', '97466029bf0e4a9e8762b10f2d89734458ae454de64fae0cbfab32cfc20749bd4faa899d0545caa6', 1, '2019-03-09 09:18:03'),
('2c95b9de067639f125d0f93a0362123e74831d347bead1aac4f60572a3a844df1bcdacd5065666b8', 'ad3b4c8c677cc87b8a3b73f4b33918fa1de24b2b750f45c90dc0843f8856650d34aeddd3f132582e', 0, '2018-12-18 02:14:24'),
('2cec7f54ab9149b041eb2f4cdbc2d6a1df67fbd8a27a01a41093a493c092ad6f0ced8d613ba0143a', '78ea60cfa3ca079e86032f6816ca3f4a47e7440ff587d743d764d3508f111a223a82a8b7582daa5d', 1, '2019-03-01 06:33:44'),
('2d32b8191f5d0a648a8798ae1dbe6c12e05d03bc0ae3027cc307ea8f0f32010daf456ffae19575ea', '0e9ae21e88b08f303026fe934e22bf5cb7c28398e969c9a0c40a12502c6a2f28457c6f32e093dbeb', 1, '2019-03-16 06:19:12'),
('2d5e96a596042b898459ae50b26749f4fc701dd1b69d0b21c0970fc73a68a63e69e80f7b93979d18', '2b7c804eeeaedd9146e419ae7210f4ecac6d6086c63ff2d91376609a0eb763355ac729d5abe8c366', 1, '2019-03-06 01:47:18'),
('2dc9c2ffb8a69c46a86ae02adc83fe952ef834cfff9c5e38ab2aff12a04a32947d3423b8fd114f1b', 'bed5111799c77b44d24fea1a7e9b117b7e5d5769f5eecdcfa15da69e1ebb75af3c411598e0a51ee8', 1, '2019-03-14 10:10:06'),
('2df7540a632baaf2d2bfd5f1f72bcec164f9e65f5c83493ef21654d2cca7a03a0e28c0bb47beb342', 'a31fdf23c999821d609508a8ac4d956f7a1387067db526c40e7d1bdf61d62a11ee9e2ece96db7173', 0, '2018-12-10 04:36:44'),
('2e005aca66e650d30c4e15dacc07de1a8a46ee5afe00fc201e3d24a2531229398d35e3cddc433cad', 'd16d0fe26df4c1c5a8c360252962eab602779f5d709153f1c456c47b544d84fc106e2a4c08d9147c', 0, '2019-03-24 22:13:05'),
('2e536983832f18d31b6ba19da0c6425091f825acd35ba241eff3978ae5c896ededd8133c8ad95bb3', 'd110ac37df4f38a84ae36442c0c78213044545e641316a9bd10665d86be598679512958afcd16d02', 1, '2019-03-08 09:03:04'),
('2ec445091719a4111a72cd7faf2a5491e74c18304cd1da55adf61e1e7298733b0cf2878adf8305a7', '4d41cd6c4adf39650bfd7c646254c9d6edb44dad26cde55bf2465f56b93da601262d58f75f634c79', 1, '2019-03-06 09:37:20'),
('2f3ac3abe972f726b6825719d050f7c5ad8a4897f5dc2bbd3e462f6fd9e5697aae802edbbec6a0d7', '550d318edbdb0d32216b7ebb678e623399bd816aa5a1aa6416f5e95baeba903af144f09d419faed3', 1, '2019-03-06 01:27:11'),
('2f63ecaaaf1ac6b8c5b8ef49f481c81e7d762d1adb888268f814c37d57d2cd321c8dd2224b909318', 'af66cd68f8ac5cb670b9022cf536f8af34e383784f4ae7ec01189e835084d60970dc742675ad9487', 0, '2018-12-15 08:08:11'),
('2f6c040391d89305d5e5075ae86539aefba77cdbe8839eddb2e4360ab5c17e0c1a69dae1f825956d', 'a1f3528e77d153b82fbb072ac455611dc8bf0097a7d4fcc4d1a2912ec5eb8ea3b7c417bf753f9e3f', 1, '2019-03-16 06:11:24'),
('2fada912b57156617c81c19e8dd5ea22546571b94c5ac6cbaf417030188a118a33072992dcd27b7c', '5e11e320ee4fc8217da21e3bea5a0bcf09bdd3e9eac9aeca5bc19d050c7e650b719bed18b0bb4326', 1, '2019-03-22 06:00:53'),
('303490fbca1c3ec10280826d375eca7fb8c6dadafbb97c87a2c0ecee50810246ddc3f0bccac9c3cf', 'df98fff22ede491f78fc18bed5bda97f5c62c1afafa6695733d58bb74fe01ee8bc9e4c43d6c8645e', 1, '2019-03-22 06:50:14'),
('30899f040e9b2ec46d9977b1a1b1d312eaf6371a1ede3e4b05eb2fe992a5e35bc078a3394187a2ed', '824c44845846c4fb53f7b369d0bb79e0b6964ead929e2ac0c6a8a989e3fe4350dcddba08700371d4', 1, '2019-03-06 10:09:31'),
('30b838d023fca780e2759cf2a8d6bac6c40ce6624a55a66b127a73a1190bec19b056d882d2f39c9c', '13ddb4849edba4aba7c3af34998102c8082af8124cc3682450e27775ccde5dabdfd8160966db5bff', 0, '2019-03-01 04:46:40'),
('31144ce5f529eb33c25736f8d124fc84dd0c5885e4fa8aa8a6272a63520b000fb5f8dcf25269959a', '515f4951851cd25a65e00f8c62f633681963029d9849e2695d713431b88fd3e84fcf271645879181', 0, '2018-12-20 19:37:05'),
('318a8ed0e678905e14bb4f18cebf9599fc688d1d668e4d1cc39fb226bcee2789cf05f6df447babd9', 'fa0788ea1944ddfa2f752c719b89496a8b90757148b1adfda5353a2df446d10fe1e2061b6bd7c54e', 1, '2019-03-22 05:12:49'),
('320610d90c845a1d95fc0b4b0542dce15bf274e4610b2779f67bb1cf1f49be5482aa4e7fa7d13731', 'b9d9c80c54624d6128843fc2919c03ba35c8d9ca618a4b9dde4de7488d551a2af65ad22eb2c861fd', 1, '2019-03-21 21:49:24'),
('328f74a2e96f78e92c4946b25a3b0d7ef1fc87fa7f3007ffa18fb96c8296d07954854f4577be5f38', 'f16e3038b59406e1ffb112d12e72cd4a91ec57cd9680c1706b9def2af8f0bb95e642b4da8e2914ef', 1, '2019-03-13 04:19:57'),
('334ad57b4741a7c43825577d1544e5e406c5f267bfb0cb828d689424824ffd997010283a1a9e3487', '3e98a60cbf380aa049e592bdf10ba38c3405c156b4972595446936d14c5b3ea4b361f17616c21abc', 1, '2019-03-05 21:53:43'),
('3366948d6eb5a2214d8f087de7ee8cbac4125511c5f634f0592706b81f30070dccde6943ed8c77db', '46f7f9b716e3ec06f3fd0a30ee0affcf205b7efa33a59838fde66d2109ea7126103844f0bd9275ad', 0, '2018-12-10 04:36:26'),
('33bbf51652af47225d3ee60270ac74f9624a1fe6a44d2ff1e95aa5b77aead249c4958a8a13844552', 'bd41655211e105e0ae93a57f7ff1709244d782d68f68c3760dc221f4d86710d8828d3f0b31bea38a', 1, '2019-03-21 04:28:19'),
('33c4ee6558050c2ae7c66bfc12216e7a5d654ac3753713bdbe26035c6d26c6757edf4fdeecafb099', 'aea643c1201ecfd50ef4dd09cc6acd90643f0b3a916c259936199524a02827ce39c0d9aacd9e728b', 0, '2018-12-10 04:36:30'),
('341ca469c06b77d0c9a97c0be3e32dafe0503f6a1be072f85f7001f5dab9a14f80c91e305f017842', 'c9f6c7e1129e4154029f23825e98d36ca0e9ff3628574cc41e12d95ce5791f661b233709afa20437', 1, '2019-03-02 07:27:28'),
('344b3b6b3d79a42529372d17e2b489366cb52243e98f63ca539bdce833958c0f479198dfd5199540', 'bacf20e45823797f47011c02bdda2cce68f2aab0e9b0f04acde68b9168c3224f26a4490e12b728a0', 1, '2019-03-22 06:00:04'),
('349610f0c63f3e0cf42ea9645fc2a2b7a27f409820c0e930fa5b85321ef1f554982cfde37c8f77f5', 'f3e2b0480bd71d26a3e6ac63024f7863ea5be664b4a74d966c6338b410ca6df27905e784c9e3c3c1', 1, '2019-03-04 05:54:37'),
('34c9b911e6ead3b5b57dce863cafbcab5c92531c32e99b31bef2adf7d48e7dbb2afd49c2486fbc6e', '15f1437b06b74157985c0378b931cf1e88f1b96e9c5e5a136765fa86df2e5e8fca0ec1e3607b0a73', 1, '2019-03-09 07:33:14'),
('35125b8c5106bf13d7b25201abcf24e311200c4e7360c7771cf4e459c4c456e538b8c7c8cf4c0d50', '50225cd1e013d1f7d7e2694bf9a810f347c323f1feb6c50cb4121e35abc42fe7be52f26ed806da13', 1, '2019-03-04 04:51:31'),
('359e108714f18d7964709d4ef23ffb2f1fcedb26ec1c0d32890557bee6050a96b0bf097b5c883c57', 'adff96262e9d736be9c71938802543dc8e4b155c6a84b74147856acf81a4aece9ebe5abbd735610f', 0, '2018-12-15 08:08:10'),
('35a4e91397240ecce7ad05744b9e1c000192cecb2584bc836802f404018b7fcd7c1f5a63b6d9b7ee', 'a0bbaaafa88c34a4f7366e8a0928c3d4c848a2445b55afcbe5b445bc6e40bdd2bf0bc3ba30812113', 1, '2019-03-04 06:11:09'),
('35b3913dca8bd010240455ceab51ef389b8dcd36593826f1ec77bde0f06d96edf51fef3fe7fd6392', '9d3d69e1c2d50bc0439be9bb58b9367ade26141f396f96390aa2dd7188392c6a0aeb5a8b44a134aa', 0, '2019-02-28 05:03:46'),
('369f4e6bf0d5fd504dad0e6eabd11386fea1dbbc1af8f701ec8d0306db60315c96e871b54f8d476e', '5223528ec8c0e498acb604694ac5277f5ee860cb6ea85aad7d120c0ada39a32cb39d7693075daf84', 0, '2019-02-28 19:55:37'),
('37c687cf209eb1490b0d3f8fdd3285e31c86043b31190bd005c1a7f39761dbdb4552fae9cb9e77db', 'b30834bcd516c1334e0e55c1bb0013e3425572ecfa9bbc3697c2b03b3030aadd381c27444b25f99e', 1, '2019-03-04 05:53:44'),
('38412aaa7af7c11a7e5125ca1306ccd411f611838c345de8f520e7dbd5da04f0a3d7e340ba1ee6d6', '04688545041688afff7e0dd91379f4c24e76c9aed5500e516f4eb4683e4149cf62beddbaac76624d', 1, '2019-03-22 05:25:44'),
('384c87dabb635e1c356cadb8ce7736b838b423fa79f7e84f04de5df3441f629c5583b8eaf2d3091e', '5156fae0a12a5a30510c18834e866a1adf9e5dafc90bf8a1ee11a46032c24dbabd322988888644ab', 1, '2019-03-16 00:15:50'),
('38cd1bef97cbd1c337a716faf2d27a80ecbd80a5744f4a0e12f875ccdf15018ca30c392b89684c20', 'a4ebb66412ed45d8033c910ef69052f6ad4e08bf9e471b11b29928654b4e2e87612d81aba982d79f', 0, '2019-02-28 20:25:32'),
('3b1c960335c933bb4af9b55a6f4c8996d93c39114f272d7f4193fdb7c6c49c16bcb653dd27d73cb7', '01db74256e2ebee64b89a40c90f6199acfdf326371e2a3e16eeb5e9a35d2775df508580eeb755abd', 1, '2019-03-14 21:32:59'),
('3b33f0b1d15f0490fbbcb1da60bedb36b659557260d91eb9d83c0e4a483163dbebb6c46246b61311', 'd9dff43392dda0651b5112cc9c89a74808dad2d19ee1be7b62f513a96a468b2830be6f808ba6d2d8', 0, '2018-03-30 07:04:40'),
('3b45a271ee67642db8f474c00e9bd52a7fab1f1c4018059bcf847556b93c2f780ea3854a77823f5f', 'f2939f4ce002acdda478ffd470cb598d75eb1d41823a2add1d3b8084aef6c209ad1db5752be0bdd1', 0, '2019-03-07 04:20:47'),
('3b5a88b624765582ad0fd2dfa62aa9323fbbfc57a3866fe671021473dbd9a8de08c397750b0e36d8', '2c07fd1a5bee2a2117bb4b47b20ca64a436f32c5b809c7c289bba8012d80a675e0705cc691901d6e', 1, '2019-03-15 21:30:03'),
('3c892fd8fc18b7960b6b3d1021b382e89cdc453f05e92543b14c577419dbcb7820956af7c395a066', '60d61bb945bd36025d9a76b740125c953250799932ff3da27502fb4ec9e1f9e5b247d633bc4cf9d9', 1, '2019-03-15 07:33:18'),
('3d1536ca5fa616fe4dbad6dbff8602ed81f86f37e914fab8da8b954e70ba59112a5fa0e3ecedb9a5', '12273823f14072ba9e3bcd0da2ca8a8577ded82235ec85087c8fd726b72fabee1c3dbfcf7f9672f7', 1, '2019-03-22 02:37:43'),
('3d63d64ff3dc6e34c18bd17b9e5586370722e3dad02046fde11ea2e67de74e223a72b4a6e85908fd', '135f5f68cd17ccaf4847fce72f6900eee74cd4fd7dfa73cb2fc8e28c2be82430f946bc5d9b6e621f', 1, '2019-03-22 03:15:33'),
('3ed51dc7f9e9c93194417fbb11e17876bd6e2231e967a0806a8815f718369a326e08337f0a18903c', '9856a79c4ffaaac0ec4ec59a0bd2ee4f14dcc46779bed6a53bbcb573a06ae8d45dffcaca3a5d16fa', 0, '2019-02-28 06:45:17'),
('3f88b1cd4e7eb3cab8961f81522b2df61a1ce35348d9515963e15d2a4414fe61eb6f2411d2c65fce', '767f30d1879eadd62a5ae0faadde72a9a7595f4f3ea802aede07cc017021a2b62c041ea3a04be85f', 1, '2019-03-16 06:15:44'),
('401afdedff1016825092a994df0525fa9669bb1896b4a19b306ceb95be7fd747e4258c63f0212f30', '4bb75fd066de2172486f98488cfb0c46291012f0d2f1b04fe90dd225d047cbbde76a7ce06a1b10f8', 1, '2019-03-16 06:36:10'),
('402cc28f2c76cb47d8d8c9f0c02631ac2f4ffaeb7cb74c9c7725c25364750cb864f3299584e384c8', '6d5cf4ffe5003de18970d47f236299559e4a3f1dc04e22d83de4b6300303826a15af610b7edc278c', 0, '2019-02-27 22:06:07'),
('405b2a2cb97b422d5cd520018fb96cc02d669c7f985620babd0b294a09a160f1b9324f7cdf9f5433', 'a88fbf2c9987dfe5a4b6d74200d214590931b62680992c42dc617ea9bd870c5435a5cf806d294f38', 1, '2019-03-16 10:04:58'),
('416dfa47e0fca7e1761143ffde3ced7003faf0eeb94c3f16dba9267a6cade5dfdf1ddaa18e90d13c', '8bd6b3b341879259c98a29d5a56129c6ccb6c954b2afabfba2a895c4ebefaffd04548fc253f9624a', 1, '2019-03-22 02:41:59'),
('41991b9d8399806596bfebe329ecd592caf140ffbceb57f4404523146b07f9bd9977884d78aad70f', '4aa38db0250f1ec0cec21e1c52dad3a6c4d1b6b6aac132e9620fdc7c09765fe5a487867122bbf8b8', 0, '2019-02-28 07:38:11'),
('4208928e0ad63500903d6896615e08d54dc79b5468ee1d3ef005baa84bfaa246b069438520744922', '44bff41feb8a4ea59f5481b643edfa302a9ca8e35b59477cf8fd64ee0418cdfc03fe56d6429a51a2', 1, '2019-03-09 20:27:50'),
('422e16d96d56ddf8e92ec095ab09c34d39049a7c33fe0de457107c83cb849fcf070213ef2012418b', '7c960f85b0a712970f89a5a27ae0ede1d7a1e4762a8a4a0f1ae80ff7aada7ee4184bb16d9cd0e194', 0, '2018-12-31 22:22:33'),
('42b19276aae5865707f90c0577f1a5ecefee052f64becd848a69d17789127388f365f27b91e58d23', 'c83b3fe4afe6ae698e25a3c6df5a46a4320486865704de1cf50baa1cd850a462379da7f05f38d5cc', 1, '2019-03-14 22:11:48'),
('4319469a7115b3b567bcc2cb27153a550f184ec43397cbb720256b1f6a8a0c1e030a0c69a4cba529', 'c2e532896b6363d8d6421022ef0d8c6acf2e51996f0517487062b356285dc5997582b7d0d6d0421c', 0, '2019-03-01 00:42:49'),
('433c4e0b5498697396e8c6f6090d02da75dd64b110b7767c5dc34cdf16c79bbc2a659b70d18754d7', 'd7bf6961a63cc43a1751d816daa71da60bf8c540adf30f58a66991013546086618d6cf0d46f47339', 1, '2019-03-01 06:36:57'),
('43a6476c468b478ce5566fe0f3410b937d62dfaa9096f069af6f039e87060b34d601b419d80af803', '0d0845f2a0ed80085e3f5917c1d904f61ab05c71f746c9fd8170ae3370c214bc22576cf6107d1220', 1, '2019-03-15 01:00:30'),
('43ed8c44bf0ff983302ad6c2be506df757edd50b8266bb07b8bba3ef1c26e510d5c13c3126e8ab01', '2751861430880b5937acf780420e80b287efe2850057e20dcb41018cab75386e2215d5e76806b0a8', 1, '2019-03-16 06:15:11'),
('44a0041b2eff43f2ec8c1bf2f2064e6c8fd103fe21422ce036b0b26447c14ae679c72335cd7ce44c', 'a7cf6cd01578fc873cf03ce6725d476284d3724e9811315560ad1282c82e0c611f6c29dd3a2972f9', 1, '2019-03-14 22:28:59'),
('44b78ee481152cff5aff95dc6e35730014d5a5e385ec7200eb59c06366e79eeb952bcf98c396f0da', 'c8cde1286885e7e55494663e09a2201d98a34e17f6692ce9add8d447f3b2ff90cb0d0a187912e444', 1, '2019-03-04 10:20:50'),
('45830ced2b8fba34fa14b143de592f0bd1f6a91ede53c60e439e5d0cf110d0bd67eb1ab2e4af0d1d', '60fa4ba185a00cee3365315c4d91cb041075ed2b1cca1cd03627d1aa533de7093fb4b79311164f3b', 1, '2019-03-16 07:34:42'),
('46044b3cf5d88da004206bf2f14d0fa353906ba6799b5d4c7eba956611cf8e29ba9edf8b5836e6eb', '3e790b54f13f3bef62bb211a90cd52624321ab943ab6f7aebd913bc16ac3d3fb3350905c37652753', 1, '2019-03-22 09:23:37'),
('46529b49c4f8b4eb02a3e111820ab3497facc231bb7d79e59b30f6eb1ddb4a31d344275943efa6b1', 'a74017fd87e79384f81aeddacb9e37cc21e5ee47dec340076ec705ec1fd546a92c694ac947d9fbe0', 1, '2019-03-22 09:21:19'),
('469be12958db9c8e49d05561ea571b376aca4bbdd073a073341b8724aa69f6aa26b6e15e770f2a53', '4a8210fed7e78709066a486197166c84e6be2bf68f71df7e6fee482176399f3cd357e07addd470e2', 1, '2019-03-14 06:54:47'),
('47222b2ed35656354b0afdd7ea439d7908238102fa51270c3b3da885b7d97a50c7401bcfe888f7df', '41779d3ccdf31efffe9677816c61f9828667b8bc3b8f75e4caa1401e0b3d580fac633181c00dad98', 1, '2019-03-16 06:44:55'),
('473b724c33dd99fddfa6c76092c5afae3e15e2e4ccbfa002acf72188c044e3ca76207139e7e94146', '96af2aa9dba79982f8f9909576ebfdf5f6327571484e809d4aba0a1ab7fa0d1ed26456e2d33462a8', 0, '2019-02-20 22:41:39'),
('47c4f4bd2d913d24c75100cda2722384558419aa52b942c1f2d5877a86ccb01aa6e29208ac552cd2', '8747b716ea58faf08e5162de983c8e2c8e0cebc4497dc4adc7bb44fea0a182ddf3e8331c9b0b5607', 1, '2019-03-15 01:25:16'),
('4857f26445cd56bc76e22604d575ac7be0efa5cece86be73097a7128a4fc34fb82531c9f73fd846b', '16f3f8c7878a0e3aeac6f272a1c2a604c923d634669718ead4ca18f0388630a3f027435855bb704f', 1, '2019-03-16 03:19:40'),
('48b10f1a3ea14619ed1683ef695e4e03542a1114a2ba101be8eac253ed49277edb3cfe23775b2b22', '70940b4e297cd31f68ecb6ab11b227a126bb1a29f31020dde7d4baa2b8d6011377ceda40953fb203', 1, '2019-03-21 00:35:13'),
('48bb38ac5dd2fb3688cc5c6869334754f963b2fdb91f00dfa0309f938d7600ac555fd90bbb6620e8', 'a1a8b446dcc369e870ab214fedf3560ae5df93a76dbeccfda1c0a65a3e9a28e7e2fd496e35c9d38a', 0, '2019-03-04 05:56:22'),
('492a3ae551738f7c6711782acf4d173e326b8ff8df0ed5bb694053eaa815b169f7a07c240211d92b', '772a164756e00184d2f14d1b8322dac0e57c214808cdc17c96bb0b4072a9ebcb4120331050856a12', 1, '2019-03-08 08:55:05'),
('493a2a24ba73c3bcfbd5a03d2ec23ce8e0d40dbd55ddc4f8b988840dcf3f3efc48cc074d274df46d', 'e868419c224db8bba2d74dca619d8056fe11f1dc189bd807b0693555f04769b176ad13d062b827af', 0, '2019-03-09 10:16:22'),
('4982d2bc69e475a5034b076767a7a358f7c5a25a7e6dc310e16b81fb83317cf2965265f5a4acaa75', '29bf513ba58bfae01fcb22b983fab746b2bc773b5cdef97e2f6ae9e24504663539d4f8a81be48dae', 1, '2019-03-16 06:05:57'),
('49d4b26ce52c6b51741ab45ac6286de31926685f90926de0e48165152540a81597731dd4705fd865', '339b4aeb94db2c01d0063986c8d57f033c81b275cf9c6738a22bee0495960f24c243ca9cb305924e', 0, '2019-02-28 00:26:25'),
('49d6b4079f99ef1ff7544f8a65418464b5129ed01e429450b02039c1847e493261e429866a65caa7', '51cfa97dea43355c394e658561ef10668b9fe893e03089a1f88ea77575b950383c0598264aea106c', 1, '2019-03-21 23:27:58'),
('49df1effb0e9c993fd2f6271932cdace4d1df25bdae7447cac781faecb1bea7f606c678b14cc8809', 'f0aa8a2c31a4686b40dbb8451e3ccbb958d800466360f51f6d4a496b38d078ac45d09c0457dc5674', 1, '2019-03-06 02:40:09'),
('4a6119f5aebed183ca6407907ddd9d2bc7892443a63b6afafd4521cbf69e3e3e1a12d7d14e768de8', 'bd31a3cfc96711229fe3f111cea987d8b97b2318e5b4696f190f4c6caae43a6e757a606d4c28cbc7', 0, '2018-03-30 07:11:55'),
('4a61626522ec42f8d078645ccde0bceab0f7d1cff5469dd7157cdc97165f66fa837a00dbf1567ed5', 'd34d99dd62b4be7be594b3c170680815a69052e9620fa3615d2c4824a7286fcbc9ca693ee5f51c96', 1, '2019-03-21 01:33:23'),
('4acc87ca85b446fc09db4788817daa65f2400f50c423f26c56151e46127c2b2b8b0c3a77c845cc6a', '9103ededaa25c90ef20af83bd8f1d63b872c026de8a411758a9ea5e6e6e1d39ec6e8fc9e55dae2bb', 1, '2019-03-09 10:35:04'),
('4b01e7a3063c4631452323df98a5d799f39943f6c004523d58d416c18a0c6dc7ad6c0ae4e5a11781', 'f2edb4d560b17f4be26fc963e853da14ee9b98c727db19493e369a48e62b4abb42d2bfd4d92659d3', 1, '2019-03-07 01:07:13'),
('4b377d428c3e56f852b1d6f6ce442cac8182fd6cb4116755c0414c8e9706a6b586cb4452281a9db3', '2a8e6c544465bde81d763dfb7a9ded67f62e6c99b63ea4cd1c5994b0bb6f4efb25b17ae0e0e8336a', 1, '2019-03-04 06:05:11'),
('4b47ae2f6927c6f7ce5310a55f66f0c05e2e054aea98228a1481f4d12ba871bbc21cc5bdc98d1cce', 'b6377e28250f8df6819d076bb6b0420a9318fc31c854943e8316cb307c8582f3a89bb3d4ba029d73', 1, '2019-03-04 04:47:35'),
('4b7c502e2f21dfb0b9d4ba7927cd1958f46c9735d7f52a0f1081c0a58e2193dbb4a4ae9cb3b060c4', 'e18b28bec994121dee7da43114572680e22ff0a40f1c2f996da48359ff9f6210808cbbaa7c53929c', 1, '2019-03-09 08:26:06'),
('4c2276a1bd3af5dc51a8e96463f55b2eca567ff1d2a95ffdb7c06664ab073bc39eaed3fbb6cc8a32', '3d1a6ae461d5031c59772f0fb45886761d5ff633fccebb894aa6ce8e9097243b96a0de3cee373883', 1, '2019-03-04 05:36:17'),
('4c64c6165cab92fc3a4b77f12b966c40e224c7f5b2e2652a43ac9fdc2ae15acbeae1ca76ccf0570a', '3d1649c4f0f749b53b690aae9a889c5f047e110fee121ca648339cfaecb59896ae70db85d35cd51c', 0, '2019-02-28 19:33:54'),
('4c73a18a20231a0f4646a3892bfd0dcb25423e25927b21c64f274702c29bddab1bc9ddde928f474d', 'e710fe9e0496a8f806fe4dcbbf13f6a64496bcab9bcdca70a54091b320a9abdbaa323a040359de2c', 1, '2019-03-02 05:48:01'),
('4c981a3e68f33565984fffa7abf4f11878d8f8fd9713a7c24d20fc46db3b2e26532100019c7863d8', '7f2381efb579a33595d9e5d0da09c1611a8ce0e2d78efd9bfa4fa146536a37e9b3b3429abbdd2abf', 1, '2019-03-22 05:10:55'),
('4cad39f4f348a67cb469c4365eb7b30b6f58f20459d2a6db1e7c27af86e71b9f4fc04afd50892ebc', '596a7c90891864456ea5bb4586c66de12ff20fe3d2c89b225fb1e6733cd4e8e35dc6fa8eada97410', 1, '2019-03-16 03:26:23'),
('4cc634b31c249ebced616629145ab25463a5aae5a585c7d190c051cf5b214d9bc9cccb3712b635e5', 'd40d7b63ba7d46108726f84cccf3590db6e33e3e68251d3e4cc146f868078a742e98059f923b0079', 1, '2019-03-02 07:31:02'),
('4cd81924a706f87984e9a510ce8b83c10a85f461e63522556215796adafa85a5c12cc21adb0da3d8', '4ffae9477a1a2840e4ee5e3a9c69e8a359ac53b080060057bce56f46a5c1c198efb6943156d9d07e', 0, '2019-03-06 23:07:06'),
('4d27db6276fb2f6b472f71f3a3aa0422aabe7e49bd2108179e13433b75fd2baf44ddd1adb5b31682', '5d7f7ab33036e88c5084b3337f16fcd102291769d8fc1e1b1c754089930b2995961dbf681edea268', 1, '2019-03-06 04:28:51'),
('4d38f6946b13c953d259b99aaaf81a6f527881a27385c5c51aa44faad6755e9c0fc5d83f642fe6db', 'd1c052adaf11a5ea5a9f5f57ad64f472211e768991147765810bade2fdf4d635be17f2b5dbb4e2eb', 1, '2019-03-06 05:35:32'),
('4da4ef70f309857998ec54d648bd1981af16f276b9f61e3ad945c76f60ea60b66f3d03b19ed87a50', 'ffa9385f34463fb4251237870a1e0b84326fb406fea68327a1de96b29e37d774503685196e1a3ec1', 0, '2018-12-18 02:20:15'),
('4e09ab3486ee9b8b4a4326b29b4e324e59f63f930cf28060e8123699a94dc2ff6ac923e2d3bdc1b2', '7cb1f36e801dd90fe80f6d4393d05c283eccd07b4874d79a42cc5c9440c2225a813ea602d01df723', 1, '2019-03-09 07:01:41'),
('4e1be30bac41a430ece3261924a5bd6de3e220b90e80882dc4cdc2ae5edfb8c09e45f13c4522cb45', 'fbf79179e81952b43f9296c8c3f6568e342c7ec540a673c23c4798c4e1ac7ac3d3027b2dc86becfb', 0, '2018-12-28 22:42:40'),
('4e569bd58380da4bbc2e23f018a7afc6721b1f688f762c0c6d05bd423c6caa9bd2b0c89437b475dd', 'ba94b6751a046c8348d5c399d8c265dd930d74d911b4e752d5c0dadfdc7e1c07902d19121854b9da', 1, '2019-03-16 07:27:39'),
('4ee1ebd6eb76708470081b7196405627be48c419398f3f52988dfc8dddf6ec5cc401670633d66bb5', '8b078bdc3d9ed597c5334eede800ca69000c47111b704cc330edfe2eac14aa2e5240e9e6a309f100', 1, '2019-03-08 08:45:49');
INSERT INTO `oauth_refresh_tokens` (`id`, `access_token_id`, `revoked`, `expires_at`) VALUES
('4ee87c229a5a62fc1981c455625732e3db50c5456bcca7f61e907f8e58f3297c361eedcb4bced0f4', '520ef41e80910c3858696f347adcd5f53ca785376053abaa5b15f23e9e8e2f7fa2edac63854968a6', 1, '2019-03-16 03:32:26'),
('4f8270de0edaa0e7194d4b20f4644ddcbd31199f0f3b13bdca205f6d79faf33ccfe2c389a1018b16', 'a970591817db2b8003f7d5e65ffa1ade0081e3ce73ced61c0eac2a63fd0fe2da7ad3847defc21d3d', 1, '2019-03-09 04:39:05'),
('4ff0e867c169009580fbf8e2afa9da94306799358a2756694b71d2536ae8120e26226f10f3adaa17', '4342d90b7618fde1851a2855877ba50544ba53a30e45d2d66073a605591c1bf2646d7cb200236d69', 1, '2019-03-21 22:49:44'),
('508f8d6a7b04eaf31e9e683c87051a4058f1a0c44b9050e7857aacd389f536ddd170dcd272210892', '14c7583c06f6b792ae2345717d050438f4fe4c800e8163e6012ac7410213fe87745b7199e5f4ecb3', 0, '2019-03-01 04:21:50'),
('50a037a169a0532af32d9c44c888aad8cb3ab40781839a087b2e0f4e2b787aecee7af8d0a728ad5f', '04ded44f364d3aec9384679010f932f6d3beebab42ca788c7ec66ef6cfd077c14f0280297d0d3ef8', 1, '2019-03-16 03:40:58'),
('5106a8a1f25d1f0364462fc19e6f706ccf756fb5df86d5b33a6842f5fc108734a9c0407485a72d0e', '2e7331f5d003deedccd3239c0064657098049b53b40c267734d7dc337fc3f3fe67f30a4e84f2dddd', 0, '2019-02-28 07:25:54'),
('5143cb5096ca2675ae021c3ca7b7ca71175bf28a21acbc720d766fc1c6523a20f20f6985c258e158', '86953962b212aacbb3dcc51a63bf77cc3b1c20c517253e0e4346e279e5c39d420c9df60b095caf25', 1, '2019-03-09 09:36:49'),
('516865c4e157846a3adbd982fe2d48798139c1edc7668b1b94cea96d6a63cf99d7b57d4e9be4f773', '9954d586e44c6f350ff90d3a36ab3e856077fa20f3abbc896c42f1a99c16b94787289788933d276e', 1, '2019-03-09 20:44:39'),
('51a2b73bec0dbfba2a65836b8e09881b2fec4b7d3c196c52cf1d3fc1f67859bc3d2a1a6d1f55e25e', '5e8c6d9a58a4ba077959256c0341d216001ba7389e34af871614953ff0e6000ca32d28f39c7a14d4', 1, '2019-03-08 06:23:26'),
('51e43f5698dc3e02fb37a4997809ffe950aae4640bbbdfc486f4e920b9fcfbf1c3c0c48514402b9c', '96616f2d6796fc9339e877af4cee3bedba264fe9816b0e12e7eed97434ec970ef8bf447306c053be', 1, '2019-03-15 02:02:50'),
('525dd7fac9397f9065159fbdbedc8ef701227ece63031ac84f4a3c74d5d949131a426f8e1d0cbafc', '4442ccb0cc89f9ecc51a1352f929234d345a5ca6ed62094b5fa27e6383395c7b3c480078d42aa534', 1, '2019-03-21 21:53:17'),
('527f54ca1a3fa8e5da0e60edfa8c30d876e0e1602f45ff447dc6b7bea9b8cf1040d34f70d18d0071', 'd65a510d12be0c9c38e5c6ea04bf294b8a4e74a6e059de777f2ae25919607889c2006204eb2e9469', 1, '2019-03-21 22:44:02'),
('52bd0f70cf216e5ed340068215925f1ea80e2f0d6dda46057449fd88093a1a443c14261a689a8eee', 'c190248b79104f0044f0cd424ca074d4bf4120987bd3a8e9622d9ab54a069217300ce876e953e8e6', 0, '2019-03-06 07:04:32'),
('52d9a1dae0629c97791d36bc049ca8e00fdd5c9e614cd829bbded4dd06d5998768804ae827fa75b4', 'c507b1311cc19938f461a67cd2e392915b0f21c574047a01a42551d8bfae7b14b867f032a8c803d8', 1, '2019-03-13 18:27:35'),
('535eed0eb4f250e6d511478a90d56674e8a851f2a5405cdb7f08e04e9b7f24038a73f9ffbc160006', '978293760cf55471bb9200e4a6d80092d4a23924a0d2a25600e46ca414b2613186655faca6d392c6', 1, '2019-03-15 03:55:03'),
('538609889e3c813fee69f262d7332e0d5e711534ddf1d64e705522d2dc56b9c006c9931dcaddd061', '34f0615d259b85810e1724025bc8abcc146ef889c7e446b449bd10645f84f90992b9f5d1706e96a7', 1, '2019-03-04 10:24:06'),
('53a42a7ec5745d7a4a0b4aa600266e0a10d4cf977161482b951bddebc8d31fbe088ac11ada04db24', '05cb1258a86965f28be6258813203c0154108ff26c8574131945b781717bb08e19e9b02857b93f21', 1, '2019-03-14 05:28:39'),
('53b5b80e2e1a79a0734452b2770d6c328dc1d81db293e841d3907239f9f8aac97b32dd9bfb367eec', '66fd7a099621a276a1b810b261f21995af095d2d5603ac2531a47be591c5dbc5b65fc9efd8709ebe', 1, '2019-03-21 00:26:39'),
('5450dd15868e2b5a2b8beb74b2ddde5223f5a42a402ebde6de598e6546061d604cae814952d5a21c', 'aa68faf50931c22915ccc72788e4ed89e56f6a50f0b576d1fd80b24fa9fc9294fa3e330cfd00279e', 1, '2019-03-16 00:18:43'),
('54f9d8c4a51075af1e42dfecd46855298effd78b4ad613fe843dff86903ffc79d36c5314b0f964b8', '4587f080dbc6f4543b96d1eb98c240271d8d32e030724f709a7934dab4368f02c2fca7c084076c6f', 0, '2019-02-28 06:54:25'),
('5513137673ac5d9acff39505f8f84934926d527061c7ee142b5a5558e96110c3c953c1a20994fb42', '9a0452c2f14ddfa4311ca19fbdbf71d3e365136f180fda3a235965482ab0e226ba500768fd9b429d', 0, '2019-03-01 05:02:11'),
('551d0c80ca1444119f6b9f8ccc8cb14d85293a0b48e50b9c6814aa3a30848d53f0a5d7c3575054a7', '91330c567f954a836c90a14e9b4a54f599e9864fa62d332e8f854092b985b6f268f884aa3b283136', 1, '2019-03-22 06:49:35'),
('559fc9bb94c06795af025ed5bee0b85321820ac95a45c56b93b7a4da4c47a86f2bab281999beab9a', '0806f821cac45d4b95e534eebd4c6b13afdd90da214b0bfefa8bb687fa7005019a303faca423b23f', 1, '2019-03-14 22:22:29'),
('55e0f92201b3f7098a64f17dd998bd2f383facd9c00756a678a0358c2a7e7761dc9e16a615fc4bfe', '8812763cd5c3299c0c84720401e7c7f550bf775a8871d6b5d6608ae8b5924a728f8938c2fb325a43', 1, '2019-03-17 02:48:23'),
('563c0dfa64f232f7b291c7bf0d47aef7a3c397a25516f639306429e69714fe20cde75ec36943ce1b', '755fac97b6731d9946e583d6dbc0c8138f72694f920b55230f3eab302f520e48114da9c18e7ad43d', 1, '2019-03-14 22:25:09'),
('56565e3d11b3e0cb65a10d78cd4b3ede4c80eb8f14180bf82bb9fa0a5739e6dbb9e57e965da288ca', '2765f683459ec24dc55d1543fc707dd9e8e7758940d65d04b4da62d2a33eccdd0f0b636120d61712', 1, '2019-03-09 07:23:11'),
('565dbbc0a523eae5534b1c3b291ecba4e506c3814294bbd4ba5a202083b9a1656ab1e29fb2bc0ee7', '557b569c6463eac844bd16e38d02cec67705183e3df61b93bc9c94ec70611a874a93ca588f2d73bd', 1, '2019-03-21 23:05:44'),
('58345267d3c9a9c88a4687b4921996c400f11ac6c91c03a05abfaf7cff3312d9b04c0e6ca6131f2f', 'e23cf326bcd7293ad53066c37163b2ce31a93a6268d706f2a1bc7538247ddd438a8aa60891128cbb', 1, '2019-03-09 08:56:40'),
('583dafdab1e508940a19648e56d833394bb8d7f0aaa77b095ec2c1fcba17a7a98c968beb10a55b77', '52d7f041b1c7076171e6a2287f5ecf43ca31d36a9d975a40c00dd24878dbe9035f8e067d284693a5', 1, '2019-03-04 10:08:33'),
('58641185e871e72e9ea21e289fde0cdaacf9e7bf3aa93e981486a20c9c7cc12d11dcc6e7674fc2f0', '306d12ce47bb243fcdf04d35c0a0a4e981918fd5b3b444bdbf485f507b773c2f496f6c2ae7b2e001', 1, '2019-03-23 00:55:31'),
('589f995b4f51c38d40362af44173e33ea83cd8bace03417343bab3390d9487665ff2b278d9772a6b', '3bd5fc504a256bbb6ebb90fafe326fbeb7866a4c2cfbab92006972209df0dbd5a73d6835f7a9a00d', 1, '2019-03-01 05:26:28'),
('58d3b6cfe3ec59294ebf8194d2009d73bf5bf64722a500cd79a8104e9095e0e9c4c2796c805e98b3', 'f78b307ddea8b22a3714b8af86267ee277abe3ec6a510d5b4aae81816a285f5a418a1e5da0353e47', 1, '2019-03-16 04:27:51'),
('59317c1f58fcbd6a2a62e9e36e5aea93fdba77f9acbb020d8d5e3f4b7ffe07b75d228ecd5623f676', '302e780367b62efe55cf43f5ed77180480d63c00ca9e5351863daa7fdc6570ee67af94b6081974da', 0, '2019-02-20 21:13:20'),
('594c5eef37c23d869c32b3367cad753dc6543d541991bb0eb7e870954d86c1d346d6d68964e6899e', '29654285689d511e7c9e9794fd1ba820e9dd1d279c115603ef984509f2a45d0cba3aa1ba3eaf2d3f', 1, '2019-03-09 09:33:09'),
('596b82f8b04720f071cbb4cbd577ce475b406159821f9b0d558ade0fe6c3ac1ba6cb74da00d2fd0c', '44669b0646b9f5def3596334a3f8053d33ab0a76878e2bcbfdadd630574e32649e3901cdff6b84db', 1, '2019-03-14 01:57:39'),
('59db4ae653ac423bf12d8576eaed75a71948b911c5b2090b00a8c2806b7085d1f9c0d3f607363cfc', 'e76e95f824a46af7378be3927e265f27df554606b8d4c57986237c7ea42cbacab6f4fd8f696a7514', 1, '2019-03-04 06:12:14'),
('59ecac3256dd6de1c81695da6b803aad2d86f4486f8c7713e722a5beaa991c5d4e7a80957c426417', '21b89614c0dec1322b7f9205088afd0b2c6c3d693203a84785bc61c2c5ad8237fc101f92d89dc0ee', 0, '2019-03-08 06:29:35'),
('59ed168f97757ef6e16d93fde546367e1fadf8b887b7b941d33ec2a20a766435d6c8fed26f3b3b62', '817d56eec57285d5fff62a3e71d2c3e604bab24482f5f68d9e9b9c91273b61f99861dbf1a1a45736', 1, '2019-03-14 22:04:45'),
('5a03ddf6c13872dcb279822d553b8f67b287af057627a037dff72588cba4958b3ee7e22acaa95bfe', 'bdf4c1bc45d5dcaa94a6a7fbdb6917beb90907874a9d0b9fb0cbccff67b617ca61102bf3822c2077', 0, '2018-12-15 09:31:04'),
('5a31b0a8eb7ce1ce890a17e6d6ff46c30cfcd0c93aa2190eb8b3896fbc903c31f4b861f22e90298b', '5992b6780b425a7288b0439c122f71e202865b9cc272cacf99d49dd39fa6fa940e1e6499354935d5', 1, '2019-03-13 18:45:41'),
('5a671fcb6f468217ff0bc063e55c75bc4cbff73f7f6cd8ff35196197b2ffcb514cad0682bd9bdc5b', 'd921bc3bdc7c8f01b2d8ca23537e9df9ea76621f3b004790cef5d0c342472e689305d40f0cfd18e2', 1, '2019-03-14 05:50:36'),
('5a6d6ec3ab0efc04474ac68e8c386e4f0cc4a3283a16e8d5ebb481febacac441d1135690148155fa', 'd5f139bafef7e7d006f828c30042f661cd2b090b01a45f8c6c4a6728ec88371d758de61d4f1f5934', 1, '2019-03-23 01:09:22'),
('5a87b809f111cc3d6f9f880c60d029f2faa94f61a8b617f0f6283f7ae7af7c22aebb2c4c585a4bee', '36e77d63238cfd47c9f65d9e8f29431495fff3e8749b713c164f794619fbfbf8d29c959348b2bbf0', 1, '2019-03-22 09:57:54'),
('5aa624ab99bd6d0b429e6d8200a4fc621e2abba52f05d1bb277c8869f82a66671dfac9292c0fe630', 'b7831ccc6abd4dbc7ef9715b0cbe72cdb16b9be5adbe32f7197cb36a486c0dfce5b016dfcb27fcb6', 1, '2019-03-16 02:38:25'),
('5af4c240c06f956152b07820991c82825e329108fc825318777618880ba976051414321a68096e39', '81e8f940c914dbf34a72aa827200b10bc4cd08b0ac1bf516ab29937b713c2769c92b7070917a5e5f', 1, '2019-03-01 05:17:38'),
('5b016f39fa7b23d7aaf2ab0dcf8a5f7502978505e740d8e86598c5f3c95a3e8c17d2888e1be45a9d', '96d9be080e2779370d2a53d1a48e8abecbe963aef523f0e3b283234abf84c3ea782eb353b1f1a57d', 1, '2019-03-16 09:19:15'),
('5b125efb487c64da68b01f7ebedb0128d5e3080d0b299b359d2e0a48d27778b372f5d662628d2826', '3b09b95c14a20f1b78f6d12ca4db47e6b0ae762452bb97739ef01a99fc458fae189ca234a728f469', 1, '2019-03-22 05:26:02'),
('5b76c3969bf5fa9961680a5c04d35bd69bb8ef94eb76677606d3a2789fe673a7e4871ba5c6b3494d', 'b00a8c2faaa1308fbd8c0bce222f483cd1741d0b5a4bb318a9cd06626f60aabb1659aeff4464e378', 1, '2019-03-14 04:32:34'),
('5ba48bb2e826dd2e6e5aaf2270dcf4e26fc8d3fadb2516792321b41673d1b32886fa03ae2c999a1b', '1403163923fd3b07def2d568e198388f141c48b0966f5cad1ff50065badf518e30b9a997d4b57285', 1, '2019-03-02 07:49:33'),
('5bb3bb196253368bec5ac3724a432147a09224836ad7d183df38b83572604dd0af35dd0c98a33705', 'e322f6fe6b5d419b73d44e8e75cc1007e7ee3094f23b91834cc2763bb2f9f8de6950bb68bc7afd59', 1, '2019-03-16 08:14:36'),
('5c34a44a828c231bd241bab474e1951ac86eac1365300fc15e5155c77e6a2c5fc3b046e6ee62d633', '4b7c85138fa59af88c6bc9a779330b993361e1a854e14f3440a58a35cd793a78d166981dba070c32', 1, '2019-03-21 05:57:54'),
('5c5b267066815f33fcba4f1212d3b6303beefcc10d986f9ff004626e87e95b46bc69b21ba3367632', 'a0679cc4a244dbc003d8e709e545563d2669e97bf43e61e46aaf3d1c483c88c4691191b7ad6dca1d', 1, '2019-03-09 21:29:10'),
('5c789014b75eb41e917386d2df9f856ac46b587c535b053096ac8fe48c273b5780392fc7ac80d594', 'ad7d08c81ede0ae89afe50ad8d88923f970cfea4b1aee98a52b57e5494d3db842a98f9478242fa69', 1, '2019-03-22 05:39:58'),
('5c857ec3ab9c71cafec9ee71b0578fc988af70a82e7f065d22960d5a690994f51a8eea50141c1e40', '19d1b417ea7c2d17be23de935ae1b4ca836f7655e4eaad46738718c3ccf4f07711e169c32cf31495', 0, '2019-03-01 04:49:23'),
('5c8e71c2463636de4578c8bcf2f9fcf2bf45928e338fbfd7eaae0d965a6eb3e4b59c8500ddef58cb', 'bf45e1b08034f3a7cbfa5171a02a0b13ffd0689f02c07abfba9ccff9753b0051f763a74924e3a7ce', 1, '2019-03-15 05:15:01'),
('5ce7af2d9a61cdad30ea0ac8d94b30e4a1048a925b31ee4424a53b164f6666008580ebacc348f06d', '78dd5de3c785b69bfb1f54f8e76d66e0cda0d62f2848775618811845bd4cb259c1a4d395603e0673', 1, '2019-03-08 08:43:18'),
('5cef9f4954f3010867ab04a57f5e64cd4f846eca16d1cc805bcd06ccfeeae7aea0d0484aed8f002e', 'a06bc2283d81b4079617cfc0491a1593d4f1ba47d39f6b4670285e26079cba3e1325c8c0d07fba0d', 1, '2019-03-14 02:58:17'),
('5db1692aa421fb4cac5e6bf8066cf29e204642dc162558b67216407e7b6528093987cb642128b431', '7beec30e1b05e0484c46b6496f9298dc776487345260d9d2aaceb634ebd929769beda3efa1fbccde', 1, '2019-03-15 17:55:33'),
('5dbb2aee09a086e50039b3fe6717748bf7a1d826e1cc733523fbda0dd75ad57fa699d399c2f78a02', '2e5b9ca1cd0c4f2d86f9592b598f53cebcbaa8ed51d6f217d7447cbbd0af326ce3095492a3426769', 1, '2019-03-14 22:31:27'),
('5dc12e60b17868a25817beba687794b582896316869180a9226c0697f1159f462bf1c0fac889cfd9', '6574eb4f76b301a213301a0abe541777583635b94811708b958025d7d01f526c3fda6b6b8319e808', 1, '2019-03-22 07:11:07'),
('5e529d1280360ac85a460cade42a84c92a0c720cc1f7164b91430071de4adf41c2b312b5b1183ce3', 'db7ad2cf87137bcb67629eb34ffa801114afa1286e8241826a26c3d3733fd852f90d0723672326c8', 1, '2019-03-15 10:39:55'),
('5f0ce946bb507e3a520cfb4dda95af0e6026a02b3ab5b30d36b0dff2a11694cdc86ed72dffa5f63f', 'b6f924d56f613b0c38638df7b00f70079fd50f70a7cd09f6586ad5f5aa8453e6816fa3950b8e3466', 1, '2019-03-15 08:42:28'),
('5f14a1cf266dac94fb2be1aa3a064c10305f1b52ae58b3985460f3752b67917d66bcb77e2b5ed55f', '8906dc8a861d33822f312eff2cca329a9a0052b2e557f98495b91e6f240cc81ef0d59f02573ad95d', 0, '2018-12-10 03:57:42'),
('602808b899f1d9a7dffcb3d5670c85ac4e3bbf49cf898f4fc712568b99a49746e23bb043a0633847', '681d3df8a7445d31ad869f6278cc1f1ec084cadc6bdbfa1444e20b15e4df77ea289895a9dcd747e6', 1, '2019-03-14 22:20:50'),
('6030d5f7472c6e3680b0d7b1dd02b00822f57230a6ce69dc04c631b250a45d31b6557a7cfd2af4f5', '0cde6e31444d62b318f8ad4388f44fcc08cc5edc45cf477bb1e87d8189ba5f3d1d4603e1b55cf090', 1, '2019-03-04 04:53:16'),
('6045f444c222de4a52250791846d316d802a5379dfd19ca98b0d1ab5e20a9996482d746ff240a6b4', 'dff2f7cf59d0f117eea0ad9f99e40f8ca509b68d501bf12f49002e1f9de93714457c4e521e7674aa', 1, '2019-03-14 10:18:55'),
('604d960dea271f6878571f002637408970e01a390cb20d81c71a16ac76077708a9455e3781e048b2', 'ab19e1a2420ec2b2e84f9ebff70a74a2bad07c3058b97b0750c1e9e337abfdad18f263ba973d7e36', 0, '2019-03-06 23:05:31'),
('606736fa0d43a100f93512990235b6c27becce57ce02f2b38e4c046fb378f0e76bc5cb8368dc9462', '0e062e4e2110fc9ba190d4485ded8f8e4085da4dfd19963999f761f4bff72ab13d8e55e40eaa884a', 0, '2019-03-01 00:17:59'),
('6089e3531eed438b5c40477cb856f58a80f4e2b694c313ea388f0d655555e170506a8ff56495021d', '893b840f433c5744b09e67b23028add36cb573b84f310c33be069c35023e247e0adbfa160f660958', 0, '2019-03-01 04:11:21'),
('60d8ea3b26fb4f40370af415668e8b10ce9ae8d203bc5ebb2dee8978b299fccc162d89cdbd298af2', '74b71df83f5ff13dedba911854b9552daaf87bb1d268733607098485233e2f38e0cba84cc9cbfcb7', 1, '2019-03-09 08:14:47'),
('610845bc18d4f3bb5755823c129b50612a900981a073aff5b249b9809b7670d08a26855632f1c64e', '6c5222a96dd3abe306a7d5c8e18792516c2d5c32f3ac886525ad013f426b205b74a51cafc7c3c8e7', 0, '2018-12-15 08:08:11'),
('61239c9a56b31831bdd12d3f0befc948b2883f03da4531fff58eb00d9e725fe552394593f58ee254', '71223dd1e96cf391a9e51482854a7321d21999449dd047b540e80241eb0392928585bb5cf53e08f3', 1, '2019-03-09 05:41:04'),
('619138dcf2c728c016a34f081cdffa4658cbb29874548f61c59216f37cadc7318df12a03d2e79ae9', '9ef9265331a24c2fe3d6784dae9b50c9217b19f32c647ac65bba54f0d03a69df756ffc532371c87c', 1, '2019-03-13 07:27:45'),
('61c39981bcbffb6e6faff7f688006bed67bad24f86443184a3299afd7a02fe7cad8b85e22f287ddc', '185b00f673c96336f6e48296741f048022a6f88387cbc840363f622a0b7900c97dc72e8bd284425d', 1, '2019-03-03 03:50:09'),
('6217871a3ffc4516498568fbe1f3b1b805f2c1631704fbb12e33b51badd67f39b41049474a780ed7', '95758aa776adb15e9ddc467ade95a929e32486e2a2cc1a0904811347dabee5d2bac1299ab0ffb443', 0, '2018-12-18 02:16:51'),
('62318acf05853656b2a756f1dde40243769fff2fa46d3355c6f7d31df286a471a85e73020be58b9f', 'e4d70484497e990a642265052c9756f6a64e1af9382a9ad8fb220baacde1457772cc4653ab7bee37', 0, '2019-03-06 07:06:43'),
('6275af6ef29f49be231cdd4af40d1a79ff61e9667b826051efdca0c6f0350a8378e9a81933496797', '8dca2ba249e99bb9e1b52d737224da93c2448fa78ef5866e061cbed5fa6635d02523545b0e437fad', 1, '2019-03-16 07:26:30'),
('6275e30fe70b7e8acec5a087c2e20ff52a3a1729dbaf08082c0196cc42ea62a2a88bd96476b5b10c', 'f76fb1fcd8d7e40abfb763eab3e0a5000cb8bcca4d6eccfe5a62f3c7ed9fd980b705cf8701337e6b', 1, '2019-03-15 08:28:59'),
('627e01e7480ebfd3638698961fb43fd94fba98781b059b8fc9a1a3a0306678a78259213d564a0ec4', '78a9a0395f351ff9eb34df83a2e28ff0ec31394373b130d22d5483be82979b885ebae47c12456a47', 1, '2019-03-22 05:44:30'),
('62a6509847ff44d2043f0c990cdb5f158aac5e4c5ea1d432f829361f68d067f9aee2028681763248', 'b13274db9c0081d41ec0a66c4aa3b75f72edc31889aace2369072e32359d6a01858b93fa51109e49', 1, '2019-03-22 09:27:31'),
('63189ede952d1d4692e53c3a489b78dfa2619f6c4a331abea5acc4109b98bc2dc1aba65ea6ad5c02', 'f7ffb45e2c85f11e1faa4a30121c60450f1e255b2d22b7aa24e92d163d16decaf26bd15f575d9dc1', 1, '2019-03-16 03:56:31'),
('635b0f31458e818587f3fe15733b987c84be830c2cfbec2d8f94c9af67f3f58b33216f20a9409d16', '2f82be0664fd69c385a2dea7ebe946892b52695e82b588c4ee9d6dd48eddbe117130d2fc1957733a', 1, '2019-03-22 02:27:44'),
('6376d4a12332f60901823bac8e89f62917bb96159968b6bef538233eb57efcc4c3aa8d3189c46ff0', 'a12fbfaf0111832ab813a7133035e9a08753b23e47aed17ce09a21ca48fadf44d53f02277bccb9f3', 0, '2019-03-13 19:36:18'),
('6393578def517059d51d0e814c3303209e1e3bf02ee2ed68309deadac5c91a452b501974e7a226bb', 'ab93aebbf3f94c217becaa5067426387f42ed852ebfc68d47931f0847ac0218e1a0e213ff2ffbbc3', 1, '2019-03-16 03:18:00'),
('63a1251e76610a572f27f178c82941df0a6affb1d4d9023536a9a051552dc830a1166c8d53a471a3', '9e2d99180c3fd3ea8eb5967ed41171a0fc81604b9fedfcfe19d405e74f74d05a5a24cbdd5b4dafe6', 1, '2019-03-06 11:45:33'),
('651fe059ee29f331d0bfbc0e7278f1daafed046cbe769179aea5139e4085a00fed37537102ea6e00', '7b7ca18f225b130eb4d464d7cc97961e443eea5b894f6f3710d811b6840432f3622e3d0e52385686', 0, '2019-02-28 05:56:11'),
('654dc90d68f798be602ef0d145a74e88696157a163ea0c9bc02226bd2cb39982473496c37d70ee37', '275632b09d08c760f31ab9a5fc2e2706a27f18f3f26dc7159827041b1bb7ccdbfd8608e5377bd2b5', 1, '2019-03-13 01:34:55'),
('65a4df66790c98af068b8cff5a0d3d1080c041f3e880ddf53700b87204fbea57f25342df41e57ce9', 'd2d713fec57a222d31656856f5d9f2656f5c0dbaf42b413513c3fccc22ef6fe140e7b8a5c47349cd', 1, '2019-03-14 21:47:56'),
('66a4547af98cda23e9b28a48500a97648fc9e9f2d18deb4ad44ef88436ef19965e0bc36df8fcfb02', '500f99c9b107d3540b6f4f94982849f554c0027f1b3820589bbc5a2b7f2910891288a04b2fc2b2ac', 1, '2019-03-04 10:43:17'),
('66b56c10272e27f8f6f0eec70cf1c2c5f091ba34a68b66a767f032d51d945e98b8467b2cf4bfa69a', 'bad7561edd375e68e864e0b5eeb778d17038bbb121cf81bfece14557fb29518a26a2995d0e49fee8', 1, '2019-03-01 06:37:39'),
('66c03364d070dc19438ed8f855c3b7a761a8431f7d40e539283de18d3521d5d7bb5917c2dd404928', 'c79cbf3d7c5734f7ca8c9bc20fbd7ffa450e6c7aaf84ef6ee93643ea59c730d8d80d27c4f7d25838', 0, '2019-02-28 05:11:47'),
('66ce498cbb17cc311c6ce02075e57a1bc239809056bcf068e07cc673333c7b8341341501bf3b645f', '31a211df98be9c8cdd3efa4e7cccaffc9534b2214ecf90d043a3348638b394cd630d6339d21ab92c', 1, '2019-03-23 01:26:40'),
('67326d07027e5cca4521525ef8f64df05f636e1aed582a7700069d0d77bb39171d156112b5b81712', 'd55551622c2409e22ae859ee750996b5d0e3bc56dba02c5dff38fa29d3b83393a7cd7e7f2a3d9ddf', 1, '2019-03-01 05:24:33'),
('6755d63dc21ff8d1df5b1eb6e10b7c37ae0828eedf0471bbe53edf8feed08db4f39a0e27f2dbf00b', '1c5792917469a40591ed554cd5e56f254b79985004d0f5b53a2bee5dffa3887366af20834800a17d', 1, '2019-03-16 05:05:22'),
('677801eade2c65ebfed3deaa3394eef31e7c6e7858aa5616c8aeb18f13551822ad2d6141b9e99552', '741c20d868c78795922a0ad141c09ee6c3d87d09bde1d617072e24e43bcbcbd5e9306f05e63d268b', 1, '2019-03-06 02:44:26'),
('67bfea0c3890a15040ca61f8f7053b8d9851bc7b9ef3011824c3956b581382c1e9e66d90adb4e0ff', 'ce3686c9578a9c53cd39e251ce320bc81638c78eec5fe9f61783ef0b2045e2fe9ba5bb00e26004c4', 1, '2019-03-21 23:21:27'),
('6809ae0d58608800fc0e41070b3037f4461eb543c320df7c3bedc9114e2ec1d62ff5835dbef9659d', '06dbb54683871b73183e4c40098e870ef9a7fce204982faee343ea558a98f2042ca6c3534633ccae', 1, '2019-03-15 05:23:39'),
('68445c2303b9ed78d9d2c3231eabb99a829a94dfb4cb3769544bd1bf9137c4c62a20898a7faabe1f', '596b455817aa1390b0b55d524bbcf1570392d55a14ccf59e9971e1d0d11aff430f3348252aea723d', 1, '2019-03-02 07:29:31'),
('688609d7e21b12b04c2a9425db907407f2352cae522b6fd980d76803c6ea840f73ccd1c7c9faf2ed', '1e16e63b56ee0341c63061b09676a3b783ac5c5411bf0bb87d81df39f08ffe1e3d0873892007e71e', 1, '2019-03-21 23:25:38'),
('688f2fb66bde254c29370bc99943a7918a5880fad1fb4c39dbf608b3ab12aa71f34febbf694dd32e', '76e3b5f7cb0b026cc0131fbc1f96d75fe23d2fc3973669bd8ee57818a475bb339c0baa1f526f6c46', 1, '2019-03-22 10:02:00'),
('6899d287da86f1a75f44eb889cdb66bad7c5b6907eb4c312180d9cb7adf3eabd5b95eb73e3dada77', 'bcaab98f6a0c66b63384aa8cdca54736dd87e486dd3304956ab2721eb9c85c49367ee950236a5c85', 1, '2019-03-16 06:48:23'),
('691ac89d9f23994db2d531bb3814366f59da187ec1f9b9bc49a8c98e8f88e5e7afe4a38511eb7c60', '2a59c4b5a65274bc7fdc95c5443a2965185de519cb4f59e530682ee05c4f851601d812f2eb5bbb8b', 1, '2019-03-22 08:00:51'),
('692d6878d7f391747b6cf4d692c70139898eab10fa2ccdc640feb0c54056290d0ed58338d5944c9c', '092a448a124d152b2c1a5a398db67bb2a916b8ff429a310c7c77c1d74acfa927f658675411d75dbc', 1, '2019-03-22 05:53:57'),
('69cea73ec1ad2572d383b3282027280fa6de0e9c19b25b1c54f3e1cfa68feea531d8ea8dc2c2f67e', '7ea859c68eced65141bec64d734751033978a3ee249b49d1b388f78fd05ddb651c0856ef8a37b15e', 0, '2018-12-20 19:52:04'),
('6a5b01b49875b3130417075697cd77cd8f538194f9f5cf81f6929b8743cdbcbfc67f9d6989e6f093', 'f920ba7cc9ce89cdfd8bc144494213804bc3ffda3fcc5a05a26281e9840a6009f053a0aec834eddc', 1, '2019-03-06 01:52:25'),
('6b19ffbb2cc040f6f53e0e9f0ad87011f364fd5cbde2177247b395adfba062c0ed052ff89684209b', '78ed68cef274ed517b592696c08b37d73243330a882ad499d27b08705058183edf7ff81ffc5fd4b6', 0, '2019-03-06 18:37:02'),
('6bdba8921967329ef4b2437443063b81829116ff469ee482afde9a7440878d6d6b94cc215664b93b', 'fa54f19d9961eed45a09d5cbe5f3a08f5967b80474279a13a91856dfda268e606b445486e3fa155b', 1, '2019-03-21 22:34:37'),
('6c5e09f04eb0b65a7f81be95d2fcce7304ae02b0c18f79c7304a1f1a607c30df94fcf524c5174902', '2a3c163b4b7bf76ff5b4bde30bbf0c65bcabf91a24796ae718c5d89f02b494f840e63f7acadc2409', 0, '2019-02-28 07:25:50'),
('6c838aa8b5eb0dd966fd4a1003ab23f87d89be509b5ffa6b45d966d497f1f53358bf9a84a435f92a', '1323c27ad4615ee4a43d472d379e59abb528b51de4d8bc187c4e9db8ebc6e62d41baa9754f811a33', 1, '2019-03-01 06:26:07'),
('6ca32789846f0da02cd46403e2a8c3af0fc684b8d7d3ab44433d70532abfb57346374c8e782bc622', '88979095620cc808c1736b97501f838d2da1ac9dbcd5fde8b8998cc2b992f03c01202c7b2285b300', 1, '2019-03-22 08:02:48'),
('6cb4efe492b0b92ed5f12238de6c7261785d3dd1cf8a64745c7531807caf671b268c2a4f1710a287', '14aa5daaf63f28b14a90993d91aa91d5a23c9aa92b8271973caf9badfd16d8ecdfce5fc20b79fe3f', 1, '2019-03-15 01:40:06'),
('6d8c7c485c33ac9918e06e890e795963f69727ebaa3f66abf470afe07a0307b01e3cbf3e5c39e0e9', '41a3494f44d955f0cbea2c3a1d45ad1b9f6ecbfec6edadd9b2d89c96c6ff2503966435f6de5e8b14', 0, '2019-02-28 06:32:54'),
('6db500197c2dc70f287e10647a64401608a08c15bd7287976960caf691ef32b9fe96ea0e704a6ce9', '061a93c0a02d769598e7699031a30f2cf178baca174a6853ea2e4cadfdb2a91bee2b9655028b709a', 0, '2019-02-22 21:30:11'),
('6e309383f6746b7bf1a14dc65c85ea2d667cac5ca2ffdeb46bcfe6ba573c6cd47ce271c99cbb5455', '4607b9da183e8ead5f229c022b7e32554810bee0f5c9bc7a2f23ad1f1e921eeed45496128347650f', 1, '2019-03-16 02:12:52'),
('6eccf6bf89f92883e2c741495bc896fde60ad95745c77caaef2585b652cbddb91607697a77b8c565', '350f28bd02980e6cfe16d8c27bad4d29f0575e1356c0dce6861946b04d4b86b54d34f8861f3c2a8c', 0, '2019-02-20 20:42:36'),
('6ed4aa6f02e47778b72bb4a462c205db65ce5d225108128b5bfed40b247b60d3ab0b3ab3ab1e792c', 'eede834f85329e41122a43ad7f5b4a9d832f08792583cfc34455b7395e26ac7d6c732779a8396ef5', 0, '2019-02-20 21:57:31'),
('6edec1284d1de1cdc8c0eef024bd179a086a87940bb44dee9bc5953f678edf40a0a5100462a0c8a2', '557c0055600f7fccb4ffb147020bc811854d85581dac6b5c8dbadd1418e01c5126081b085ef0221e', 1, '2019-03-15 01:38:11'),
('6ef646c42e24a66f45c4e469fc1d872d09213ecc7045fc78b63f5968775192b443e69b2e8f845e44', 'afd9ef11acbbda777b6b82f17a2bb1e99a31fb3d8e341c9ce370b351bcf60d05406ae9a1e600f517', 1, '2019-03-02 07:31:52'),
('6f396ee391018a07e4d7c91f6da6ffc0c2fae1f2113bf1e8fa29970f78dcb30e3b45df50d0fbd22e', '50c6fc145fb8544bf1d403cefe169e3577c6ec143e883fd598cc48846f5e4d254e59a27e1964d6f2', 1, '2019-03-04 06:09:25'),
('6f47a429f0d9fde9c94565b96bea2e86b4acc7ba14037e5d8257eda0e931e6fba36dabdf9eda9d9a', 'cc58b1b42ddc614b93917ba1a8dbbef10995cfdecadf5699fe5e868aa1db190c0c54de53ca073b83', 0, '2018-12-31 22:52:48'),
('6f87acd28b8e90f1919c265aeb053bab7de6ae63664e9cf44c7a1bcd0929fc873537dd3627d7f0ed', '38677428e53abf2e1765a6674d9991c05e48bb8221dd45fd0999635dfc8f71514b8b99bb60381d12', 1, '2019-03-22 07:50:40'),
('6fb8966c787a29834c60fca4b1c29e7b68cfc3e5334cd25019beff33e197d644060ab4efeec2432c', '323d396e42aa0e79ca57fdcaef23d2125eaead5625be87b948b74cf6aa15561b5c6f068c4cb28419', 1, '2019-03-16 06:02:55'),
('6ff6206f97b55f77ddac196539cfbc1b60676bbb3e5a084a96a497f047b4729bdc5b4a5715ffe44b', '7e3691bad4bf10524f515e39165f911c7023c718b3c418d8f019758d7670d1d79ddb687d8745d8ac', 0, '2018-12-15 08:08:05'),
('704415bbd1ae43dc4703d318d8a51c921a79b273fb3e76519a6d7865506d8029c49adfe019e45248', 'b85e63f4be31b505c56ed8ce7db1e94375932276c9d9bfc078581e87acc9f3bdb09fa7da21220680', 1, '2019-03-06 11:42:48'),
('70e112e22079b6ba9ba26438c9b17f88e1d45287d8bf6bb90baa289f64668f1b9cf315fc6ff870de', '14141581d39a7465c30a3371299317131c388f8586011cb483a3bc82bb9488b11f20b0c2b5cb3aee', 0, '2019-03-01 00:41:22'),
('70f5fb1e6364e231d3d2f5bcf719c818bde7ad586dca6ea27c9ab03b69ceae42384d38e0e9d80fda', '98a10e26c1d674e649c406398ee1b0e7ebd03af0aba3ede836fa370b242560e3a6cac9df99d9d057', 0, '2018-12-15 08:08:11'),
('710e3fc91be0c95393bf49e9979d9b09323091ffe619cd5c1de95f89434ad675ba3b75704a53d1a1', '5553d01cb70409d9e4457064ddca2aca2a7170865562c58cae2979010bee1059d9f20b57caa5f5c1', 0, '2018-12-15 08:07:01'),
('71bda9a937fa6c64fad2c843fda4381a646d7f5d7f83a4bce4ad2fa2f8448bca8093f776586d7c22', 'b1cf855047a222f26a5a2da6c19b33d8a3921fc76054423e75bd9169f3379703614418c64336da2d', 1, '2019-03-13 05:08:47'),
('72b951dcaad94aa70b57245902fd31de6ebaa70602000530174fb225014e7a5cd2b779d41bae1d8c', '662efceb63e92f0b3ef34428bdff49b64607c54032bbba7281c3f99ee61771939199690e53372d6e', 1, '2019-03-16 02:37:47'),
('72d53637a955505fbecc13e07dc90d827afe9511a58cc8bba26821dcea1dfdc8e613ab5e9489e702', 'c20bf0d48a17dcfba7929d570dc77e7f2fda2cfd3949d11ccffe18a362eef98223c19c9fca4ff160', 1, '2019-03-14 22:23:01'),
('72e5fb7d09a14051a9e40a6ed793eb7377c8d148220263fac1577fdad1e00f8617517bb293bc78f1', '963e0e421cbecfebc4282362d142ddb856b49867fdaec001359a06b533499712c091f5704a83cf91', 0, '2019-03-16 06:50:38'),
('731ee28e3531c806e28abba53681e21af578e3d15192f66fa1aa756b1bede4bec79c723261b5f581', '884ccb4f8afd8216d7cc81fb20134a3323f05ecc9840915f89268c54f2164de82a02d24b15b73235', 1, '2019-03-09 20:47:14'),
('7363fa31e2b92d79f79cce06e8303123476d153346186f29b1cc96ba1e19f6eca8b914a25ea1cd72', '49723e5e18ce005337f408c73aed65283bd6ce94092a32498bd35219c887305ad46357ea0bb5a6c5', 1, '2019-03-04 10:27:28'),
('737737e589d31070a04aa058fba5ee504d1489dc68fb70f655792f67007d3f0e1fc8302cc365be79', '24f80b8b112ba8a134437d4129b5797a03954b0694dce3b019cd8e1dad357e0bc7cc88592817736a', 1, '2019-03-22 06:41:29'),
('747459992ceb1befe8019d9091d8f3869fc6209d2e1c8ecb094474b612bbde1fd68cec69ec53a29f', '53b8b349714823c4707d98b30d59d3c2de00170fa3c2234e2e31689a4656fa5d002d49e19bdc56af', 1, '2019-03-14 07:14:24'),
('74c6877cb49e56ce9016cdd6140a50c8c1f20ac9465aeb14f7be5cec2e7bb210dd73a1e23f04bbe8', '7cd166dadd6f5d597b2cafa6eeb0876d53ae0178b7459ca997a89e9847ab908d6200a9125053e1e6', 1, '2019-03-16 00:37:00'),
('74d4a6dfa1a808f5f8523194c29b0087908dafd3c4c6bd1e917e4e55681a89d2b69c2b7c989678d3', '5d06ed8f119a5413130acb61b957e97984f7af607a14717662c267b747714838a8b296ddda2896ef', 1, '2019-03-16 07:18:00'),
('75160137a4e51c364f8b922408e9f00e5ff449c7b495f00dbd3b7633d959af0dae5a19ccf3a3a157', 'a323982829763d6ec92753095d8cd2046fd48d3f7263a0e09f3f6ab87b604287325fb1873140f012', 0, '2019-02-28 20:14:23'),
('754a5e1e6ffc8daa5201cb8248544a466e14520cf498b8bd94a50babbbfe13aa88b2229cdeffde45', 'b5ca58a33f17912ab8d8cdb042ab8d2aa05dadaf465774256e4b3aac8de2f0a8d1179306cd40fed5', 1, '2019-03-09 20:49:03'),
('7582693a6e86e7df9140e6fdbb52b2b2cca6b17f804e67cc4cf95ad37ac5bac90013d10ee60d806b', 'b8ba69b506999c0f8f8ff76c4cc6f837529be10566a028b7e0ede321e8d189850baabf711b397fea', 1, '2019-03-22 03:14:43'),
('75b53e3f59cc8a5d8cb0ca3935f0fe78036f743fbd1480ce223db8b5ef49bdf7ed5272bc307a1689', '5d9381365755cc739bb8c1a5e46d8b075a1d1b543532e3fbcb377a13403de822508efbe1b2d04d2e', 1, '2019-03-16 10:18:43'),
('7624ec8a6ba51f743597fa3bef3219b6c46632e3f71572e73f62183a44dfb881693149fd6f1ad07a', '93e5955c2bc26f948869062a6c6326e83acc6038c4d4cd2358184d33875cc6fb9f7ec9c5f1499369', 1, '2019-03-14 22:35:08'),
('764dc5409fbcc83db679eb32d909ee05744a65d10e4851eb07d9fed56c3e342af7ab8f62f12be36d', '21b85dedda9290699a9703c5f2edd0af6329599dba02b4c3a1416cbbe25b2d6f677e2795e9273cd7', 1, '2019-03-14 03:22:41'),
('7670ae2f6a9608d17625242ab5a571497a5d35c0bc8e097507f88064105eb8cc0f46c8c3bff16038', 'a93c411aba664034919921ad7fcde91443fc4fb0ce69e1a030f17b4911c6f69e0a1351ae06121e16', 1, '2019-03-14 21:38:17'),
('769852c4542a8e09af4d1eaad1a3eba7fbf02367a517ec3bda304b8088a4fd9ef1e1dbf2e45e5ca7', '32dfddc35c684b16fa535a7506ccc58f90ba92e524093b04b588146c5564234baba8a5ce13ec2182', 1, '2019-03-15 07:30:05'),
('76c3836b690b45f9ae7c1cf976614cef6b26cab96c02a440e157b269884e3ab04861fb0308d70b18', '46c2f716d7cfea9e6fa8d437a70cd716d008deb66cd0c14c3320f292e9e6af069e48a477a4cc7d5e', 1, '2019-03-22 05:41:18'),
('7704863cf3cf535394882ca1297c9d0d12acc8aa0f6e3088b1fc683fadfc40069c174b70d5b87ae4', '502a93e8b4c1c2d5554fba91fa6acff1d86a94b4a01d65e465b413e61c4e65c553bb5108ef0394e6', 1, '2019-03-15 04:01:55'),
('772ebb44cd2d2cffba39300c49a2824638afeab0e7d196fa535205f03dc5c551873855f6f5e3b61c', '6481e5d2e1276ee8592771167d9e0f1dbfb357973442fbb8c7e8d73ba9625ec3b04a9dfa40e8c867', 1, '2019-03-16 00:38:10'),
('774e2533d82af778622d0b7554de879c3f08224778b5f30700fff2746ddd1a4481b5bc2557938364', 'a330e8e5ab2c48fae5ff9acd3c2342bb4eb08e76739b753a50d42f6a45f98e247b351e0f6068fe1a', 0, '2019-03-09 21:25:56'),
('77a2ded259c28d4c96e9deace4e7bf95f4978b038f9692c31e8335bda5d7a3360feac3817d7bc7df', '7fb4343e92f34b61944957957db9caaf811292d2bfd79ed35b04396a3080bb47ae1eea7a40d60ba2', 1, '2019-03-02 07:57:46'),
('7801f7c0978b2fb5a3c2c3026614d007006239e7ad6d37f32be5c45cb750a107439e1c65a15bd7f9', '972c7537d6e3bf04ce794c97100e49118605ba8b2fd9acbdad1a67d487171e9fe31e0f6ff40a8b35', 1, '2019-03-02 04:50:32'),
('788e1a8e815a31d372810fd7527e6a20898674505d0717e311dc254c130bfc3e86e0f37da53be3b2', 'bb1017adf6b86ea263742655545d8d4a578f8632fdc1622017eded504bf1e7ac6fc7581e51cf7fbe', 1, '2019-03-09 10:03:47'),
('78f43e3c2121a820555f59d5727a53114b03f4daafb3b2583174f07ba8b15c6373e97597b4d395fb', '54c06848dd41e06e9fa88cc99e228ff04337129750f80873640815e4f7c40f7533ba3014bba38689', 0, '2018-12-20 19:32:54'),
('790cbe4b2d9f3d0a8c22d9a4fec7e95236187ec79a002cd955bc2729ba9072693b7fb305a1e117d3', '3fa520cf6be550c15f10ad470d6a16b4558e60330b6286b57a81aacdffb4fd563686280a253a74fc', 1, '2019-03-14 06:49:22'),
('799525948e60c0672371d43835d8d69b940a59ef6725d4b4ea6fd9b0a7d48c18a22c81a1d980d272', '12a9bf279bf1a2fbc32c4fb9f00b3ec4a6cd20028bbfc7dd2ec02d7986e92d50ba2449884b9f809c', 1, '2019-03-09 08:42:46'),
('79aa33934549c27628e4d4ca09b0eb013afc6d86df14c4e90deb333d8345d85dd3cfde870a5fdb16', 'c6fda6596c9b754efca1ea6143702a5ef47d50f80f9c5c6f4e5db1ba2ba32c7365026a3af1faadc3', 1, '2019-03-16 08:49:36'),
('79d8fe17a760fff3af9832ddfaa84a8e5e796ebbcdfe30a647b8275a33c97d6793ec9dd329d918b2', '6aff310b41f19bf91441cabcc9db50ca7e27e3f9a2600e535b629bdf8a6e71ea858f6c7883c678f0', 0, '2019-03-08 06:38:36'),
('7a11cc901076f7278a679795f2cf7ab48d847e113e79acaf343b236473972bf23b3e38165304f023', '64c0d7f7bcfa8c6721ef8be0257916f168f793202ffa56cb6ff22ac439056f486ebc1445a9abd2a0', 1, '2019-03-15 01:43:00'),
('7a9b3ebc529e2231d01fdaff7e0f3dbe2fd00c1707e0686e642ff0281201d377afc8129e93610a76', 'f3e5d29865f41af04fcd935d591c236aead15f272062367e22aecd8d98594d9c1011b6138c7363ff', 1, '2019-03-02 07:07:24'),
('7ae21822bb832ab9e48dc0622f995ed61641378ee8ecac0fc18f3a7289ffa5a519712b9ba01ee9f1', '5967dedbd4b5119991ec4ce3895844ded4807f7200aafe2626044ffffd0ec1fa84b50337de1cce0a', 1, '2019-03-04 06:34:25'),
('7b2340b0cd4cd54ba228467398e4a95b588bd5c1f9de08e72b977b4c414d67f44aea03517e0fedd1', '2fa1ff5c197efe7e595cda3862dc529cd2fe2811321010916ad3eb32f2d4c736b827040aebaa61eb', 0, '2018-12-15 09:34:09'),
('7b808fa658766dde9234234dd6458b6702414e2119efed9baca88b26854ef77935a4dbb41e1b5a6d', 'f69987c4e39b1c65a7c6e232d9feb1d2980f1a5a1eaabb1fce9e3179ab29063f7e774727af3f263e', 0, '2019-02-26 18:27:23'),
('7bd31d04d1cab366407942a69650b928fa38753dec38ca3e99ddc822011cf2f6e6d95d033ff6ba99', 'debc87dbb02c5f575bdcbddf142719fd562f8a30cc7accde45611b92e99bb9edd3a267c0986ae63c', 1, '2019-03-09 05:26:05'),
('7be1d9d0e5c363bc9d0630ec7468b51b5631f8d36e89dd9df97533444d1ebf23243accc50d1f327d', 'a3a717ec1798ef630a6a47386f82a6ef98d613ed6a0be79be247f9c8d19f8c749fefa1b4121872f7', 1, '2019-03-21 05:52:07'),
('7c3b7dcd2ba93b7ae3ad306ead3045c9a8896524db1bce8a303cd04821adbcd369eb731377bc908c', '4f8489818f3e44e0179487649db87b948d2a01b1fb7520399b941b4aa0027e1f164abbc201984100', 1, '2019-03-09 09:50:06'),
('7c3d7e2b191c3898df484cf3ad530a9e22a497118cae88bf3fe1464250305e92ea9c509e0a406e26', 'a3dcf7cf0b070cb03270fcda0002771856f70c036a9bbed382529f7c6ce8f6e7bae434f1c79509a5', 1, '2019-03-16 08:00:05'),
('7c40460ce34fb221f9b25571a84be548c432edeb164eeba45d062071f4569c90e3c83e5e2eb85804', '2230e4c0b2a42400e70cf8ad4ed17dc901dd9f9e2b2e2af09f1a594e4cf339d2f2bd62523de1c4d3', 1, '2019-03-16 07:03:13'),
('7c64d151919ee3ad3e72f27a1ac47d7dfcf75338fb60d57cbeebe5d3225f832112fba40e8bcf9bd3', '6ef1b2a0bf1f15b3adbbc426cfa305629b1e1bdff557796e629cb8303cb0a104b3dde0beab9af754', 0, '2019-03-06 23:07:03'),
('7ca5ca6867955c88eeed519e15e94a1a1982cd315a398ba1fad4cc6af3126646867c3ca02ddcab4b', 'cae44aa931f5351c182e860dec6bc009899bb8277007225fddc5551dcf4fd1faea634915ea4d40c3', 0, '2018-12-29 17:48:00'),
('7d021c66d2b12fce2a21bff0e502f00eca5f0f44553e19d38ab0d45015f0cf0847ff8854d219b46d', 'b852f37c0e4b3fa52af6d993d0f25053f7794f865bda0788d8622788d271984978a1c0854a0986ba', 0, '2019-02-09 19:26:44'),
('7d04300cce86a9948d7e1372036eb50c3ea5fd77132eff431a3ce82f01098482215675bb8c059bb2', 'bc2612d8d1c2db1a4299430f1244129ea6b7c1799c017d4d25ec535314f7b52ce678c671ba4bd022', 1, '2019-03-14 06:19:35'),
('7d4409df0bc3bdfc5140c1b0df5b563dbd75b9b77d05a23734b90a62f6aca689e94040d4e926d048', '4e25859647be16178b1849763e4a26c667359060f59180ca559846cfbd7e9fe2ff06d7bddcf2b951', 1, '2019-03-22 06:16:15'),
('7da7e635ec8ecd780d4bc8904ded58d3cf8adbdf25247b0683edba5e6b924a05796f06b283fd4063', 'd820e90cc9014a3643f1923af57477e01e40acae047d002ad7d8d487c79874b56998f5b94b880947', 1, '2019-03-04 05:52:00'),
('7dec263b09d5e9b47ea4bd592b783c66f846dbb13f04fc444c17f28838e3cf938bb0ee5151b77d48', '8c914265f26f0eeb500d194e627591c040d24d3b95cddd289a4c9a933074798dcc59a1d6b80bbd90', 0, '2018-12-20 19:28:53'),
('7e171ef93df8f5cf080ad43d8b019e440f41457b4a8f7c9b329fb3b665241bb2e177044d4e4a233a', 'd5346acab6787ce7d5f0d25430d2faeba9e53a54f1fa8a6dd53619ed0697e54615f887bc1c48ebaa', 1, '2019-03-15 01:38:55'),
('7e228e5dcbc16381e9ca7418727ebaca2d146ab91c5ed047de9ee9bc4ba8ac1d2dcfa5d61f7d4154', 'a3b8dba7fe35cfa1c197998d89ef1a7344487bc48ec14f0ecac138de1027972247c4494a42557ff7', 1, '2019-03-06 18:33:47'),
('7e71f45da51f24fc10466f15e86c1f98686893ceee85c70508157810aacf4999b8e51083746bca5b', '6eb2afc0ee160b6be98b0808bd10a9041ae36479dd35eb48d2a4059957cdb3217603644c446262cf', 1, '2019-03-15 06:47:35'),
('7f46068845d1b8c38369b85153238e4829057978c5ba1ea7924a30288b04b748829134102f85c6a3', '67cf76263874c34fa37ec113b1f3879301ef1c94c33c654399f334edf44fe58cf63048c1217ef09d', 0, '2019-03-07 01:08:52'),
('7fa0e74926d08a5849c5fd779294170686dae2ad241f679296d0047821934c963da03a6039c4ea3e', 'c000b8525e7d3cf786a93fa707c5c3669b70afb6218b0984ec0695d39974b760403b8fd74d58cfaa', 1, '2019-03-16 03:43:49'),
('7fedb62d66b84375edb2d62348d0a3a55c6dafe85a23a235778dc5e39c91842fe99294bc5adab9b7', '5ce189fd594186d010e0cc81fc30752959e502553b3c0e8c6349466bb5e4714e8a0fe454b0ab001a', 1, '2019-03-16 09:25:41'),
('8026cc64c61994d92276a41cc2c979bb53b11a8f90225830ca1c391c0a466354b81a749458b30b07', 'ec36b87b09c4c1e6d1971e0573bbaa5ac738008393377512ae8c705a4a9464ae12ddad9349039442', 1, '2019-03-17 02:40:41'),
('80e009adcb6b56ff73f3eec7c98943ccfa4d57b1ea15c50c9a67c67bbec242b6578f7f4d3ced7f05', '5e122c8048dd7b98106836748a898273137b6fd04b32fe4c864630b5dce58b208ab2a480e73d4574', 1, '2019-03-14 04:53:10'),
('80ef3efc7ebadbb2a7c90c1e0faaac599b2c987e2720d1e3010dbd1005f3b55f5cac2436b0edfe8b', '7f3d1c877efcd533185a42786012b707ab172a706fa70f228c13be2e851f55962322ffeafa4efe0e', 0, '2019-03-08 07:00:08'),
('80f479963a34016b1ed9e68ed6009387ec972a29fda0a1f54318d84e2690e2cba22d3b07f896f852', '7477586330adc52479e54bbf0ed3ade18ef53f2f7969939ab9ffdbef5d312c7462a960902a392df5', 1, '2019-03-22 06:30:37'),
('812a44e0de2438252c42c0c18a93c2a7ede33ac190faff5e829412599906e3927d4ef16d4ed1a8a6', 'ab0eb491f66c2819133ea0a5a0795f94363a91ae7d12238f555935c0838c2a15a7947a71813e4c16', 1, '2019-03-06 06:43:40'),
('815192c23ca384ebd89df99939218d216bb2809e6d7698a2cec359b7187d56196ede5b3c89cd197e', '953fb67dfb237de852818ddf19a8d1effb90a23ba083c00b43861ca206260683a916f019d725547e', 1, '2019-03-16 03:47:50'),
('818fa5a2e2734bf1443efe86e7800b118f2ebfbe1b6c82eea524582fc488debee2f8897b34276b84', '9d86af984c6dec7d27edb4f41f9da49fcee303b5857585affc0e478fb3b56abe582ee5731dd07fa4', 0, '2019-03-01 00:13:47'),
('823df5feff68686e10d17d1e083744bba4bbf02f5e66be4769cc9ba5f812807feb25b8791ce7fcfc', 'd52b6883043e39ffed806dcb0ac7d05651b06ac1c0cf42cd9bd074bef5f90e67f77a4b46db257735', 1, '2019-03-13 06:41:51'),
('825dd63f160a8f70bec3c4430b1951c6c88aebec6d3106924a4f33a9d50b0eee4a9892ce0df02861', '816b59750a0f01d29eaa8ddaa307e06d3af052a32504869cf147079c418627e9b0fe966c934b0c86', 0, '2019-02-20 22:41:39'),
('826b68af204f51d2380b4dcc5b77199cf8f5e8dcdeb6cdcf7545e577b6482c79e1428ff7544a6053', '2aa84bdf16f1d556763ee69a486a9c80d7398e662ef1cc1f4c7166e16ca8076cc7389c30004118bc', 1, '2019-03-22 06:12:07'),
('8283eddf0929040ab51f2ee6081d71331332a593b1c4be42262bff06f94baad4949cb19fa4adb9ab', 'ea45a2929871e90835778b4b72ff0f653570d6d339d14c8ec8e69aa2680d55a4680160ac73b4b706', 1, '2019-03-15 04:06:29'),
('828c1241969dbc5b5454072b0110107827d3636c970e264030c3c47ab060b1027a2de2956a0ecab3', '951fe379fa9bfbb4812470100a256658aa4e357af07e83b2ad57a64a5d168d1f890f371852b4e7c8', 1, '2019-03-16 00:19:55'),
('82aa4d1eeb39aaf6f72ee74a1878caf04fb995c675d6db836e85dd65f4aa35c834ba91ba77f26c19', 'ecc45168b2eb2576f54553ef114f65569645232452ef1b23d57e31b79c0e487b2b2e283cbc2fdda3', 1, '2019-03-06 01:25:57'),
('82fbb8945143f6c8b93653829b5ee1cd4e4a90bbbcc7e5f7b9d0ffd840912ef1ea261b5b4278b0b0', '43826ea23bbd12ae64a59e283c98d195e1c0b1945bdc2281e8d291fec63924dc354eb2b663d58df4', 0, '2018-12-10 03:57:34'),
('831ce880cb6d1d3873e353812aa2cd46aa646812fcb9af525d701b7a042715ba6ccd226b7536db9a', '28513731673fdef54f635b2e3d1a11afe8ec841b2484c03d02e50e91b812b15b4ecdc83b1a3fe94e', 1, '2019-03-14 03:09:51'),
('8364334282a844e2b18d3505b64a837ecd21c9ec4469e5eb5c306a8089b820ff5f8f9192c8419ccd', '76a56ae84a9852e9dcaf1eb475af722285974a736538dae189fdff5a7f818634dc3f477dc6934e16', 1, '2019-03-01 05:33:05'),
('83dc43b81d3331be059c0186e82d0896a0780df3df9e92fa85b3d94ff050ee5d8b1a5fb67f208caa', '31387372452b6d999ce2b17b6eced339a4c007e7cd3d6a166754937955a72051278ec513267d4c4f', 1, '2019-03-16 00:22:16'),
('841b9f4d0b49f8454075c6f6ea5442e1f0a13d38496548fbdce053af672afe543c86a5db16e677fd', '7c4ff139ebcb314cee49e13d3c398de4250b158a85d47a5fd26b8b786df2adcf8e61ed3e0e91a4d6', 1, '2019-03-15 10:16:38'),
('84c171374e99a21847ffeb94a632317428f2135cb9d38a5aec18fef01ecff5d91a8c2ebb82b54266', '65bb9d08ee85b81872e31e25314c159e355b470f14d5d48ab981cf30244936e28ab89dfa09e007ed', 0, '2019-03-01 04:50:52'),
('84cd34864c7165588ff909bcfe4181be789313cd7a3e96ea991d65a1804462e101cf6039997194af', 'dbd97b8bce6070bd9f789c59eb1e44d79a6ce0445c05494f6c4d57c12e42ea967f6621b0be1ace11', 1, '2019-03-15 08:24:23'),
('85376078bae52aac4160b641d48a7133f71f72bfde4835639f896ef816e242b00556d384f2fa9226', '5cc3e78e9256165bbe8c9fb15ff8eb7c670086c0c774d3c8bdb012e2504533b861c02ea0eaa3d139', 1, '2019-03-16 02:59:59'),
('85ee809f421049e3633a29d2f4e48c99f08a72579cbc057de7b0f074543537c66a4d083164a6750e', 'a2161f131c7b0c25b3d6335b12f81490f227e805966685d50b9051b5bb89e5e0765d9417b2a0e395', 1, '2019-03-21 00:29:12'),
('8656362ad8a84301b115871516518ffa4caf4f834d9f6bdad0b78c9d7ed6b42a381d7751d9c55637', 'd535894f410f593e1bfd111ddccae2d5161acfcf48af72c0758e435537a7ec97a61c4b9022160b14', 1, '2019-03-16 10:21:34'),
('8686f94dabf27298132936cf71b8a71d6be7fcf5e16d318d9402b8d3d5d61a6143a579d3fa4f0e9b', '283d83f14054a09cb5330ee7bbdd23965a144cd9827dd525bdeb97a8e33fa7ed3aa23bf9f112595a', 1, '2019-03-22 10:04:44'),
('86baa3abcdfd9429587fb6671b4ebb6b1e3bc27c851952cf91d708a3fe885edda69bcc652f7849ec', '48d7efc56eacaea5745711a24a2ca71b82496958770a05f3c7f2fce4b7a148edef2483d2c70d5f1e', 1, '2019-03-15 18:00:04'),
('86f166e46bcd6a812e92d42bbf5e2f93d9b3925430a035e3732780a6889b124887e55f52e31ffe1a', '422edfe15ce5a6645f41d46e06559b67b30d8ccccda10a4359743dad77da4e19907dc02e190d1bcf', 1, '2019-03-22 07:58:51'),
('872afb5d290891eb7b3fbb839d81b0f8c7ada5daeab553754bdefc6ee809a92ad59225f097e61df6', 'bf1f4dfb45e0ba6f862ab09ce9092e0ec827c2b2674c7b2cc15e0c60460a65b6b6dc18da0fc1fcda', 1, '2019-03-13 19:35:25'),
('8731ad5afb42a708c9d0dbbf8a0f011f8b3a387b3671e6e165e854deace620ac7792fb67e032e9f6', 'd124af8f0c4c4933529eaadea9f3e17ce7a77af25d5f88c5e6affce72aed195b5202cd1f0da2dda6', 1, '2019-03-13 04:23:44'),
('876748c800e21f45cd2abb9575f5eb64f7706a6ab72e4b399f19efe9a7bb8bb92630b9474d2af2f7', 'ed00be6072c2faf3d040b1e108900478ca488a36e7a9a9b1e344cc06d320468f5473eeb2f1f69de8', 1, '2019-03-16 04:32:08'),
('88004586f34a01434f621aded3506b07bdcefb30b9a0c76c4ce11595ffc5a9ecfbbbee2596e108bd', 'b3ced67558e3fe02f65e21ce922ff8c9e8836e6992ff9e04432fc158fa12a4882fa6c7ea1c0fdc9f', 0, '2019-03-01 04:47:46'),
('88cd7bb24bf22b50b485c030a4cbae5dcbf46f9a24ed0becdcfea6341f8f59129bbc5d805021faae', '422e93399c8675d94985bf533de83d5ff86e3333ec9702106c906d52d2c9b5e7afeb0c6c6d6ce546', 0, '2019-03-06 23:07:00'),
('892e5c9d957097bf52ebcc8a5b58464659f8ad8d0c9af3e4dec4ee76906e43563a3de59f8831d086', 'c0002381f73782ca831d7ab8281643e6ceed51cd1c27ddc4ead52db51804356739467b3a8b178747', 0, '2018-12-10 03:57:38'),
('8a34ef7755cb0d64b3c4d86a8ff78ce6f549105bc4ab2c65e101be1ddd6268ac39f947f57a0f535b', 'ee56b0a721dd5a118394d042cd0b46f5c0c78c3dfba0d90d080993645ba408c12aad103870d33371', 1, '2019-03-02 05:13:59'),
('8aaa26ff4e011d0ee8c3345043cd2cfd4f80c982cd216ce58c38d26167b6b4504ceaeb95f45eac51', 'd6e6c01b4983069b438081e9cbc400dceffb15f2bdd0f31dce85d05c0fc09e0847acbd608d381446', 1, '2019-03-14 03:58:57'),
('8bca73ff3f0527de3e79f39ed506106de3b1f51305e31e6c14a7a109725842cc68a1c3272f092244', '4aab69eaedc7425a3db29ac0d54c0ae19fcc3db4ba2122030c25add10b833803b03ac91689ddf808', 1, '2019-03-21 23:52:06'),
('8c24b3f77877203cf0cf82be016dd1a53dd3c2bd37679dab7601ec995814a2cbaa100320098ea617', '9e15a0d5a0ed3bf44de2eaccccab5e4a94551e2964c42a7ca2ccbf20a79947a42a4bfce93678ee84', 1, '2019-03-14 06:53:56'),
('8c835316e253ecdbc6b046dbe4e3aca9ccbd0bab9b6cca0292e5146001dc9e480d6e57e29d45a2ee', '977e64a9689bbe0ce0c173691dd83460ce1a2f43db88b04df47b52ab2dcf948256a8b14e30398a77', 1, '2019-03-13 04:06:00'),
('8cab94753bf92001e8e5f4b1cdd1de89b5591a179f9d0b5789d359697251289cee4d0d09565aacb5', '67a4f3b758e3bddee965f81b32afae38a8803ea19d6952a3d7ee867bfc49d45b5e776fd2efc15236', 0, '2019-02-28 07:24:08'),
('8cc90076379742bb1f6249ef19264e3dbdf7f698aea4a65043131767a2f4a3e44f0edaa5714b79f8', '546ab326a724e2581551fd5225d2bd207acea00fd701dbbb81c8e6151696be04a3d1bc932fcee5c8', 1, '2019-03-16 08:08:44'),
('8cd33e1ba2021e7602c889bc0d3fb7c5b7625cf2c039db61d721c82848c71e38cc74f6a7711902d7', '8509352d0557e4fc505ba69c8e2a06bd2bd0d6f7912244717b140d53156447118cbb9eae57055c00', 1, '2019-03-09 10:06:47'),
('8cddde8b70825cf9005c6462b78c4ee8f44d30fa4bf668735ec7897319d6cdcf81a187bedea5a179', '86558d94aeb2a9b576937551695bed0cebd746ec19a6e60e7622a16d9d16f7884c6839c64858c1dc', 1, '2019-03-09 04:48:30'),
('8d29615a95146eb6c293028642d160fff60e5410e006942eb9db1c42582a7330683d92a01d61ecfb', 'd6f6aa49440835f600311a7579573af804374fa6fea3418fb64dd0c5444ac3e5fdb965b91efbd76a', 0, '2018-12-15 07:27:35'),
('8d6f9375f21a5c3298c19d284b979414e2e712ab4f1aa3c9513c2cebc48d31cea74749a871a6f0f5', '09823473b8d9a4a0c39a890c2f59a1d1bed0a1b68687be6b1b47ed519c1304913846f7c61b608f2d', 1, '2019-03-16 04:23:21'),
('8d8cb2506e649b8dfb62e2947c40967101ceb3d61c9e2f085f44c42c63c722b076b185de0b5407cc', 'ff3a595cd442af775d15a5d7808c3dfe359e3b5c953714648b759b11d29301cdc1718009d47d0d6e', 1, '2019-03-06 04:48:06'),
('8e064c16ee866b29c886936a0b8363f07e732a2ce7529ee721159c64bc10c84e6a39527d864791b0', '86a00391f56196d7d112b7cb6cd979b4d955283dc3a93754698953d3ff8d614ea1c4ac1f23819ca4', 0, '2019-02-28 05:11:45'),
('8e18205897f52bdb1772f7d5398fab51f86d4d2a0e9bfff4e32c3b4870c5551b7ec7e404ddba6d33', '6c27df0398a703032c92a6b27ab99a4e8c8c8d7a0edf6ec973a52ac8c8237dfc4a232f7c688cb380', 1, '2019-03-15 21:33:56'),
('8e1bb0b776d856fae68a471e200f6c78e5ff13f43ffc448cd0d35e92194f9ddee62cab788e58dba8', '93fa15ac3ded0e2eb482dfd2b2249541d62da0debbd9788d6b89de647778a05b9cb4cebc8be0c772', 1, '2019-03-14 04:44:25'),
('8e4a1f3e77c32472e5204e21e12beaf8c5eda973ab2f108e3e0e92feb57649a815a50d28b68e8d84', '9a332e5f2bcf3233cde030e4e6505366e566dfcdf5c217e2ea2d8c4358a9e8627a5cf37a25472eb0', 0, '2019-02-28 23:45:07'),
('8f2c439f34537306ad40e9a350107657ee09d1e869e4b8c6ccf858665524c89df930c14d0af09841', 'aca7ff93902368067361dbf07fd27d299861a9c9cab86671083ac876ed02a99597c9b60957e27879', 1, '2019-03-06 18:34:49'),
('8fec10a800c748d44954b36a1adfdf34cf707efc19c5204acc798568510e7576abf131918c913dd8', 'b901ecc8a3f0a865064cdab3bf63c183d0c996e727d1300bda14eb18c44ddc9dce064852e21157ed', 0, '2019-03-06 22:47:24'),
('9028caa9e7866250596a187b46e9fdda92b9f2d549e57eb26a216f44b33679f77c519d140252d6f1', '26041e6594ff3b97c8551ffdb6a10aabeede7e992beb900604b16b5b585b3814b31b151e7868de55', 1, '2019-03-09 09:44:37'),
('90445a7c02b6c6a0b42e1f838ef44649e98a47af3735d29b353d1d8ed4e0284c416d043450564838', '3bf6aa2382c3c4ce035c9f8377c7e5504401acd7f26fac2f6dd616ccde7c001d106400c371c727bc', 1, '2019-03-06 10:15:49'),
('9046b88d0ba4a5b8d85967686941e74deb713978f9a886fa545b5f7ffddeaffc6e179b5656bc4537', 'e2152492b162e787128b738de2ba8320ea3abefff984b48a762886bb7d6e0f5a849ba933c89311c4', 1, '2019-03-16 00:23:02'),
('90b6229db8568a740f33bb1145cda66b4831859f7bdde8aeced0e68f6680718c5611eba2965bfc9b', '3e04775e4ebed322f53de0111daee7d51abf8237de8a4d6a1c6d1f8a116db7b1d8d7c34f0bef5317', 0, '2019-02-28 04:46:10'),
('90c2545a82e1bbbe7636eaf6639fe79cfaff503c24841cef57191ccebd8dbf853d0bc3100c9a860d', 'ea4ab7d2dbd61b416dd112c442405db640984cde84dfa497f5836ae27eff6a2fd10c326874de275e', 0, '2018-12-10 03:57:16'),
('911cc4b675b9e13e11cc8572c98912959df1c158f6096aa6e7270d1cea5bc5a7548cdac6b44139a2', '55e4193c831c5e2394fa2f93034997f297df8259915f4c7484020ddb541f2b0e22f281e2c5c81b5a', 1, '2019-03-04 05:35:45'),
('912b893b1e6c734993e2b6482ec8d25756d73b9b3da4e8bafc92712e98d2e32d50f9070bbf475636', 'e43bee2e1a4069e4e09f8dfc6b16e6816608249877f9416b22d74caef71127ec594da291b78c8179', 1, '2019-03-09 09:20:21'),
('919658b00d7f7149441d0d65169b7af64374838b0663bdfc1048df30fc28b420415f800d1152628d', 'ae0ddb6f89e43d2d0b4d17edcfb7a58b2de1b21bec549d4fed47196a4c20f1ac12767c316ea37bd4', 1, '2019-03-14 05:48:17'),
('9243b2a7aa5270001930d238b158bed9094836da1115badec316463215b84942aa463694d75815f6', '43e7c240f4a627e5433a564d3b0fcc1cea1c664e7a70513c8a006ac4f8d86fc093486a04045fa078', 1, '2019-03-08 08:49:45'),
('92e6f11b1afec2d86b788bee9debf7858c17fb201c314bc10fdf2a07dd83bcc9b12d57bbc45aadf0', '0cee51b13f78b893dd400fb94f068ce23f4dd46fd0fb9e429d97f276c9804d7d5983aeaead9468ab', 1, '2019-03-09 05:40:44'),
('93369b0de8cf9bd1dd0327d57ff8825a440205aafc98bcd133f56ee04a6399fc76341306d75ac752', '3d3e84dae91edd91beb358ebbe819c063190aa0a72a7b0b875544315a1c9c03c6f7d649a6f407ba8', 1, '2019-03-06 02:43:23'),
('93ec62a02bc1f47db2e99c08eb029514222fc74fe1cc4e65c910550218ce948f077e654922331227', 'a79dddaaabe7a30418d9b47d7d7e398605538389b896cf323a5b9ce5931c8b1ba9df371b410cc43f', 1, '2019-03-06 05:03:52'),
('941ea2999078a3f20d9f9a75e941bd960a8dbaf73a8e377408c0fe940039588f6be563c0566d295f', 'd5cb6e071f696527f6cfb7e9f089571ac2b9e1f8e697cfb0a14a34f3ce34b04c58be7229b79312e1', 0, '2019-02-28 19:13:26'),
('9431ca7f4e31f6c64746fb06244eaaf50c3620c05c2c2933088bfcad6a004a7a69f9c7e24cd90a28', '7c529c7ced95bb4c4bf6b381a08ba4b864c66ad38bdd82f77be7d7174d75a9cbdf96f12c70f3572b', 1, '2019-03-04 05:45:16'),
('9485cfb1feb49f1e940b741e6dc1181a65899967cadfdc901b0ea9c536c2219f9714fce99b225872', 'e23a8e12aa64ce0bd6ea3d8efaed0eb0d7cb139cc86e049b5cd439e0d0bab1969aecdd84b93dc050', 0, '2019-02-28 19:45:12'),
('948d3b5a59f07100440be51f476d940e4a4708ccf78b4e33135ea9c46caa9f2daa2db93e547c824c', 'dad210d828b2db923b967415672016d857b7e34bbcaf2acd16c23fc5def9ca3fb9c77b889d887e41', 1, '2019-03-16 00:24:43'),
('94ab9b03a73a49a4e759eeb9344cd78c0fc9f56744e39fda7a5263077982cd064603db74d6e39cfc', 'c59bd4cb86ee014bf3980e5b4734460c08760217f09b7b92a9213afe472822354924b1540b27dd48', 1, '2019-03-14 03:13:01'),
('94d8529f071fdcdb3b90da8ceff324c2a3125e311b53fc791174f2476019a03a742c739cc49780d3', 'ec5703fad7aad9e5852dd4ce3bba5638911095dc2f6905e6e07235a3772b9e151b66e7cb20921587', 1, '2019-03-14 04:14:25'),
('94d8d2512d1e5c0b1fb22b8f3de6492682cae13733c71c532346c01ac93f9b0e8213654ecf53ba68', '314c5e8c7380a623eb9b09662818b9b57cadbe33fa67e0243894be1b78522576963dc964cf2f6410', 0, '2019-01-02 23:51:20'),
('94ea131b3c7f1f85cdc1b5212a94182a4e901962dc35fd84ed0c2a7dd0a408f8bf1a9c4e9917cb6d', 'f9789378d66616f1b6e361c0cea23f134dcabc016881119e814775f7451eb29f7ec5f46140587f4e', 1, '2019-03-16 00:30:44'),
('95495a0254248e4bc97baae51e097b470408439721b40ce51d98e3c7f2ba509876b72fcafad45774', 'c14b38d31bd561315e413595994cdc440fe7576fa5a231abb10bf35341be7cd7057d87c5337ab5f8', 0, '2019-02-21 04:08:35'),
('955df873f49a253c351182efab96d9584d779e55a3fb7e78e4960890c7bf9225ff19449518572ccc', 'e49a3c7f96dd38c6d899c0f50ed28cfbc92bff1dbf12afd13e9d6d4651c9b36c7fac5151c6628b7a', 1, '2019-03-15 10:40:09'),
('9604845cd4202b2c8c1a85db0efee88ea85f6f6c467d74a060b8601a568cc364d47768c857689942', 'a95d02f0e9200321d9deb2a5c9dce2f6524c0b8924c5d0f5fd49d1a17f12b818821a613cc155b1f6', 1, '2019-03-14 05:42:00'),
('960bb4966cfdae505c2498987f9491186b76c2360ad60fb70f9e420ca9fb12ba480af766a8749e55', '17aa84e71d5d4980ae50cff9c555ffa57183a0c1e1f2028aa5d6b51851b729f947e845fce4032773', 0, '2019-03-23 00:40:49'),
('964f1e6d4eb39831ac3c89d2db0af77a54e22a2d22d527c5b2421f22cc767cc1d52ccf961cd1e76c', 'd2155857ba13cd194572ac318ae84e04290e0e15f542474db9c37bd6631c6e2edd4936066903d04f', 1, '2019-03-16 06:49:37'),
('972fe84d85747db302080067f74af5c9781264e419b8307088a9a41c890e1cfd14b902e24b16e50b', '01ed442f606fe4d0e51a451479af39d4d9449121638b4f542c47378d3cd3e86bc2a8e389518a3995', 1, '2019-03-14 09:44:54'),
('973e625ab88bc50ecdc2412ca61113583ba181b9a06f2227d2f6eee9ef294c7bd52b9f382c2c2778', '9ae8988c632db8134b1d2c145442b7e07dc7cff85076d8828f50e6904bbb4b0741f3f5dacc70ee69', 1, '2019-03-16 04:40:12');
INSERT INTO `oauth_refresh_tokens` (`id`, `access_token_id`, `revoked`, `expires_at`) VALUES
('97ec575c8f1e0d8eaff2d3802d329020ad393b4253d395356294efc15a73c7a00d13ca463c63f32e', '4458aabdf23cec5fb56997bb3876dcdf8ec9dbe1ce6ca3f2811cfe77b270b138dacd44adf7f2160a', 1, '2019-03-08 06:26:36'),
('97f494a0c8e5c45ef6b392905708000f1350ee5bdddfa94e15016330f1803781ae5ad007425acd15', '8b50b3bdd2bec0d760f6b9e9f96984776b74a871d46393d78f61e99fc24ba3539487eb2567b41c5c', 1, '2019-03-21 22:31:20'),
('98485e668e4ffea60ec46b348a6a57f03bf258e69b931570275c81d75a66042f480a5d5eb163e4c2', 'f1327edcd78be077b817d9cee7169794f04f3982a55cd87a32ce2a73700c2579373421aecae7aea7', 1, '2019-03-16 05:17:07'),
('99f85198e0e174f0bfdd610813a2e360839706c2851024d8c26ef1724f981c1927452a5189cda34e', '72f6ff16b0e7fdaec43bbffb7211a4ecd44963df0a599f626fd2a4469a46b88124d7580a1e3be8a9', 1, '2019-03-17 02:40:14'),
('9a8749e0eb1c1f52066c641da19116923ca828fccb0df1c1c9ca650df5d9826a9b86e6bd06f05a07', '72806bd353db0a139305d998efd05ca07d175a52b3fa9fa0f0517e2c1ee8096658ab42ac277658bb', 1, '2019-03-16 07:30:57'),
('9ae680cef534d0a135927739f54f1fa7090ba7c375da08fed07115aba38a7a7b7672cf6760f9a3ab', '43f8e1e5d99fb2fd6c4291d8b55249b6cdb8a1b6fb43af2548b7631a81b2e74287c5f57be8f5ec53', 1, '2019-03-09 09:51:50'),
('9b9a2ff1432ddaad348b24cc195d6af478c913788eee56473f1bbc62583e27dc9d0549f955f428e5', '3b970e49a85c2d16a4f3c19b8c35a8983e9af75cb82bc1d7e67834eae3e34caf6f2a55cca6092a7c', 1, '2019-03-22 10:02:52'),
('9b9c0930cc3c34f1f68258c4d82a0badad7f18b98133795235da77d54f0a57b59b7a7663763de1c1', '3d37c111a07a8eecd405e1ca02bdbb9314b7f3f2ac831f017274f1dd87127a3401839c3a7c479264', 0, '2019-02-20 20:45:13'),
('9bda07cc2a91dba6e00b331b0c3020db9699975658d333170f7d6581dcae8011e6a48db8c92d52a5', 'fa41b20a848f7a1776529c1212b43524c6e25c5f8fc2ac1b18087525a50d8450d5fe6ebacbc358ef', 1, '2019-03-22 06:32:50'),
('9c59352693607c83a3373756a4d162ae14c5bc02cf27e298b708df5e721f6c293d48c5a411df4456', '6c2ac6a67061cf5d6c02236a216d9c0c6e3e02740b6aaf129d3c4961d2e9b417629d3df4a7799c8a', 1, '2019-03-14 04:42:13'),
('9c812cfe8335da8ca07f6a22860dd7fd64e8492ba9a62ebd44ea57d43efdce8d9c5ba1be4e8bf0b6', '4543f9af3f222b893eece7140f5775ecad6ef507f9e659d0b3ba7ccbea94197b926248370371a1c9', 1, '2019-03-16 00:41:57'),
('9c92596119af6ffdaadef8e14f6955b0324b7ddf72e234034b65512f2f41276ffb41701074e395c8', 'bf06c77665f2a317c7a66ed6765712986703a09b6b6067158dfae2f6cd616cf69e3fcc99d012d60d', 1, '2019-03-09 09:14:55'),
('9cecd9d741752f2eeffc83721af84c1a74ccbca6040e1ef10c92768d121f44c6149055d6c16cceda', 'be48796d4745828966f7d5caaf8a9be1cd91cc1bd4978a37cf3ed6673df9941295069c5c3500ce15', 0, '2018-12-15 09:38:26'),
('9d09ab7b7034f5092fc3e63c26997fd509ea965d8ed00d0cd6b3ebda18ee5efae49444764f58c172', 'd49cb672ce129e5547040dfbef96d3843ca3213cf235eabdf473bbc80586ee0122c73ac74477eb09', 1, '2019-03-16 00:35:34'),
('9d35acde8502bb0af0fb29e664d105de8316b4efe77075ad97806b971ce7607c2df4c0d30619e5ce', '6d62b9ce4dca38e0ce17dc4c674bdbb53a6795ceab12f7dc27afe6fcb50818b2cc30577829ccdfb0', 1, '2019-03-13 18:29:57'),
('9d37a9ad365dd090578c65d198044410465112ad693ce60ecb7201e456ed76ed047559fb7b1f6c1e', 'a7b394e5f2f431ccc8d107e9087ca75ddbf22a60c6973255a07b057e11e3f42dfff20e0000392892', 1, '2019-03-16 09:16:56'),
('9d3968448daeb7236e4e214db3a284e423fbc324fa7d8e1e59b71d7e1f5d461bf96a7996e4c2f95c', '235e01e9a4e187803c38d9658721b0c2086b8b49431dc9944c9dcf3948bb0d59654dce29776f0d0e', 1, '2019-03-06 07:46:26'),
('9d8759a613675d5916feecbe49d915596dcc54dc282361d8d9121c71a60e007328ad6abfc2fb1914', '0df8c678567d93121cf6ee6ed16e7e4bf36764ecb1c019c7548759022109b2c0556373478c55bcc3', 1, '2019-03-01 00:53:49'),
('9dd6640bfc2a0cf25a6bfb2131f7aa92aa179847155da86f2f7c3205cf389f3f3be3c17c63e17396', 'e890183c947a2751db58549cd96aafc702a863fd87cca2fc1925e0275f146034d500a7835de36674', 1, '2019-03-16 06:17:17'),
('9e03478cc5dc5e977ca66a77f3ea92d8d873a68ef69b87e97423a599f39ea3d7d0d38c0ed3bb84e1', '06d3d56f9df77970dfb539d83de6be759714b4115ef1cfe9fda35733a0d5e2db013cd57031a92eaf', 1, '2019-03-01 00:40:04'),
('9e82487e21f172dc04e4044a13a2298dd0e3910d37e13e9ed055354b0e7df274523868cccc979db2', 'edc97b7c28b831f2698e1916abc0dd98323e1b48b3a5875a076b18e00f7d429d79bfd0f7c3ef32a1', 1, '2019-03-16 03:52:27'),
('9f5f0a604f7921319cbab34e957a67fb17ba3c3b28d01ef4ae4f3f4f1973333de6545aea09bf793c', '751979eb248e64462f7009a7d25582f262fe4271f36391763f9abcb31b3305864f015b77471fc4bb', 1, '2019-03-16 03:39:22'),
('9fcac83c38fcc2ce5ca54936964075f70b461c0db537cb12cd2957bf7bc5f2558dec2d565b123cf0', '761a6aa2e9205b453c0da2bd954a9847767d6de93ad11c20650fbbfd2a8c419987279d89aaf226dc', 1, '2019-03-21 22:40:53'),
('a046d6e9eae0a611f48e97ce6e06f75b53eeb238cf19afff6581d74b7b8190866ea9573c819f05d0', '4b696496dfc63cd9286cc30bd88cd5842fe9736bfcbb04a51738598439c5370c967d49c47cb4f485', 1, '2019-03-22 05:01:07'),
('a05e626fb4e510bf4e3eb5c54773de64c2a72db0b77f70525bf11fba84119bce7e33d806eaa77544', '249417b49e5cd7450b788e5da5585fb3657be0b863e28d9caff1edef2bb93f7bb15a80b8e9ea6166', 1, '2019-03-22 06:39:20'),
('a09ac925c939a9c07dfeaeeaa971c7fd0daa8ac02c38ab2354ff11934b2c577cf3daaea624a5cd6b', '434b1e0077fb974ede43054bb5875cb7de3975006f6e62371dbc59d3afc08142411c0facf8e68503', 1, '2019-03-17 02:39:47'),
('a108aa0808b2ec7ae09b7ae0463225ea00ead4589512e90e2eeae06c9478ffef59feb18d41a4d37f', '6c54d1673e17fa329717e1830d1f5a25aeb9ccf0c92d446904b2ac818f2f82baaf5d87c1bd6dc07b', 1, '2019-03-22 06:04:17'),
('a143cddfbb1b565641f77226ff8ea6e2a93ba550c0ef5557f7fdc1fd77e07367d298c17fd2289158', '151d7c2ac516120e75a785baef3cb7262a2754cb8072e8bfa0e736a20f3365068f56618b3cc85f25', 1, '2019-03-09 20:24:23'),
('a17c3d2fd44d13a541607360f62ab2308358365d12d7e32750158fe6bfbd3f98b15e2924b592eea4', '98946aaad8ba89c81c1710682dcdbefe29fc1febe96e791a0a01f78282b1e1e1f7de2c75c8133b07', 1, '2019-03-06 11:59:02'),
('a17dabebd268b295571fd173a3c0ab2aa3801131a0c493b9b6e86adf6a4b10ea74537d734718287d', '9d4f8c166ed41faeae7da56fc162aa8890787e258f55831697bab0427c3733ae0d4901e721c2cb45', 1, '2019-03-14 06:19:48'),
('a1e0ce2c48f3499e94d9e705a4c5c448362fd5677257ca6532c76930567d2d8c0fcffda31b0791c6', 'ca4cbff0e270db7ed0e04771a0544d6a273e751454c3594fbcb320240e697a399462bd7f6a2b0cc5', 0, '2018-12-21 06:02:12'),
('a21cdf52bdeb128d40b2e737c7de83d828ccfe621fb6fdf038ad1ce7f62555d935010e8540b0c201', 'e4d4445bb02cd6c8e66eadcfcdded53a7f744fa31aac240f1b7cf9e606f22a6bdd704ede19ed554d', 1, '2019-03-06 07:01:59'),
('a2360d1f560cd09ea943cd51505be3ce4719e3f79fbd34ab7318d3e8b4464e14ffbddea9dd04c7fe', '4a67bc48dfc337210b1b818767d8ff9be71e92229f541a402be13dd78384bebb5412fceebec7ae4e', 1, '2019-03-22 10:06:40'),
('a28e9c8983220e956d12f17cbee8e205ecc3b9c22859007632876833af0ab9e793574e154993b9cb', '7f86e717e31b7c9af77cea5861aff7ca435181783d7487f840dd4836cc901beb31fc16f8268a6f93', 1, '2019-03-08 09:00:39'),
('a2c33335f44c9de9a9ee4cacf54f89ba6010495c957deec1803f91f7079db50ec46b1c3affb588db', 'adba8733c67d83aac7e75e7d55b8eaeb0995c8ddb280a00f3f523c7128d1d088ca58b6d5b5f616c3', 1, '2019-03-09 07:19:19'),
('a372ad173ae71a884ea861ac20751dfd6d1f1823556ef14dd7f8b9b11eccc374a35ec99961ed20da', 'f197169c192b2f459c1a0549ea5e1a9f3c2867355ddf05503f03c6248c2783eb40499f8baee6c794', 0, '2018-12-20 21:44:58'),
('a3dab9d64b31a33f825acb54197f87940dbff63c229a8613d932f556f18180d4d52a43a5dcbbaa9e', 'b2321febd4b6e74c907704276bed00e6a06bb7f29d49351637370f72a23f4b2d98bfe59ca59899d7', 0, '2018-12-17 22:26:07'),
('a491cbecd14c58435e50010be60c97572d15026614fc4d34ebaafa64af0448e10ddb2da3c8938170', 'b9dd3f4900cdba0af62e00c4f66585ed3229f24325cffc9460d540e73a9efb39cfaf2d6892c74988', 0, '2018-12-18 02:15:48'),
('a4d03c4d9e4742424ce9f1bba4db1b8ed9270292565993a1f4c314cf2f67765ffe16bcffee3f909a', '146fdf31eb8e48f7b36489a50c22a501bf7ec74e061c93586dd1705e632597c87eb9966899ff6023', 0, '2019-01-02 20:49:19'),
('a50f5d2ba6a8891ee90b169abbf10a7b7953f7ccd52431a41b7b4bf5c72d3eb3333b31a9430aec4e', 'd49bf241cab60274dc909d7c7ed30527186882fe144fb71b768f8be9cbd353b9dc2c97519a9cc208', 1, '2019-03-09 06:44:47'),
('a5669c26a73a3d2ec9d5e68ada57a6c236741757ddd87489c47763f669bd965901df13e3774afd77', '0412da1813c6c967a96c84a00c22d0ff7dfddbb6c4f7fd19d4a856106b6c87c68f59c53620e8352b', 1, '2019-03-04 06:35:36'),
('a5733854f1400a9974ad5df852e4915c303eeea82439426be82adb093948917af25839de0bf72016', 'bfea88147aa998d901ba13194d2274e4b10e1b558e733bed8768ed4e443d256a9be93d01ac36072d', 1, '2019-03-22 05:56:47'),
('a59adaf2a2964bfa13edceefb668a072926b36ed76e486777ce64187e9a019b6103d1d506686bdca', '9cdda914f3132488920edd952c607689c13dde66cf93fcdb0dc4ce1e6e4180c1bb6e2caed7b5e8fe', 1, '2019-03-21 23:09:43'),
('a5a6be50d7e0d76c500ce47c59f44500a444227bb962a3212f4b1e5ad2f440d8cd1f4a55695c563a', '365edc376904d7d0f935c377f98318fe2ac2b4173540b54d3338d7569bfe5314f1ef76f0c71513f4', 1, '2019-03-06 02:44:51'),
('a5a70157543b49cab846d65df311d396595812a30f38243a34c167ebafbffa10e0f1295f65520901', 'bffc04295867b737faead60c3636e83f6682a28856a1143e048c88843b7286c9d63c702c2cd8b754', 1, '2019-03-09 05:25:08'),
('a5b888abed33b05ab2c4ac3c0cf5521537a7a60a8959264103f7db2da8cd73fe5d929f9f9718a41c', '19500d3f8341eb158ef8c44ae66866fd0aeec8108173e4385a58e247e5e1b14cba8fa1fe966f4276', 1, '2019-03-14 22:01:21'),
('a5d7b014297ed90410c5ac763443063a8a13f0114632b11f484a645d70c50c3fc17ac909eea9721f', 'e4236eddbcfce04e0111d0a80a894b66fbcc3ce7d1a4554a232eca4d3bb6460cb457d9f0881e2bf5', 0, '2018-12-11 06:33:32'),
('a61bf567311aae4243331df8c8fffc7ac97e724c8568c82821c14083ac1e554927c0fa44cb688393', '526fe68c9aa59a81888b8a3160d59d6299e2d51ed82fc5e61a2f83f8115303db80d6bf20020b74e4', 1, '2019-03-21 00:23:02'),
('a63fb71a7e179846b3a29380b9ec498fbc7089a140f58bcdbd5a90dfc85496e338abb7b4445e4989', 'c3cf03d79136c5ca0596baf176ee925dd052c937f2b9e7276f5b698598ce8c2f010d8cde5ebdf570', 1, '2019-03-22 05:35:08'),
('a65c7eac4bcbdcd7dd5c907dc214ab27c75093d2bb64a0f06ed8abe9dc994e4fd32a970683845d8e', '1aa18a68e2175918403aef56ca2636b5d1e2ce9bb496950f38f487a11c35a7a452d0a49bbdbd379f', 1, '2019-03-09 05:36:33'),
('a6b54c7b6cfa51d8b78b089a78e5b700361d533e11e89e7ce51d13841694129114768e05f901bd78', '03186bbf36ffca86305f50711cc0baee03386871f9c72db74f1bc6eb32df31b0119516970714c2ab', 1, '2019-03-06 09:29:51'),
('a6b82fea88a1a3b288b107b3ab1707fc2dc287498b54b5323d40dff1b87704f7eb9eef4f968e2aa7', '5cf48467be43a72228d18524645f7f2f04d2fd0c4e4c0d2e0cb428b4036d59a4eeac780fab1cb97d', 1, '2019-03-21 22:23:01'),
('a736b71f50bed92d05d5e7c2181d3ba3917c1adb26c53d9439041320049f09fb82ca5bdc87017928', 'a1423fc821c172d1f9edbf4c5dc1c860f36be3c6c2817bd04c9fdce83ac8fd65e5598eba15ae00f4', 1, '2019-03-09 05:48:02'),
('a73dfb63d49af5e6241819e2336b5531ce7ec99e793c52b81eb7263074d6274d7e831021b587200c', 'f6886ff799eda83cb46dfb2493966cc9dd0285b9cbc7c7c1bef4846d5d5f954359af6f3e05f4909c', 1, '2019-03-21 23:07:46'),
('a8a87635db0653420d80b37190b4ae76c75e4cf32e99d85eeee33e286b55d729c6725714e2d33375', 'e094b09180bf6b213e49b2244cda36c34071d33cfdabda1bbaaad3a1f0c04f33e617e17b218c9085', 1, '2019-03-01 00:43:50'),
('a96ba2f1aba3ff0d4dca45eb29d5a88a1a632771b7d127f87fabc66593586febfd2d8d332bd38de8', 'b9c4dad2d3bcc4da72714f996889440531bd88365aa4eb137a6fe3fbe5965e9879af709f5cbb2982', 1, '2019-03-16 03:17:02'),
('a9ac92e5d9cd892514f30de7a6204a43643731061f79a9c1ca153e2b93b363d6e2424b4de0002ed1', 'f13e3dc909b5e589815be6cef2232da0e757eccb1225b76e96abfb792acf98d9ea348a8a735e1ec4', 0, '2019-03-08 06:37:31'),
('a9cd7022950c1acd7fcaaad50c1d21d40885bba5ee14853d4209c4b04de42cc9378782ada020ab7f', 'edd77ab3782b8dd7ac6199dc06af7b5a37e4e275086202d046ffe34fa073f359086f422ca6063afc', 1, '2019-03-22 05:36:55'),
('aa6b646ee5f03361710e637bc9af8aa74ea0b758b0236fdf79e265d98f3b6d06c67e113ab1a616ab', '2768ff0ffc72ef96a50620028dd62d8e412aabe3e837bc4d7946445d023cf38243003324347b9dd6', 1, '2019-03-16 05:17:31'),
('aa98e76ca7d4c3b7d8898a92df00221fd1aefe5dd997e3cffd32cda40288892ad250849535057f7c', '0846d669c29c1c65e2a415ed3846746a65b599dcc0b5368df5b0a563b9a0a564c40e1d8a8f80fbe8', 1, '2019-03-22 05:11:39'),
('aa9d8e17d06711639fe0ddd7b9e8638675c6202ca1221a5b848f07117a86ebfc0094936b8c118c46', '2b00033bf7716516177b8158dcde67908575bb039a98f4d92425687a5ed99771245436b9a574d886', 1, '2019-03-06 11:51:46'),
('aaa315ca0423c9ddc4d95389e76f710274e99cd7dbbb948f58a9d2b89ced399e0e0e682b0c76eafa', '822cbecc2541f88f6be459279dafa39f3a6eff7c0389b11cd98b21f485b46e4934ae11bd8c175a33', 0, '2019-02-20 22:28:15'),
('aabb72426825737338a198f376b2559d147768e01f6fa8fe41c3ba51464aa492d1dbdce59a078b26', '8289617da0b5bd048f5c18d57885372c479c63200359ca5610e9d71f543504bdb4724c24c9652517', 0, '2019-02-28 04:43:05'),
('ab0d2c8adc6c35c9023b69fec08df5f6253546960e8b1bdd4548e9ff324c604cb7fdd05306156b01', 'fab3142e92d12c9fa32867cc4a202bce67566589c4760d833eb7965f6df437a8328f8fe594fd4a93', 1, '2019-03-16 03:53:28'),
('ab1aa09733eda0100f55ab512fc902f662e4ba64868cd516e8debd611fd4cb8bba3f8b43ce2ddb5e', 'd7a1d8376665cdba52cdeeacbb22928360c9c92b1ccc4bc9071d893ec2a62940cea71087f2563489', 0, '2019-03-08 06:44:34'),
('ab1ecb81de8a7705b71b377491eb8d98777175aeacaf3d2e94a555feb31cffca83d86699db79cc8f', '5d856cd491dbf3d640dfbf91955392682bf0cf7f8fe500aa65a7152eeff7fe5f8955968b48d43666', 0, '2018-12-10 04:42:32'),
('ab46e94141c169e774da1eed9b8181dae88a2d8c61d46fecbc7ee372ad9649d1f63efd360c136f77', '6bc60ceabd62e4efb6e90783aebfd80093c416ddb1c4a33efff5e1b28aa598da3bb74d5c257a8e73', 1, '2019-03-14 10:29:33'),
('ab5bc7c40a09ee556939e25823fae93c192771d5e1a1877b3651019f24ce82b374856f87bab146e8', '754151db2c954e142eddfd59128eda4fe455428ced48c98d208ba33771e960b5409117655772f659', 1, '2019-03-09 09:30:42'),
('aba9b8c95fe7ce543d77a9abd65e285da482c6616897e5148b7cec7a1dd095293312abe78005696d', '8c9189fdbb6f1c8fbc161947030b14fd03c1f9df0a1c3a2035fe233386a508f0e7e04ca4977ce2c4', 1, '2019-03-04 05:39:21'),
('abda411082f59c7ae68cd8309d0e905ce78427004774b18af4595e7b03af4ed8fae82d66400fcc0f', '4dbc51ad8de3c40640bdf2f325e9d384a5ccaa66184e318c8e950378554c1e12158ae6469ac07f62', 1, '2019-03-22 06:45:31'),
('ac47fede956a7d04a87e96d43b9c866f14e91bbc070ebc2a195acb8d0551a9845cb14bb873c48955', '85a4c03feb0f833cd09ca3f943f52067959945ea90a7bb96b8187999b3d9d8663d6be53a52aa7419', 1, '2019-03-14 05:34:23'),
('ac86eab41509dc6484935581d2ca9de6590ac870c7db90eb8cafa7008451a7978adad50c6cca849a', 'e3fbae72f7bb4d814429ccc2447c62dccd67f96b949acca9117bb02dc0e343d611e0fd66203c896c', 1, '2019-03-16 00:39:16'),
('acacdad331a2f463a14c43f355d6ea83c922c10a877f07696169477f72c6033b89092bbc34dd4dc2', '32c285ad75bac65505e422b50acb86e5461c1f91377e28b28b747f5a3837321a3bc5aec54ce793a7', 0, '2019-03-21 05:58:27'),
('ace916f80094b7976557aed3988b316ed2ff990cf80e814efbf2f9558ba70138305b2c8a37eee283', 'c34a1ae4c975bd5f67f0b530059ca52ad2643c91dcf58306c5dc1354fa78a8869519c5cc061b4042', 0, '2019-03-09 02:43:50'),
('ad1df647aaf2c0e229f86f59920fdb3446210c4003582d3651fb6c5f8ad310f5fba41a867c9c42a4', '2416b1af8890b06d1f5061b249b197f58fc1a9890c6b6ec28dfe6b3a90c2cdabddc7977fda7cf3cc', 1, '2019-03-15 01:51:55'),
('ad69d1bedb5f5898da1417bc1991c35bac819f930b09f8681103e121ab00800b58314162009ff91f', '9cf2ad15f7495388886a951967acce518e8da646efdc1c157381ffb92e7b6a02c04d4c3dbf9aefbe', 0, '2019-03-08 06:40:24'),
('ad6dd000e61b2b698dbcdc960e61b422e236bd6fa05681ecee187ce28f00dc0700f4df0f7cf0a744', 'fae6f252f8dc0114868c038021e62aea413ad75ad9ef9b1dc73a9a80d4f4a37fa301c7255a5148c2', 1, '2019-03-09 07:10:17'),
('adb31126082433308c5b2b9a1263273629c37c76bb6265f0ec1ae95664b27d279e88abdbd9f8a3a1', '99428c91877688f9ac9e353b6ca52eb0fce823f082c0fbc6af42e70dfd3144a2bbfa9d2c2a5a070f', 1, '2019-03-04 04:48:29'),
('addb0048100daf2548a9878cf19168ec6a10990542dc5558d72b0192007122d3a81ba2911c5b032d', 'd7cbc36c8377566a65e5c0e823aa138ef158e9f3eab7856c3a302effc0e4df4e8050f46c3e1dea3a', 1, '2019-03-14 22:36:32'),
('ae29c0c47066337031895d50c74652e6497b0a4f66eac840e4f6a4fb42501fb2c9f124326afa8664', '7aabfb668deebb9714d4b9aa37421994b7a1be847428b9f5af92465375e241aeaf7d84f9d3e58dde', 1, '2019-03-16 04:28:17'),
('ae51894e08067c1b6960db24555525d248d7f9d839641c5ad58c7188b97100533205810ec87bf91f', '0da88be030f0ab3a3100be7ab58df243b4c58570321ae31b56c42963cb49393c43879e74b5b06367', 1, '2019-03-13 01:46:34'),
('ae74478cc3585d4dcd66548c7d08b72c6514059092d2914cf74c903fe6ed6b7d2e2727479c014692', '83a4e100b899ee627a267d0736fb9690e4a382699cc2aa75232a72d4d328ba6bc97090fa7b8101e8', 0, '2019-02-28 20:17:48'),
('aea731c6b8fff859de4caf221d2b6eaf7a1b4cea9b386bcca4e24f520fb7f35dab8fac417ccd358a', 'b24269f0ac1bfe35b1329b1a38f45b534c4568f3cce5dee8dcb465d1554fbd5b5c31625d6eeacb45', 1, '2019-03-16 06:13:18'),
('aeaf9b40888a446bb91f147b10e9da950867f52e1588cfb3e060b8a733bda88507dffbbb473a67f7', '57baba68db8dc1eb9088158d228b4bfc145512de5a9c95cb7d24c8e16610d8e498622f1180e44116', 1, '2019-03-01 04:07:34'),
('af2d269d217b989668bc4a7b9e9a8948b64fb099e58cefbb41528dfd893c605f64d036f1988cc82d', '3c3dc1f308a3e846ad56df1ce3cd0d2d83df1f9a3fa5e4697ebfd2f6c805d9845637e10e5cd4ca46', 0, '2019-02-27 22:06:04'),
('af37c3f52eb315d6dce9e8b3934c0ba7d0706893568b2685953b101f2202653e58cd345a66c85244', '1ea67b064ce53ce2c09508db5fb4a8700ee07a221b9db19159ffda72931a125df66ac7cda465172c', 0, '2019-03-01 05:32:36'),
('af68a6c52b5efdc2277715441d22aceb229349fda9d5008c961f2274e53cbf5da57def4bb24f6187', '05c21a07c3b7cf32b45f07b2d8fbd027b01206a86bd0e8736dd3eed7060ccc89ec2fb16800b539b7', 0, '2019-03-01 00:17:56'),
('af68d2dac85cda84e496611a9bb5333686aa6bf933fa6cc1c6b75f491fd7bf6110d5b2eb96768591', 'b174d9433ad464ac157bcf65e2f489737fafd75345dcfcb14b07599ec6b0076562412ebb09e1e6f2', 1, '2019-03-09 07:25:54'),
('b01577135fbb6b7a0b6a0f30ad3de516616dfef8214a655e53c170a757515876e54ff713c46b3d8e', '3445af54f2609767a399d7435018ef1fc7fdd09f98cb0ddcf54f40581724556932d75ec1c7827b90', 0, '2019-02-28 19:27:12'),
('b10c1a854bdbdc3aca27c954d26bfdcabd409fd3bf60790bf33a3a796759fe8a97a2a056b42f8459', 'd57927064e46ccbfe52a77130c8268d970aa0059ee918b7de7404d2d9d749f9c48567a50a82d610a', 1, '2019-03-09 10:02:36'),
('b1176fdda7f64d337c663224d61f89e695ff7c58a5ebacd8942a571a3c42eac8d7857f53dd2e54ed', 'd23e304062991527211e496b57f89b2a920f27c2d4956f54cb9cbb536b6c3f4c3ee798c60a760971', 1, '2019-03-15 07:28:08'),
('b1a56293dc908372fbdfad927b63fb71238265351211c2c918dee362329b0b830163febd291cc1de', '6dc627bd5ef8c52d22607a299de57e1721a201594653e7dc1222eb5af702302c20068f8a5be647fb', 0, '2018-03-30 07:16:48'),
('b1dcb84494e6ea7c0849d57d383aed3d312a7b1b857b6d8515a4aa4e7c2370336dccb65bc035189c', '5beb9eeb2fb0035e4daf1be70c3b595b8e1de3b32b56fb9cbb08d86340913a0587a12ca82a56ed51', 1, '2019-03-22 06:17:14'),
('b298b2ce5a2a29dfada6c51ac97030a7635515f15d53f5cda6150745519a6dbdd17a46cf8a4d2f8d', '69ee7b8bf2cfe9c257d4d18f23398145af7685ea929e9f475748c031be9368e23f9ed691525a3b9b', 1, '2019-03-15 01:34:11'),
('b2ac9beab7139daa1f6b32e74eec2620e7e7000257a76764d9a16916215d8a7628e1507d38a0a15f', '169ae92f5940ee4ffdbc9653f0543b2f2ce827dfa7497bc32ec936a7809e6ae1c9ee7fbecd315eeb', 1, '2019-03-09 10:16:47'),
('b3aaa949cd995248e69408964cf760c6a94624b40d560d10c61f69cf16cb0ee1cee40eaf2e09498b', '338b03efc38eae9edefd8c084a305971f57d4513b984c985575425558855ef9c7435ff98cb4e3f15', 1, '2019-03-14 22:03:25'),
('b3c5598959fdbf2783a5a4d4305660d44d0d8483a1923c93b70587a0232eacb5c3318d459f80341b', 'cb5aa874d639fe025beafa725f6c0026ca6e61c6935f707c77396fd9f91ea77020bf7f4365b2ec8d', 0, '2019-03-08 07:00:44'),
('b3c9a5520dab12f838bdb2998a492d993c4bd597b638dd2848a4aa7aea886cc15d4d190199e15497', 'd57c06fc5399f3c603e863ab233eeb506faa005468e6f0c85b08d788a1cbfcb8224dfdcbbca56edf', 0, '2019-02-20 20:48:28'),
('b4026e47d5a1fcab9c5ba842dba906477b7f90f450faea647f07014e6cdf888024403a607c455459', '15466a4795e9245badc1bd9469a800832b5bb162a6113e4139b5123e69093a3aa9f3b5cd7d85a6e6', 1, '2019-03-22 02:28:02'),
('b45acb8292d47be154d6318cb7460d3d33514796226223b9362510fbbe12691024b4959f5db8e76f', 'a6470a8a0effc2751dea9254c13879518d42b93d3f80c1f5ecbc5a67dcffa80da093a59683e98d20', 0, '2019-03-08 05:57:55'),
('b4bed2b0f4d534eb750a3855f8f95823ea367227084d5b633a696c19719620569867c669d4352526', 'cf090c954f5e7040eab0abc5782c8d88a4881303c530a48b0bb54442d49661ab3c35914e7815c778', 1, '2019-03-05 21:48:32'),
('b4cc2f1e9962a51e2ade925c14dfa2f6e5025d6dfb1efecad9f1f9b740feb6e367995988f2ac9d6e', '6913dba3aa6356cd215ab317c84d6b7818942704c908a42352b546ecf4e418466e3589337c6dc577', 1, '2019-03-04 04:39:48'),
('b4da0f39d09ecadf2b2581da3ac3654679bc46bfeaf045df953cefb5e80b4de3e854d8354bcb1424', 'da88b7568b85b223403b917d024f446a8f01ab7340bbda1e0f8eafd8e76e618c1766f32ef9ca4e25', 1, '2019-03-01 05:31:15'),
('b4f2a3bdc82a59c435398f66cfbb1b0e283971fbfea145b14d90f816897a9d7e203f39e804ea3ec5', 'fdf8c7b3c80db3a66da66495ebb986a80373052d16d58708dad4613e54bccbc79222e4a3aaa135a4', 1, '2019-03-14 02:10:09'),
('b51d5a4a6ca5883b161e0a5671689bc4aa344c2dcbfa5571dbfd054e33413563a3ff4b5e5a57ace6', '644767d416d9c42bbf332f23658a62e145d9285066e2278bad3679ba3b35f4221265e48a7a8652e4', 1, '2019-03-20 18:01:00'),
('b53cdb45981649becaab34f9db7fc4cba211dd2af69e72013fdae6f15acd6e5994b7fb400ac37e16', '4404d632fc4a27cf9840662e74630bed96dbfb8348e61c3c94b04d7b52676f88373c55739eb1913d', 0, '2018-12-31 21:22:17'),
('b577d9e252b03600d143922042e699fdb935b76f989cb845b8e98b4e2ed125d33d7bfa10d522f0e5', '782f35b73b627419f1dbc26cbfd18605c70fcd492922611a055afae4241fa4ea418aeacd87f0279c', 1, '2019-03-16 02:53:42'),
('b5b1d83ea2cf20ca286c179231c78462f1da8614b4cd36d67b0cddefa76b2777b8caecc5cbfa994f', '78e9e7372096502bbfa6c1a6831b113486da6350802a75396011901f95b2a1059a9edd99a9fafbc5', 1, '2019-03-15 07:27:05'),
('b5fbf113459a30b1254b3c7d70057ea53076897b375c02f3f1e12c54cabf810be16b30e92339c35e', '6cbc5a680f32769ea7977742b12155e3f5d8ebc42a470c5a36aa1fc1c18912a35b2db5c9b173fb8f', 1, '2019-03-22 07:39:16'),
('b60d27390764f896f4715a6eac99c7b11a544f7a5fcba1c7e325c495ae95a6261400cfb664f031a5', '70b27b622989c45c175823e85b2d4949cc8cfff6e08700a6a70082294dd1d4ff12eb739f6826b133', 1, '2019-03-14 04:49:30'),
('b69d15552d6d20380d9ee87620a315e7dbd93f5673096b0dbaa51fc76bf51c8e8e70b2049234ee6c', '1688534c2d8675c05c6dc07f8bd731c626fbcc3e7ac5715cfdf4ab5676440151c633d7f1ccef05f7', 1, '2019-03-13 05:11:07'),
('b6e3c280ae198aa4bfdd57d7d729cd2a6509bfd461344ad162aab8fe4dd5a8bddfd7c399d0e5c321', 'fbe4d714243b9b1294fe57ed03cc4c45a02a1ba2845df1467d25a748f4030f9d80bfcf19ddcf1161', 1, '2019-03-04 05:47:44'),
('b70714c0f3da31e33f1e871ab9abc0872f4b1cdd5bd845641209bb8f24cf47d88f627cb69db40cfe', '2ca35aa868cf11e89caec65c61c7566033237c76a141facc9abc682a0fb8df091686f57bed661802', 0, '2018-12-10 04:42:39'),
('b71ab87f46fa785c2d780b02edd95538a1d73a625a4d66120b32421a9a8cebded5d2d8efcbada155', 'fb843b3e9ea45d209ae1dc815152b0526d28c9d59d0669043010ff8561312aa6a3ae81220fcec266', 1, '2019-03-16 02:14:52'),
('b7271cbd151a6871c50bbba60a5ea07783ed144d1b99be27f7aa4951b1bece2dbde3379b0e9751aa', '49013a1961f9883e9194fdd8fff3d8942acf0a2100c522e9f7510d5eaa33d51ed750dc143fc3f767', 1, '2019-03-22 05:57:14'),
('b7a75e238b2b5161798d3ade56a3eab499bcdbad2dfc18dfe665715f1da93c01f045b86ca8c80841', '5ca4663f777949b1c6841c23afc170c650f6e4497f2e69b979d18e2d0cf6b985f4b9e150017d7869', 1, '2019-03-21 22:26:20'),
('b7b65225fd1e7ffd611100a84ab92f53fa0723d8d1fbfa416d48459c43db638b60a387c20c8425b6', '7b471be2bffdfdcc6bb4701782e4c3bd8d89b70188bada5103ce1a3fdcdbd5a21b01906d33d66e73', 1, '2019-03-14 06:43:31'),
('b7fbcf099536885f27566dfe7014308888a24c98743cb5a3f5ad84afb04f089ab45903ab9b77b4aa', '9577cfd8622434d23f18df319ee84016fb7db4caa76fe4650382fdb95cbd448843405f617d7980a6', 0, '2019-02-28 06:33:31'),
('b7fe1bbc3ece3ced018cafde47a6cded54609c79aa5dbc29b6304634ae93cb9061f3c827ee280952', 'fddaa928b335195477b5e7ee225071fea12a627e4ed42bc7f2e02d99ca417295235c0f812928023a', 1, '2019-03-16 04:42:43'),
('b841f6489043ec706f4383631b2aba3d6ee2f1048ce5a5f1b1773fab61d7ef2d7363f8bc69d8ae3a', 'eb40073889b178b92098158648541d10902647261fceaa00b527acbeadf4048437208b28fe6c9b6a', 0, '2018-12-15 09:26:55'),
('b8aba769a3256c761abe4a1caee7aace7d09c17f7411325ada209ea31b6e48ac39daa628ddb33a42', 'b0cc5ee63f16b6a90b79363e4b5582e60ceef00fb0b7eca6bfbfd164ce4c0a4ac5feb5e6138bc463', 1, '2019-03-04 10:14:37'),
('b8bdbb25c65d461a593a4b82cf33e6e0a89209fb6ce853d2b5736d14998c54bc21c166134aa73fe6', '64bf64c16e59cc71bbf5bc8e79d2ab23b7d15989d4f3395fc8b2f89bd16ff0c385fbfc4d87f27c3e', 0, '2018-12-15 08:08:07'),
('b9037664cb1ac549f50f6ab384c684087bc8564c62e125b2f9801e76ea1c190905157a83af67fe7a', '6f65a3304fb330b5cfb5b9209a522f2365653dfc84a682585d4b44bc5b488e57cafe094c527a31da', 1, '2019-03-09 09:19:30'),
('b9493d2f23acae87fa68939c0d48143dc55ecde7e06a9f631c634e9848664168edb51c6ae423c569', '9fd2006d4cc45e07dfe9b80072b28edd0a850292a69a4f14a10735e581c78a0f5a16f10c4f466a82', 1, '2019-03-16 07:16:06'),
('b94ba53014f95a0996bd980565e211ee2057a385516bc8fc6da0fcfc4ac5a71bb41655c6ef1c8d68', '9d7a9348edf18d916142bc3081fc3f2bc02ebc1e14361af22d8c165c0ac647e1fabb1e70f771b113', 1, '2019-03-02 04:50:09'),
('b9aee66e4754292d257289e886198eecb8cdc977b48fd5fc62cba99e4489b743a46d9874ff542a92', '109cd7072bf145ecb603b454b0c634d0b83c1acd56c9c6814de829b04f9684b5d6d446890f953f1d', 1, '2019-03-14 06:51:05'),
('b9cd9bc47f706a3ae6358bb21fba6e032f1efb975825d63c3bce8957a3e4e0127cadd837142eabf7', '756ea4d6a49d1161873e8bb16286afd12dd09f4f7b4f39909e5d9517bf2a08c0ecc7be6031e4971c', 1, '2019-03-06 10:19:53'),
('b9ff0217fb9a9b0fa30b8d8d838b48d4345fe63a95acc57e31c6667d5b7d388d35ed0021246e0691', '2a9371f9ab5022c8f0ee1fd55e9c02cac749f7a6d275ffbce8fa41be033e352ba47ba9da002c9486', 0, '2018-12-21 05:30:07'),
('ba5d726a603316f29b17a2b79e8e2c11c87ce1fedb8917960ecba1e0265d22a1adbe0d8c5a3f38da', 'ad5c23958b7464d97e2ed9632e106a7b777c0d858f34740e1812cfbf8d9f94d87786ac86a527e807', 1, '2019-03-01 05:31:37'),
('bae1bae2db218a68dc00587b7aecc6ceef355588462ba2c335e447da36daa30305487ec876871201', 'e6a60af6d9f716e52481310eeeb5db46832c838406417f82c4a3f4e468e009b3ca017679e39a80fa', 1, '2019-03-16 02:38:41'),
('bafd9b43a32f005962eda9ecdcba96e4160b41bdbeee3f1a0fe0dc988d23636b852acd57c753b183', '53790c16c54be566253a8b24b02011ef851a61f1cc491ff3a71c4a8811b9bb43428a10f5008ce65b', 1, '2019-03-16 03:51:51'),
('bbe05a09b882690f8e7fa212edfd9a46c20d0cf943b2779ee8806e11c0aa159c9ed2b0bbfa52304d', '8f8969553dca94d2eadd02fee8089063f6598f18b203df62dc10490938cf9fec737ee730807f2a91', 1, '2019-03-22 05:47:27'),
('bc294910cc701a8e4ef490a1150c81402d65475009aa3ed7596b86ed632d4102e51168f4719f9e22', '92d3646c548bdcfabb613b281e66be51464a63e895b39f5d57d101a8f8f5b3597db82365d3aea685', 0, '2018-12-20 19:25:31'),
('bc34460a66741a0ea20e4f8bc1b434a044b47ecf024b75febda78779ae8432b1080613b5889ffe28', 'deb4ec0abd95d6a94e4f32d94689dd0aeab1a086719bf1166e1935c51b91d6db7bc7d50c0af052b3', 0, '2018-12-15 10:08:49'),
('bd0a32dee984d5f3c629492a6e2b3156163c59ec007d01128145cb265c80b1e6af9e19638adf8e90', '9f12a1347a4efeb514596bc652064b2c16634a31f1b0adf6faf1df32502810ccd50436a10fa54474', 0, '2018-12-10 04:36:53'),
('bdb1691e447cdc37605a33eba2e94801dd3ffb70bcdba7505fd4a705567af049dea22ceab3331fb9', 'bb02be73b584d6c042576cd9a75134f4a5cfac4db00f7a564bb47d5d95a66749a87f46982908918b', 1, '2019-03-15 01:14:25'),
('be2ad6121bd5e10bcd6bd837919640c7b05aa1b8ef8d1c745fd3ddf931e078d121bfa0a41846fcd8', '5f3201fec1d779cac4e11572c9acbf693b1b78e2b5d242d523f9a222edf82656673647cba50235c5', 1, '2019-03-22 06:12:58'),
('be4318643be47f26e8fc3518660090d4f22f5c98356a72b8e01c7e190cb243b83c3843562905fd5e', '99b164e9b6849a0ce50514b2f05faf328a9441424e2f96b16ec52d030ff0caf266aaae41fd67f0cf', 1, '2019-03-14 22:20:28'),
('be6356259ce5d37c0b73f7a04902059cdaac2e2b55baadd47fb9b52d0aa7927d7db9b13eb0e17d58', 'e7c536daa8bd11419e02b0bfa7049304ae03c52d189b2562da3ca253fba843d925dcb74329dbd866', 1, '2019-03-14 03:23:33'),
('be74114551bf0a417a42aea5197df3bf302326ae85258da9b5d2cfb23ceb33bd26c859e988d32def', 'a19d78a24ea2bed8c6923ba0bdf3c84d3d3265c0f17d717fd1b9e5183def0abe637c814e6e17a965', 1, '2019-03-16 03:33:24'),
('be747b86e88ae6886d153a53bd3dc7321d75357a1212977e1ddd55671e9105747608b3802bf78545', 'b090720e737ee08e741ec6c50ebc837c43ea30a4a6654905262f8987e241aa28232ce7cf0e7448ce', 1, '2019-03-14 05:04:46'),
('be90e4b63e7102e7f6390cb796dd7c87b69bc80c6772f1413f73df51896c1f676a35185f24a3629e', '7940204088da0eaca8b8f1f53208f323ad1683ab5fb1ea4c1bc9f01d16fddb3eec4af7db2640fe4e', 1, '2019-03-14 10:20:18'),
('be9787e15c0adb16429901a71a6a52dd3d99778403326c02e8c2bbaa6588697c26ec2cedcf29c073', 'e32b1bd61c92799f3aaf514a494d0998b8dab8d8e475e3288ab7033b26233a5d564acd115d6976ab', 0, '2018-12-15 10:04:18'),
('bf2fb7c31aa6e0feca40b943ff6ed09534f9581544b125f2abe8c85985b5b0345a193d27d781b0fb', 'b8955afe17f28784bdd6433dfffcefde05e1000c461d369835abf671c2195867fd1022b563e0ed6c', 0, '2018-12-15 08:08:10'),
('bfe07505b88b00c8979a58a462f7a0c0c3508b6a30b47c64f9db5f17728a30ffc10c6569042b72c6', 'e6a7b448fb248686e592864a75f1bf4ab707ffad2df43e4053dca425207644b5a571ad505680c508', 1, '2019-03-14 03:00:55'),
('c03707cd1053ad9e70ceeef5e2cca2d8d1284bba05f4e92a3b6b635a6e23c5907dd1ef7716e1c9e2', '737b0862df865f434210823e57f902db2ea7f09b0a54e83e47841d4610d33de0f0cab0399f5755dd', 0, '2018-12-26 20:26:31'),
('c1ae953a0b13c63b8f0ede934331395460bc5ef98df4839e84f6662078de8f501f60f7e1628dc5c1', '0a04a6ab6f69642cd7a8c85eddfa694aee186b5f2e825410def5a67be80bd89e003681ccccb0c774', 0, '2019-02-28 05:19:14'),
('c207c28c5cf939e0333e783fc34448bb767446f44c9dd938ba71a536a6b60064a70f3bdfc3595c1a', '518f3e33c2460c20c7544c50a8126bf529138660f9f51bbcaacfe4cf3f043b2e30df91a697cab63e', 1, '2019-03-16 10:24:27'),
('c24a2bccf8675befad78bc1aa7fdecba6fd879bba85b5fe03811fe5d7cbd4f678798265766c3075c', '9eda406c574029ad66f41b00347ebc175983e6e945b8232233244d97fa647984fd6c50386b52132c', 1, '2019-03-16 00:13:21'),
('c26ecad5d59756f48f6effe7ec237fa8e64fb0ffb54b893e4f4a5c566e21b53473cda092c45cef2a', '5f90fd68c8126ec84e13f39285fe0367ed53dcd48f566bde1f74c420f8503b173068e8ebbc3475d3', 0, '2019-02-28 05:11:39'),
('c39437615ef49522b6920bcac93214ad08543a20a2941f86771ce805530c497fec6a1ef1ef09fe71', '2306fca395774eb7c411739fe2c9ccd4e8b901c34539be3566c31d09ff2d75bbf21def5f0672566b', 0, '2019-02-28 06:34:11'),
('c3b859f98037073abfb7e45fc3f0ffffe7a3e86a6f92351f87e3635016894b103617f51e04b6d625', '470231be8d62131b8682de809e372e88fdc693373a006b1ae023c6572260817f26416afe687d4fc0', 1, '2019-03-21 05:53:14'),
('c3e30ea72d350bac68f8806dcf51fdb6fc7509342ed3469fbba22dc1f61e224d3197a28557c67893', '315f62fd0521e62fb1b8f813a0ceccdc71320562a508e1bef070e531e0914ab44124186e730fea72', 1, '2019-03-09 07:23:40'),
('c4649eb12f6bb26de4a1d20f1b426d6a875cdaaf81bb3c381fbf65299aec8bd786661196bca7ac64', '18b2b21128634003452c9e2dfb1b95979145aa4585dc17f16784980384c5f911d63c68edf32a0559', 1, '2019-03-16 03:20:33'),
('c47d6b3ddf557b99f2353976e53b0aa445bbe2dc407bdf429b27e08fa3e3431b498a0fb1920efcac', '6b88b4eb02c250ee1edc96ddbce66487e5454fa93466e04642bbda5eb566b1003cb64171314a80c8', 1, '2019-03-18 09:32:58'),
('c49cfad91c1aa2bfcf686b755d23e9d2fc6c204d1f1c84b2fbe934faa21cc0b4dad0c8715953fff4', '551dcf7fb73e064875d213d223a2319dfe66c2bb0eb6ac6b13bfb712bc415282748532ffa18e56fd', 1, '2019-03-16 04:35:58'),
('c546ec09968dac495b64bf08d5e158b883858a7917632001063f0ea4c18920540ad1715f6b565f0c', 'ea074d6722ab661c7e7d84dfb2d9329e39860ff0d77bef76ca4af24e2258c0d75fde727a66fa79b7', 1, '2019-03-16 07:41:37'),
('c59e4de4078af16aa06f0f52e2a6827d6384ff03151e15dc29951405db8b841ddcfb52980b3ca98f', '068420626d496bf4bbe4bd847ecb7fe745efb74ec46f9c6a25978df76f17ce328d432ef3924a9658', 1, '2019-03-01 04:18:48'),
('c6c01f5704a907fb3b882c8e40ba2f51a4a2e8e3e680f910886df2274a74ba0b25ec7cc1998b9308', '6afff17471f28ab3f6c6f97b40d62b5d65dd835ac73364e1e4a5672baede61f502fc73ed64f36d7a', 0, '2018-12-31 22:53:30'),
('c6cad69887264c591762cb9e68f8d9c0c095e06d5c55ab7e30a65bc18f8b5aa71c67472093c99e13', 'c7a9fe01eb236795cac7e09d89d59e4995255038fb349398da34872a67b208c5c3eb20b0d443b97d', 1, '2019-03-14 21:26:39'),
('c700e8d2c5309ccb149faa55177cc7b4f9d429116e19ebba49d948cbd2ab96bfd2128053a0de905c', 'c6f1d1037a25fe5f319179a31a4eaf3fa4891ce72c0406d6cba53aa4fb718f93aa67bfb842148280', 1, '2019-03-06 09:36:11'),
('c701ea85b3d88a8381ddc816c462e477592a53eae05a9060aa1fe36cd8fdf627a820f3706878138a', 'e25e5e8fdd3f69ad5303409cba71ab2c3eadfbfa275fc6a03c88516f96bd9edef11c165ce0d9a844', 1, '2019-03-16 03:31:42'),
('c712cca20711c7f35f9544a6760197b31729e027e668b17a723ec5cae376236253f699ca589f4668', '07db6e735423c1e79c490882800a98e822fed9af68b1dc302cb47ff81168ac2fdb84af669f1a609f', 1, '2019-03-08 08:51:00'),
('c81ba140fe5dcbaf7d4196e1ec0983276d461cc3d2c20ae0784003be69e3160af242fbf14c7c780f', '7ccc51e0ed1cac2eb7945d047398705eb195a0ef1be57d537cf1365781cebb40735e0be88fd382a9', 1, '2019-03-16 07:06:11'),
('c82a15b70cdc3eff95a35c51c9bee58334db16a0cee0146a4aafff0470ba433e851f0bcb24cf9e1d', 'b862963d6f1235454d75ea50f210d7cdc24834677d14816c72dbc4152479393ba0bfecb79d77b601', 0, '2019-03-06 07:46:21'),
('c84ba062f0333410fc501df8d0a5a2c6e39a717f9e41279bdf5cd5cb3109c892d3746314d424e7b1', '648722a91b5dc0a8523987e0d591dc1fa5cbe0955f4a766e5aaf89d16ee1c8aa0cf48766597b7c30', 1, '2019-03-16 03:22:28'),
('c87602960c5118709b330132efde5361815fd414d82c428fad634b13d5455d5f3af953fa0c84785c', '8eca0ae453df07ec3a4b65c35447ef144e5c3f5a83fed39ee9f80ebc9f7e3061eb685c0afd7f62ce', 1, '2019-03-01 05:18:00'),
('c883b1a1865c1face66de1dc381635c650dfeb281f0cc7a58586af1ddcef6302a57e07f5c7732bfc', 'fd7524411b4080bd161043514ad97f99e2cc4df9f297457f4330c01ef6e6f231db7826e988d61325', 1, '2019-03-16 04:29:44'),
('c8d63a0313b09d11e2662b77ca168b4b7a240eebdebc702fe9f06c672ba690bad5721fa9b99c2827', '6a16d5b5c2c6797109003330b20e929845891a8930289c86a880ef822a43837536aebcffb5f00793', 0, '2019-03-08 01:40:09'),
('c8dbaff201473816a377624fbb88e98bbc4e77893d78d29093b72a6a3f0a143a0fed34ff7f355ca0', '1d955d13a6d5368ebab3b3d08a0b49d8d5d1de341c7519224f455eff2b4e3c1d3b84177d33f00e84', 1, '2019-03-14 04:46:10'),
('c8eb0c8851f5a3f8cf67ccc558729ac538484a33ae23ca9a16a61980bf9dada080e5ed986c50896b', '7deb0cee79930d35b8902a0735ed107a6ca820fa6b3d3de044f76ca01cb16396b98a8d977fe3f632', 1, '2019-03-16 03:23:40'),
('c9164e7522dd53280129ea5916f98c86c85e0c2df277aac674a7fc1f08669d44a23bd5d97a334df7', 'a7aa7bbe61941ba273168348cf45a6cf688511c89e62313eb7e07768976add88e9e5686bb0abfd51', 1, '2019-03-06 10:17:31'),
('c9778a3c9ac6b7053162e5deae1b8db133f418526592f2f8e2f5d8ca27cf34aeb4f06a67ebdec8d2', 'fb9988451671d69d58d2e0f80d418c11b27860942494111f913973f4df310c5529a72106092cbade', 1, '2019-03-16 04:39:18'),
('c98a98f25e23276943e6baf7112ca9ce20e234bfce908bfdac0abe05d20f5d65f1f8691797abcdcf', '2e6b30c237066a5438eca43521cfe66c6531c32216587e2e516c0f22c246dd4b0e970114f1f24021', 1, '2019-03-06 04:50:38'),
('ca9fd8595b7cc1b444f1afc2754036ce34712e0cc5fcccc256303979e65d7494cd9520318a0f841e', '6526590c45ddf3446ee8c51c386cc86700658a752e13325b68058205c0d516b3db0abf1ea388e5ab', 1, '2019-03-16 00:50:22'),
('cb21fb29e87b38a9b67be3277903b96914d820621dec9fbc5a88bec164a6c30ffcba4ed5aaacce49', '5b74bea12dc555789c5b3e96676aac056c42662ac6ad72a3b66a2ee04cc8180672874e59a8a0d43b', 1, '2019-03-04 05:29:35'),
('cb481e5a95d80d1f04b1fa877814e044da2fcda8eb8f2a07712fca4309414864dcb11ff1d36429fd', 'c40a11bf57069edf323f6a9ccad990ba6356a21f35e013d5279046944717ff4f2e5019f9bfb60a90', 1, '2019-03-15 03:52:12'),
('cb97f1737307746b36e03b07bf67a09c99318c66a78e47ca66f8cf2cb81517fd27041239063ee46d', 'de2ccca093ceab8d9960dea2ea8edb627bf3bbd6e908661edb6288529c3c0c9aad9c3a65a583328d', 1, '2019-03-09 06:49:24'),
('cbd4270c73bdb173bfabf81c61b929decaee3484523b5b529bc473263d7b4c0bccd505a8d57e7c62', '77ffe37a2584a91695fcd5464d582ad6c14d27a229e2cf77ce18b918262295fcd72c36e05142e178', 0, '2018-03-30 07:10:59'),
('ccca497e58013cd9a0256e1eb380cb6511411c41e57015ff6c9a9fb2e5fc457f60b617448c17e35c', 'd847eaecbfabdad21c2d888c0409a3d86534dd9530bf48ff8c1d566d514925717b20b90c57471c7e', 1, '2019-03-16 05:56:34'),
('cd5e803f05c9460b4fff19cc3847910d1563c8d8ac5b8964a16968dfaa9441eff1812f9c59ae7bfe', '448834b9b103431701190e4ec22c55710c02eafbe56ada4ea1990e2d5f140bfd717fcdf2f12d9601', 1, '2019-03-14 22:38:08'),
('cdcb2db1053b56b7418413f635496a88a80ba0158e88a1b680fe9db9d1b750673cd06ee1e1b7d8e4', 'ea1f4aaa4c8d48738f21848b52f58d542d9c3b4f4d20a72d68c38ba9e1f811088771e4093c387058', 1, '2019-03-09 06:54:10'),
('cddaa4d472190b1db102694081fc320a9dbbd5e5b169583bd2841d20e6fbe1baff910be5eaec93c6', '0c0dbe43e210baaf7b33c09cf0e0ae31315785a1eb31a5c4d8377bd6d0ad0ee525774cf93dd82aca', 0, '2019-02-28 19:22:32'),
('cdffe71e82ae6a834d320dc2d380d1339a4f8320197b1eeabd51a8bfbd69a9ca6ea47f6631014df7', '595ea1addb814e54d1153ed577042a2c1e143a30af8a5b0151c8adf0960bb5a2af3b259967e921dd', 1, '2019-03-22 09:52:58'),
('ce37c6cf42fd60ab3f31cdb79dd3755b39905945e71591743f2b6fe4a77640d850002f7aa73ead3d', 'd3b2abb8e3e926e87a284bb6e56fa28aff6dd0f74e0b162eaab914ed965ae2906bb2818220a2d556', 1, '2019-03-21 22:39:44'),
('ce5fe15874711d5da305f4d8d05b3d3f9895751730221c7d430371d8f0d72fcb58be1956831edada', 'c2e820d58b1480572f15d93f18e5c639bd32c0b1db44dcc543e647cbe851189cd2c9d2a6bd8ef4f3', 1, '2019-03-22 05:06:05'),
('cefaef3bcdc38ac3d21873a9d2108ea0aa36eb47605b1e4a9218cc94b840744c92646e788762ebcd', 'cdcfa486b262930017b28653877c0190551ada045a3a064f13a9c7b3329abff57f1de5915ea2fcf7', 1, '2019-03-23 01:09:58'),
('cfa0dfc1d0f02a3106297f5aa4c245aa0f59c6cba890faad87f40b7867026793c805c80a49c285c3', '60dafa733b8f46680af47136b5e7a046d427154fcf90477a322543b70c7179689dd7082639f7ec3c', 1, '2019-03-16 04:51:22'),
('cfa6804d978ec0336ebdbbcab99ed87cc33b267aad9ed45231e431c1917b54255e540a3bf394756e', 'd6bb3b08be3d6c0fe6761ba8fe6a1936ba501e660a0c5c563cba0092beffde925931286a2af181d1', 0, '2019-02-20 22:40:37'),
('d0149f2349f32de3c3dd2be86ca22d5af2503acdcfe7844db1b69927d05828ba479ff4e14b41ced9', '5a37a3acdf95a08dd4572f42f4fae9ed33a75942523d31e40d0566c2e67f076b683d61b3bf2818d5', 1, '2019-03-21 05:52:48'),
('d01ff883243dc067b9e5614b4f32845d5794d13f0659a5b822937a8533f50a916e79e13332298ede', 'f42b50a7be6c79719ba02b1839de0953662c3ce5a74a5909f30bd152a037d125834629457d1cfa7e', 0, '2019-01-05 18:13:09'),
('d0c491013675b159715cc74819769ea2437564622fb578eb5c32030bc95ab408a06b0f4cbcfbad7f', '3f76cc5853eccdb0e4137e47981c5db01b04519e0cdc83b5705761b9299548d9bf20d71e05cd153f', 1, '2019-03-02 07:41:42'),
('d0d3274c105b08105c2264161722609f44475341f108a70650c4193e008cd4a898ecea551b74967e', '68538dfb0658bc5af5772acce1aadbac8fecb3d07ec8b5bc0be30f099c0a6c6e1d0ff996994dbd3f', 0, '2019-03-06 09:29:44'),
('d0ea2fc29d06c542b400ee00e7e01a300c66d7dcffd0ee88900ddf79b6e6351174f774ca5d5f84ea', '88a2388bb73dae810c03efa470190cec909f270ac330f77f5cd0b4953fefd4467941b10bacf0b9f0', 0, '2019-03-13 19:37:03'),
('d12f0a501f63d96463df89d1770e10d4b6388e178c65dbb6281faaf62f0c48e8d2549a3b7fd64faf', '11533172f6a7e7b5dfc03cea3e0036cd2e16394521932216e456d6a57d78770cd1d1eee8213d9061', 1, '2019-03-14 22:41:27'),
('d15ab2268d77630f55479917f2010a2ea1eca2f610adafb12353955b2a521b6c58b8b70ef2204374', '3b10750a6d01107c3955a8a0c7526ac8826bb86e0981c4815220131aa8bb22317f1db8edcce3f7dc', 1, '2019-03-08 10:04:50'),
('d15d84642f24394c3428172a08173141a93a40e83d9b0e4eb22e4afb49feccf9a447035486c4a62d', '0dea996f75f5cfa3653982a589e7dc892e2057f0c9219c71b3f5896d553acc2e64e4f89be69c6901', 0, '2019-03-06 09:22:15'),
('d222aaa9d64387389e86c05841289b408731cc58e8c7df2e021c6d86f78ff08a959e6b659199e55b', '39613aa4e47347647ed808bbbbd625721c2024b175b1113e4675db5e98a8640aa4edbc5ab54f4b07', 1, '2019-03-17 02:33:44'),
('d273a277e83b8436bcb1037a5b554b0ae21b3063c3f467ca2333087962b03745b382c93bfa7b1be3', '4e0525a48993579224a37491d11d408b4ef9ac342f6b53d1f1f94b964a49cc933606b7ab841fd72c', 1, '2019-03-21 23:37:57'),
('d32f308e2c066adbbf0662680f64ee6214642b5ac5e1be90693b26f47d870aa0d753a61919dc3e6e', '3a2a52657fd14563bc1e9858ee4b1d92e45773e6299e10b24296ead049ac3e2b0887abd99e758b68', 1, '2019-03-09 10:05:48'),
('d365d5d638022e13a890b12114409acbf70fbda954bac157475c687b86a133f506c243d9d7597e48', '1f1acae2a0e5ee859d2e9f2b735723fb6685c012fd825e461082dbec85b38d67b89b94ab3af859f2', 1, '2019-03-16 03:18:10'),
('d367283aac2d5d8d0745532421d4e0101a654da17ff41e8e460a3b3fa58a7bac15596217f4803127', '46086cad683d3b2156ad42299d79e550378c9420086ad93a3beffa27a8dd57a42c40007fa54d06a8', 1, '2019-03-04 10:36:26'),
('d4610f4d59bb3dfc400ba2a98ace13918cf8e9fb9238b8134813ef817dadb44af57bc368535d3f27', '3d869dd0c5b27037a9f5971c5e2c58efe442a94e580460a3dee363630e368f2acee403a0946a1a51', 1, '2019-03-06 02:47:17'),
('d4c293bc62bb46b36901d05bc496077c3e6dca867c3e017a00a6cc3ffb3e238cf5c57956b6e9f46a', 'ae8df03742c86288f0eed1807e2a12c250335d65f8542d7314c78afad330f332f23baa865e374e55', 0, '2018-12-10 03:57:36'),
('d51e47cffd7c3c2273fe83775f22c4defe65571d19eda760b487a6cd554c8374441a50f800086a0d', '9214d6d37fae5ef28e4b39be12840cfc7ef3769d46c4b24859bd68c9c5875cf2530e6f0b0a74a768', 1, '2019-03-15 08:28:29'),
('d537baf44500c59aebc1cfca210e33d46da3bc31d0dd8fbece098c9e4b89640ae773ed7b72166215', '2fb9d22f755675b7869bf2f00c3650769835a34e70bf822037c845af2c19a9011a0a0ed97f90f0a2', 1, '2019-03-06 02:42:13'),
('d5ac58c32fb065db43e0eb9f7de1f92fd02999787871f47cc6f4c0c5b1c2b5cf6d03504d47e8b651', '45456a8dfcf13b6d1c429e8e505ba9a55b380b05773b7feb8943ab6a1bb511b1b0d0e5904e1c4b0e', 1, '2019-03-21 05:55:12'),
('d6a5a3f005d52ecf553c597b254e9ac9dd782fe3aea910524b5f6406462ad9888e61b234286ccfff', '6d9723e4d729fea1efa325d91b19989c9d0363201befb6a9f1e3e1a3bee44749e4333a21bd9fde3f', 1, '2019-03-14 04:08:48'),
('d6a652189b21f4af3593a4a64ebc5c0e76417fe81a424df01c95e813f44acafefd88c7fbf64f68ca', '085e8ad83e86fc51efbd61f61aaf0eda00f8f8ca0ac6a1d0971b95533a682a16d333c12e5f9436b5', 1, '2019-03-13 03:13:48'),
('d6b378b982239892f1fc64d68e5eab44b522b04d15bd182bc26d31f32c34af49e77464b520aebf54', '1737e38d3f8e50f90474d0efd8324adbc777f77a7ab6daab43a98a85645e607579305bf5dd2ea089', 0, '2019-02-28 19:21:18'),
('d71c9d65d151806ac6bd89723e7e9852c0a79b3a06ba7f688366d89177488fd7c9cc08ce6bc2ca1f', '5599584d1c76e080fc96ae3006c03530b432f207ec0c0eba4720e7ee2c239a764145d38fad0f21f8', 1, '2019-03-16 09:11:35'),
('d76ef9364a6126b19f573213dfa1f7e7994e51fd2ea922edaacd83320a7aed0a18a5a6f6420304e7', 'a9243a864a8d19ab6558960a1989329f692ba1aa9b249cd26db58ed889f0b73faacd480c5ff9f269', 1, '2019-03-09 06:51:55'),
('d7adae9891b81e00f74bbe2e00c3472cf114b186d55f00da6f519b08b35636c42ff4f0bb754fb90a', '458fd74e0b49c64eb15fc584fae10438cc17592a6bf19f909fa4cba6e7dee3227d741c18596e86a2', 1, '2019-03-14 02:59:26'),
('d83133c526bd802b06613fe4b949d64a98b5c108b198edeff202e25351232eed7a51071ff2791489', 'f785e37cbdf9b2f339f78ee8d8960570c534403ffbc96be544e329d6dc29c73717149589502eca1b', 1, '2019-03-16 08:08:27'),
('d86b37585958d129f3f7dd394948be6448a0bf56bd2d6ccd6c79abebf38aa652092123ec05d5ebc0', '911a3fe323f6dba727c922aef705b596ac470deaa0c4bcf2336acd0215f9a85cd7320dc1946d0f70', 0, '2019-03-06 07:35:48'),
('d91c6de793461281202125089bcade374b73ce42dc922de5d5c2b4e94405d2b0a5147195add41c25', '1507a9d35367951ee7c9450bbf3b53e63afa462cfe7eecac46d64984e9ede610751d638c05cfc6ca', 1, '2019-03-08 08:30:34'),
('d973b67c0c3120be860dc9e67a506ea303f46907c5e2e71d19ddc2baa4020f4e758d0125289b6fc1', '11fbf26cc1f5bb8b5ec30c1eec8fa5d1a9a5818670b1653e6347df26aa5528703dd688847f7237c0', 1, '2019-03-06 10:10:45'),
('d9e1941b5f59c2b99cab9a2476067d5ca15d9d91bd0b65cfe6610513ecbc967ffeb55a931016a65b', 'c7c7b03c76659e9255b3e353955aa14bb574c36abd70344e7da90b07ac58945276a627e7aae6200e', 0, '2018-12-30 06:14:08'),
('da066837f1f336684982e3408287850fc6eb7378db72356c0cd385d2c55f34a13e9d60675172b150', '7aab3d0f95b5fda3cff3bdeb21a2a240a5993682483e2643caf7ae37361563e98f02bea1a4b20c89', 0, '2019-03-06 08:02:39'),
('da0b49cf0a4378c1dfe4dabda741c1e6c5a5c3e39f6f977a6f28eb187dd7660e1c487d10bed39cd3', '0e3b6af87a27906b71d3e0d63bfcdbb191b324d7e57d6296654c45e51b74532047fa00df1d3e0372', 1, '2019-03-09 20:56:59'),
('da1658c6b5d2419e748428a78122db8ffc9a2b2fd1a4a7c615fa940f9243b1240492703291c27cbb', '548a68276f4c5aa64261b09305ad5ab4d1b81ea4ad5de8eba9c6b702a64d0c8c256920f93d672d2f', 0, '2018-12-15 08:09:58'),
('da18e56d3d1b9668f9eb0886994e92d5d7e42b8aea4b3b4cf610384a08e52b5c2613158786f0caf1', '59557810e76cc8f735adeee288488bc8ddf9af4840343860ee0178e4aefced2807d7f2adcbe09a97', 1, '2019-03-09 10:26:25'),
('da54486402ca187063296d90fe55be626a0e399a4656d5adad7a3d831e1aa6a998961115b0f904c1', '29bbe103c12484285028ee421af01ae530dd09584d50b23b84c5cd0c8918a71d59a28eac283c9f22', 1, '2019-03-13 04:19:29'),
('da8bdc62f34942b44a6b69dc4847627309ad94e4bf1114f3edc918f6509d42d2af369ea57f877147', '450a6d1e6fc4030c6c33cdeef159e20dfbae19c1dc7704996fdef520390b45d6308e5d649c25fccd', 0, '2019-02-28 20:34:06'),
('dbd12834b586e090b7be203d9f9301cb06df2c45922102dacacd705cadb2774e4d37f88d5f3b8a41', '212cd3db0b941bbeb26e6bda2e512ea7911dc2f31a6044361cd404a02a34294f04ebd2f6dcc43be9', 1, '2019-03-15 01:42:03'),
('dc115fdb5b531ad768e68e0eb61c8d7970502c308cc12b1029264fbf609ca5918b6b3266ccf41a16', '5d3a8d242fa12f60db7887473a3554677a9ad93998583518aea9f66f9360f70ddc750d24cb0d2076', 1, '2019-03-13 03:45:42'),
('dc447becf34035a4b00f4291be208f1c65312071347c2e196cc6ce77f20a1835a661309973e63188', 'eb922d3747f0b3cad3acb2fdb0f8de1482420a10415ad119c2afa6b3aa87d1c81f2f8e792c095dea', 1, '2019-03-14 06:53:19'),
('dcac1b7c7f11969438ae2f8ce5dc591dc5c0ef50190c2ebd30d91044b463882f3034cbe53bc4a252', 'cf68a56a7b80bc7f6c98995fc9dcf39434fe49a88039d680eb4410437a46f5e1279d2e4e74a678af', 1, '2019-02-28 23:43:03'),
('de154e608532341b2f8e639f36d0c6daf75ce946ab5740fbcb3de2ae2a9af87bba048a3580a55426', 'cc885cf1b46c679c0fd8114729a962af0c468b855e39d1f861315c4b06579ca93158140726bd0fa7', 1, '2019-03-09 09:23:21'),
('de458b9a49a7239dfb01e1d14e8d1eab2c36e10f3715435790e0f70f4760c98dfa0ace46b931d85b', 'afaad66b4829e2441321d421a2a924766d35048933368d8610dc6a7125e34408783718591c9a0a9b', 1, '2019-03-16 03:25:30'),
('df389052fd8d36b2ff03cc0a22ef2f85aeb0c75e4e27eb5cd2cdb16db79ba7cf0842e9b62c31bd76', '7361bd16fc7381739181ad562ca8f58967abf0c2c4606d6a2534986fa894f67e9482d4c8552714da', 0, '2019-02-28 04:01:33'),
('df58ca2ab0162552eb626fb405d57cc258d763b6c2f54e90818bab15d9b3031b7ad9b82b2ddd9f23', '03bb0da35b2c5cbb602dcf43ecc54b07bbedf17b155e1bca7128a02008d2e464ad72f4ace80b7f51', 0, '2018-12-10 04:49:04'),
('df7caa27ca406349f4b5d1bb89390d9752782b48b7fe31f8ae1046c908fda411b32448276155170e', 'bb390671b42f5f4e0d48768a8edf2ef3c77458504ec7e816e678c059856708f3718e1b454b6a7252', 1, '2019-03-22 07:00:25'),
('df83b1e1acc7c2222c98df71b0676e18d76093bdd089e671318b37829f3524f1524546abaef529b5', 'c4b66e6406557401afa6282e2f777646dae1c3bd291d087efb97de5a24802069d22c6bf371bc641b', 0, '2019-02-28 05:07:48'),
('dfe15f15a8cda64be973db1d91bc9e5738baa17672ddb333b57701a5465f5d632350a16a70163c80', 'ee607fad9786b5310233db43a6f4af5f7b721e8ed994ecf15bde5d76e15a372fd70e6213b7a7f0f0', 1, '2019-03-09 11:13:38'),
('dfe67ae7f43a07368f3738f0ddfbef87721b92faac437c16384e608309908223a172e7484c97e22c', '743667e224ebf818810c8c754bae481795d18040223246138e08fe96166300f5a0d5151293838c4c', 1, '2019-03-17 03:14:34'),
('dfe81e70d68daeb251e4ed204932e6c903ecdb83644890a5f096874b440ea3a2705220b4e55265cd', '55fdd350ea5d758c9a63f282c2c4ff647f5eeb4d2b5ab684869eb76e6c34269f7f1a97996df8e599', 1, '2019-03-22 06:20:52'),
('dff949d05b5040b66274ba77f8665b1a7778655be557e22728abd25029416e394db1833241882ec1', 'a94efacc6d9bcafd0ecfd5aa9e48f522921b722838374601037b25552cd8fe7936784f4fbf411894', 0, '2019-03-01 00:55:28'),
('e01760922b1152422cdfdeef5383c48d6408bb5e0f67eb270ab00d90dd427df3fc5556cf85bb235f', '680ba5d6be867aaf814373e38c285c76ce22fa8031fb3cadf8fa4d1ad026bb31654850c46864a889', 1, '2019-03-14 21:30:10'),
('e1693ba64b2f5fe954461cab346ea2e82d7e87163e663f10c30550f278f594d3fed8305f7e1bd191', 'bf57d8ef7fae07ab90a4bf829838cd90c0396f336ef21b5583eb733b562b274d4d96aa675bf33a63', 1, '2019-03-06 07:01:17'),
('e176ae0d03ebdeff93735f88469893019fee9e783ca9d1a2dfcbe938bef7934ff5bbc72b10fccda2', 'f2aec99c0bc5b008895b063d20ad747ddeba15e67c1c34a5b8a1dba6eaeb1a3307db4dfaeb6d1bee', 1, '2019-03-09 07:16:05'),
('e1807ff0c4950dfca1864ac4c024f3c26a6fee0308f9efad67e3e84210bcdbf01c505f888644afd0', '4db676f5d7953657f722b4904274b5afab585afaa22306edce8fe1331679a647dfad2653b1c479e7', 1, '2019-03-15 07:48:46'),
('e1a7ef45094b8d481c46232d2efc536c25977be2778d60d07a93c249c803a3db6e6bd1e25e168b3a', '47067e7bccedc09c6de8bc62315e8d1b03b82058b65998b93186cb32709668386211f93d31326188', 1, '2019-03-09 07:49:53'),
('e1dca31ac792c17b515b02e7804ebb4f0b5918d9f87623679f6cf46e426873dfae6ed429e9afcaa8', '8ecc8fcaaaca508f8b5a84513202af4ffac8ff0960607052bcdffb5d1334b5eafab486bd509fc7c4', 1, '2019-03-22 07:13:44'),
('e26172b27617a6c248585ce3ebb0efb00e35e93b6c70a4c96417c5fe403c5fcb568bb12eb9c275df', '3597f50bd9ddc6080f3c68a2c89e1b5472c3303b5b8db72df7c7a5c20cfe8ddbfd7b044deabd334b', 0, '2019-03-08 06:31:00'),
('e2c4d6c62493f18598258829e15113dbdf107f3945c8065290ca65cae588dedf6ab4310236bf027f', 'e8287635ed4e274d2eb6d5ed30174e06e29a7134773250f6ab15d0c31f1e5bd3b265b2f49488a130', 1, '2019-03-14 22:14:15'),
('e2c6423b9417cc5ea9606ffe2e2caf81a47deaa46b0cec7822607f133211c0f862c2a47b9e632cfe', 'a73ee479ed8a7404a1b325575274de49798bb9a57d1f1ad18278f81f2de4b0ccc39be9351ce9944f', 1, '2019-03-22 09:15:10'),
('e2c90d664f6f1cb8f19082d0def505b01bf6be6a12f45bc4143137c228a7d2dd15b1dc4a4eeaf621', '0001af0e942496711e7f416ff041945da0a20ba7862acd67f02cc5419677d53bd637b5d5d78bcc9f', 0, '2019-02-20 20:47:38'),
('e31ab48a972aba042b79bf3e25f80b22075a8a80d0eb051f6184880add53c04c9b9b3d80b3a8daa0', 'b6ae90c21fc32eaf7942d9c878300865b55d7d7199c4bcddfb4d24136c70fbe1e8a6425abe60cdab', 1, '2019-03-16 08:49:01'),
('e374123fb09d558313fe5469ac92c8b8ddbfbb8d616399f738b31b9ead7711d44f913e449ff30533', 'cf82ae37365d4aad2ff8e644a2a33875ab7721248f65d4e7e9985ba3ac37c96caeb1dc51ac5ebc82', 1, '2019-03-22 06:06:46'),
('e3e3c0cee3d8452effdcdbbe3178111c86c42eb7c89b27ea30814f3a6589100834b13c7e5edd4503', '3bc3628343073f13809687085a048359413d57a7f3acf42ad263740d75905f02eef30008b4485a1c', 1, '2019-03-06 06:59:51'),
('e3ffd44b82980195f05d5237f216541f5b3754fb8cc30a02eb413eafe06f7468e3684cbdaf99c8a0', 'f4b61fdc198a597f7e56065c19446db2d6483e6842dc72e56c03852e6d85a86fed02ca67cecdc1f3', 1, '2019-03-06 02:14:30'),
('e44762720649db957482faeba2dea936d37895ca0646bfca73238398f731aad88866c0e7a8f878c7', '80b1a183c860122208061e2baab8b0ee9776eabd7da65f8ae9cc5ddc0dd947ab5023b4632b1bc64b', 0, '2019-03-09 08:25:43'),
('e460b1a89f9b6373888459f1ec36ff2524b280ef7c0d8038af9a1cd7ef40f0385e0d3f8a92a65704', 'd77cbdf350530fc0b3b4f557488637fae5972855149381ed84e7691183fb46a463f60698f6e3ebbd', 1, '2019-03-09 10:01:54'),
('e473c3ade9a5e896fc6fbd51c7f6dd388d6c9208a0d6b2b74c512f58f738c64ed2fdd732e93cfbca', 'e542b004ecbe98ae989e08de020be12a323fe99d78d53639be7043a49940dc68956f04af2d3b061a', 1, '2019-03-09 21:04:53'),
('e4f2dd5383029e88c0654299b23212940d171adc3cf47fd83c22c13a46164b5978bdd0035ccc5767', '695a5436aebee47896dce10c1b203e9bb0594be584d8bdf7f2446de5404bbb9f16bc976d00afe1a2', 1, '2019-03-15 03:57:52'),
('e50cc39a0d0919f99948fa485fae49ecd42dd84b14e1215da1ef9bdcd6e3492301ebdeef53ea30a8', '782c85f5c472df72e6e9592c672a9f6bfb7f7aad72831cb2c987ba57b99da328d09dde8b11f907be', 1, '2019-03-22 09:19:59');
INSERT INTO `oauth_refresh_tokens` (`id`, `access_token_id`, `revoked`, `expires_at`) VALUES
('e56d5b928ae326ff32e768840c2a3b9e118cad878ac4d38031d7d7a607cb77241e03f9ea6838f0b2', 'e916004914335f483e61c9fd83e9335375f8af56f6bc7da94db0121663a0c713c3d293e85c02f00f', 1, '2019-03-09 06:47:28'),
('e585b582a8f7ed84a4185a86a886ce43f3e7a3b436bb4ac94c4e94163d499df62ca5ae45c89b4ca6', '6c8717de5f9e32a37b3392aede2490c74327f4b37756fc70d9adca6f72e16dea35200c588c03a65e', 1, '2019-03-14 03:19:23'),
('e6f5e519e785365f4cc91def1d885d1286f629ea0c0b1499056738d84e04ffef88907cf0e41f725e', 'ab79cd580cc42cb4ff0c2ddd080622de3afc61e18699e448244c983025a655b5261911876bf0f356', 0, '2019-03-06 09:26:54'),
('e719a2686bb4d918bf8a6a7efa9f6eb8a19be7afd81bdd7c08d091a0f5d22ae8a53862af3792c5e5', '8b1769d7412f397047dc619fd3f5394a7f500d13214baa9498921a8b15d097568f11f575a213c84b', 1, '2019-03-17 02:51:01'),
('e720d1d11f52886c804fdafcfa9b120504fa371ac969b1d0b901eccde5ec637e96e3b39ad947341a', '9d5379b988cb1104e34f47f6f8ce73516a8c2d5b7c9c9e3bbb65416141549a357d399297716ac509', 1, '2019-03-16 07:34:20'),
('e7e2c87614a217422b210e319aee609779c658125df5ea66afb067b7a72a122c46b020a668d76157', '9bfb8478435e529760911f83edb7288034f5cea38bf43f1fe99d831cf22d29690e67f5a2187ae574', 0, '2019-02-20 20:50:19'),
('e8139377bbc023d3469077ffba5f69c2457ea67fa5be0f07466001811dc8ec43edfb0075b2c0beb2', 'fae58eba430b966132f8ef19cfa445ede407336750fe7db6b98b2a87b3a3a62e873ccc02ef4e3480', 1, '2019-03-04 06:36:21'),
('e82d6511b789c82d729fc1da970c0c0a4af163d7fe849d6e891c118a3d484f3d1d7fb738734a71ee', '395154d520cb39e9266927fb699f259350314814e19d1fde5e986ee24075654ac22c658b2587579e', 1, '2019-03-06 04:37:27'),
('e83a01ebe1e518133aeddf30ab16461fd58446af0bdd464ac966f7909ce90461399b3e8884ab0b4e', 'd2ea5f5368b558ead91c3c2dc3d2f69a4c0720c5303a25dc0b7c415e00e120ee8308d5de56f2ee7a', 1, '2019-03-16 08:47:19'),
('e878a0ffe2e8086d0709fc863089ef1c2ecf3598ecb2492cfd35b0130b64dc988bb550671b53d5f1', '361589d3167e16f1c51fe824fcbc42d9ba0751e75deda413639c0ef461edbc513e87e0b2dbe5663e', 1, '2019-03-06 01:41:35'),
('e8929624e9643387300b882497345cb376f5e4c9c532d10b1a98087b3c6cf9335a989018ff0dfe09', '8a115f0140e70f41ab193d8617a3136d7f74c1bc681fa3019918f8bc11a114939bd0e564e49d937b', 1, '2019-03-15 07:47:31'),
('e9429e5d7cec7587190299839012ad5b6374e32d74ca06dd2f959abe66d4fa69d5254072b62d43a9', '9eb869df72713782413fab4d7d63d9efd9b2d732f2a082444afd8c144a4d62f2130bd922c286271a', 1, '2019-03-06 04:57:51'),
('e9bbf30664a10b171edfc6fae2ec499dc59113558bfc316613bad60f5c2e8861bbe88a0ea5572688', 'cd258c4e49c8b3c3abf482c9b9093b2414bac7b8f7c09ba417270c5b918dc1c4fb65da68bf742cfb', 1, '2019-03-09 09:28:38'),
('eaa3cf5db71b887f534c60654c8958199b015a398f242ed21964697bbdc4a23f631c6c1287a196ed', '90a3d7b8c9fb2db47abf59c2cabac6cfc6f972bd907b70c3368758fa9b62f107328ec6d76d66705b', 0, '2018-12-22 22:18:16'),
('eab506516b7e016320653da3df6281cefb13c0cc0670844ee4add630b800c71d1d549381e1cc3bb3', 'b2f4cf0e6f170736353e514b0aeabefdbd681311da934e5c2a8cad57fdb388d86d8c63471b04ef58', 0, '2018-12-29 02:00:45'),
('eacdf40871395769eae874d717729081fbd0461c709c5b6a099e2583c7f02e369502ed28ed62797b', '9dc8cfa1c4a30b35062a9311aae326b122e0b2d969000814a59ca41b011e87887f951874a0be7211', 0, '2019-02-28 19:25:05'),
('eb4e7db45c459546fa432165f38bcdd9dcca801487fc96736a3a2129a3fdd4b882e547d830e62026', '07f35fd133d6588081410a0dcf641db5b260d1179ed5c30622f17b13ad9b46a8fdbc57fa1b39d594', 0, '2019-03-01 00:39:52'),
('eb578bc02e4eaec3ea658b0aceb8b050288c14d396cc08c556b20df1a0c53449bf6d7d3708cde78d', 'a726368a0200ffa8e3fd7119c33eb074b6a475a3d56b1db746d6755661c85d6accf8dfa3a0ec49d9', 0, '2018-12-15 09:21:37'),
('eb87972a938945429fd268200e1a2d95e86d8d4103ce9fa7a964361b106709689d3c183118af70ad', '07dccf8dcc91f865aae18f1dfde766b05d07256f48fdf5e1ce5a3793e8c59c46b43516343bf2f9fb', 0, '2018-12-17 19:41:44'),
('ec5990e7cf256c0d40c49f3c7261523bc96a6951a6bdd2fe1fcf9989b2818541e17294f08d768329', 'aee4386ed3699d0aeb47d0de2becf2494d7164055cb373009abddeaefe7d81995763c34aa7c1a5e1', 1, '2019-03-22 06:18:23'),
('ec80c2a2ac6916e3c0f5b58e641b356c17b9f78c690878d8d33eb973da2b20a0bfae3851f81ce85c', '7258b8532f73b8b26f0e445716a614bdc84bc69f98d8b75c5b239189490512c2353537a1560a6428', 1, '2019-03-04 10:13:22'),
('eca38b37bcf0e835fd046f9321ccfe05ceda59eee19d43bc6d507ae409bde90a8f4c93c1aeaa6415', 'a0c668a6cfbfb5e1e2acd54fcb1f747686f963b12770aa689445ecf1775d8213edfb29b2af1229d5', 1, '2019-03-13 18:41:41'),
('ed0043d919d4ed6f26439bfd09c628801643d8e5f1015e039417de03d1aa307703740935005e315f', '701128baa95908ee6609b227f485d479d40648f790928417bc2824bbe0ea266a03d44a4f39127b14', 1, '2019-03-09 21:33:23'),
('ed04660e5074456749fed13f96ad6140c6dd810ce5c67ad784221c6a8a4a47b2a528ef36ceb84c18', '62fb2c07f53a4f7a5e8eaf2ab2181dee696d851ff29c8697883580719be6361b5dd25fd31ef09fa2', 1, '2019-03-14 21:39:33'),
('ed0794cb788353e5fbcf0b01e74bfd413600ac1db543138b9dea1a430994400da96fa2a2925e2069', '3e57e43f2c7132360ce630ca96aa3f91c44ee9d04554482cfa41c3a7b7e66ace75672260d82b1bb9', 0, '2019-03-01 00:45:09'),
('ed2109b5cdf0ea86947021886b2c8ccb1cd616eee91739f1e20356cf3041e5c8b8b5a2baf0910ccc', 'ddd9314832fc2e3c67b3eaf3db854498362b16c5a8f760571cbcd239a8752ebb2f758d0d5e791779', 1, '2019-03-15 17:53:47'),
('ed367cb04c71c7dad190b57f32f229f0cba5190a8bdd4b77f9fcdef23afe931540597d6f0d5bfb68', '825dd334d7c21b5292149315c79a27236a34e4383d965a62b4bfd089c30c1dd95bde16942cb31863', 1, '2019-03-13 04:01:34'),
('ed4ef3dd21d9a114183a6a429a47b18efaea66a61fe44ce7f2ca18947711e26c79e31c132bbfa51f', '65700ed7697a4dcd7abc2f654a6595f5f063beab8cb319a882ca7d98790bb9032e7f250ba2008c13', 1, '2019-03-21 04:37:13'),
('ed4f759ba25edb10076190abf7d40aaa42c1567f8049ea2bc6ffb9d3cc5a70669b009ef537c3a71d', '8ad7968d4ece63907f32d5b258c7e14969945b0ee03ac75634f5a6b5177c04d20507bf2370a7d9f8', 1, '2019-03-22 05:55:24'),
('eda3090e8d59c8a9607e9e1e95d0b5752caf41b0a1aa280d54ef161ea3b668e310e8ff080d9a83d3', 'e004af63b3c2a46adb60c3b2a7d6636297cde05bdd506f5a0e23cab4b1bee8b2d6047db05527b4c8', 0, '2019-02-27 22:06:01'),
('ee5814c43ecbc29fe34539a30f080f9c3060d1f98735852076a4fdf3f212fe1aa0ca9d9d8f75e86b', 'b46755f89f1e9b978540c65c166102b48778a5e154256e2496d7ae5ae9513c4fa4bb2e06aadbe78b', 0, '2018-12-10 04:03:12'),
('ee7df7bc2aee25c563cd87fae996785e828ba8e47527e7bc03ab7bf058c09078aef58d767fb2c5ac', '8601a3f299b034156174931417e5d15568a7d6396b4f68c10fca2ca87b0575594c57a1cb583e4494', 1, '2019-03-22 05:57:32'),
('eea6ffa21885c6c90c5b0d3e229084f9d5271a1e62e6f7b6e4a4a45645c8fa40eb931cd9978751b9', '56eef1c6b8bf6804eab53d2471b5487c8b1673735461ab6299871cc984b2114cdd035edcb22a9d5a', 1, '2019-03-14 05:34:43'),
('eed1cdad1023012e6ff912154b933d958358f8e0c59d6473d9c37e4fe2ffbb04492a5b3a6a00a859', '43b81bc7eab1a2cc4a1296842bc90477c35bd8162f0096594085d5ea51b7ff5dd32ff08a865ba982', 1, '2019-03-16 05:41:39'),
('eee453c8cd64fcda29e127db049b02eb35c77c8bc0e349cd4ad62be315b52ad4d06297e45c810dea', '85f204e5f53c0e1c8d8d889ce34045f9a60fa76ec08bd1a6c2bd9d42eef1785221bf6361dfd0d7ff', 1, '2019-03-16 09:15:27'),
('eee46ffb8b2e108bb3fbe96d109cec17fc14cf92ca1889bf77061aeb8a136ad0bb15fe8d354d10d5', 'd89cc48e55c169480ee740fa6c6304a4ce1ced7d64785144c303f488dbf9392bd0c8b003a89d88ed', 1, '2019-03-06 04:39:09'),
('eeebbad4e85bc6e391798f80cd68d55368da7169d3ab6fc2aef9adad8f3d6b730d3f08f3c8a31c6c', 'c2c83924be67d85f54afd884f06163e48d9f0d4e44f07ea2030892773aa7e5fcbba0bd1edabeb925', 1, '2019-03-16 05:37:37'),
('ef1218dd636c3d5be353ae88f3508c15b179de6cd34a8eb1ac1dc06701bb331875653d53fffd7cd9', 'cd6652114d39414080b1343ecc58286a9b285152f6169ad699b114e8cb0e75df06c6aa443f93ca4c', 1, '2019-03-13 04:14:15'),
('ef266f7d04ff19ffd19ec9219558b8335fe31f5d6ff2865cfa821d9789a907dbe35b814751e7143a', '911f8bbc0f389a6d6c88c31dc1f771d2f6f1a77f2f4c222829f710363db56843a15d78e23ea93e5b', 1, '2019-03-01 05:24:08'),
('ef3ac834d552e36d1801f9c2d4dad3fb4e5b2b84275ee945da4ad5aa9bf97ad1ad7de785b704fd5d', 'b697328e3de30d49ec39be9327d554c8f6d4ad7882818ac08f714187444412fffa032e19ec505cac', 1, '2019-03-04 10:44:08'),
('ef52a93079d670a421e53b7f02376951ae2ab0fd359f63c1ca9a65288216f539f11c8ef38ef795c6', '7f99f9da864cebbec4013a9f898f9582e985305f730aef3717694583d13669306bace578a3467840', 1, '2019-03-04 05:40:13'),
('ef9f10fcbf4c2971bfbdf74f22e3bb1ee7d9643df77d07fd1144f9f59b6954956cac479e5c7df7ba', '987f416849fcb8ae88b24c2105327238ffde7d61a16ee33e933a09ceb00afe161b0e4e96c949459a', 0, '2019-03-06 09:29:49'),
('efc0fea1860af48decaccee9a0bed229e7402dc9e82b40ec3cc9321b19cb293c1eb3a6c5c9ae2226', 'c223d1493d49173ee4844bb2e10dcacd40bfeb32c3fcbf55a3c192906e8d60b97e2223495ab6980f', 1, '2019-03-22 06:15:09'),
('f0952be72a57015fb096150d10a8c6e4b3e7efec6a3ef9101b5c2de2b58cc88d6097b4d96f0ba787', '504b7e9e0d67ce1cd14fb6d5393c0caceaf5d260c5502ed454fd5efe6742146f2e25c5f479473aee', 1, '2019-03-06 11:05:52'),
('f10c58a79c8080e323e94c335836e08c7836600724c9ba270b236ed38bb7cf6503ca69322dc2113f', 'b52f8470ee4fd78491cfa0f090309e5aa77e9b9632b73713e1a743ee13c07c98f8fc2c2b53ad7c73', 1, '2019-03-14 06:51:39'),
('f193f169d31a32f21b716b8e57d8e21f3d68c9600dd1294d170a02d65f0d078743fc01207768c5aa', '54a56e5e3253f3aaeb4b5f44d33ea75f69256dd991143ced6e558a6c92718194323731eced49cd66', 1, '2019-03-23 01:15:34'),
('f1ab79e002dd3b186844bbacd51ba4a89c5fe5680bd8677b13a532f47ea3c94c9284f8a4ba10b058', '3875e69f040a9c702aa8c79e5affbd4abb8d5f021b10b0722cc7c617d7d6c5c9a827fb9cd4bcf047', 1, '2019-03-16 04:52:53'),
('f1ad0bc78c04e2397112fe42e6f388e0e17437549906ee9d309f20fb5713da7a19c08759c5a6655c', '5dcc08838b1afcea48effb7f7e21f65162d8ebd2d0c5538ee9c043021dbe9de7fcd24227f3fcdf63', 1, '2019-03-02 04:54:16'),
('f1c6e42d66f0ba0095a7a5813eb0276a66df8fafad87ac8ba4207fd7202869defca863698d2fb7d4', 'b9ff94bb6ae045e794b74c7eb6a88bc8618eb5503c87e601ff3d8a837e98e83894538bfebeb0916e', 0, '2019-03-15 04:16:51'),
('f200534034a8c1ac2edd3452a8ffee4bc8b300a9a9692cc017d44e4b0a896df74384c0aa1a99e3a9', '5db9c141f56d974e09f781bc7fd66f806224221e1228d20a2de810187f6213546cf10c8088d42a84', 1, '2019-03-14 02:12:32'),
('f2022f758e814b6cc5f41e55f3532ced38904d45d1cf58050d5c17373fedd9c7346e9e16c508ab34', '7d4445d4fe5cf09275519e6bf3cd091e27a00e3f2c6db02b89ddc016bb7b977234da3f16bb5dbb48', 1, '2019-03-14 04:35:41'),
('f23a46bb6ba2ecf9dd6acad3ee508581df14f81256ab8e8c748392015292ce9bb32edbd9fc1aa4fa', '2a67607ab4cb596a9b5455a91f256b90d9384d3cfe8fc2e5abef4d96e1ce806fcc63f057e9b29b04', 1, '2019-03-22 05:51:40'),
('f2806d5007c3e0eb524ab68ed7a39e42406a2ef2d025e056a1ea4255a771e373afc79a6801368182', '2e7d6dd73fe4712d95b986d20068d1276221aec78e27c09f13175f085a3cc98c7fb9cf8ac5f57002', 1, '2019-03-04 06:06:01'),
('f2c4857290c4069324c6e677ea1730a956ceda67fe8c851f6a8e1e469d5497c16cfd4d49564a5250', 'c7166433f52965987833b639c1f2df9f848e03773ce271f41de3f93ab4814d3528a9b151618abbf1', 1, '2019-03-16 00:30:30'),
('f34c278b8df2b6ce2102d992e17986bf3b00077fe90e851cbefb6cdd34bfc7bdcb03d275c9a1c19b', '0de52e3073cb2a1975b43306823f34f8776e4e574b62ba590038cf246e733cba0788e09309e1b3e6', 1, '2019-03-09 09:43:20'),
('f35c3e77afadfb50b6bd4d247ac1abafac17a246cef9139c90aa71a2ab6410be55ecb8715e35a3d7', 'd47ca1d21e69055343fc3656027da1a6f8a625029d11fec648b737f2ae859e8d9c0f1bebda93d183', 1, '2019-03-16 02:12:25'),
('f364d2826c71274e6642cfadc2c1d2057be431a9db0859818bfbf21b378c0b66b8b02a4ea6955972', '5a62aa5b45a1c7afb6cc0b93da216dc546e817f73e0162c951b9e47d336ff1132bea8347e788b2e3', 1, '2019-03-04 04:45:46'),
('f3763d93f07f6bdf329ac58b68c4b5b73b8eb365d7e577656d8f3daea14bffd864806a0b67ab1438', 'dcf06a3f13659063024ae9f74ff078ff8fa038fd1af8e4702d9baf2c66f3a5942f17a411988d7921', 0, '2018-12-15 09:17:54'),
('f393b01bc80d92db8db7e240e2809429923a2b9a02028d2e1ed039d00ab6ef2b6f9b2b37e2f1a546', '7af81ef918ff1003970a9f08c39e995d7a6a2ec520d880e3a430a49d2c85aaec2d3a2fde9c357d9f', 1, '2019-03-16 00:43:16'),
('f400494990f14057fae35f18cf7f786230cce7101aac923a0dc8287d56a8daaf6dc4aae8ad8ddbd9', '3816bf88cfa7ef5c2af42927c441a77ded616923402165a13e48669b9d9483bd73abd8e620e1e15c', 1, '2019-03-13 19:44:21'),
('f4a6c690f91cc0834b0a15a32b31d18c6f45ecd51b6e9580c71b2999330e7d8585c8a690dfb62c37', '6bb43a5aa11dd277405d69aa0e11992da7a2d21fd9d4024caa2aaf57294fbff6a73ba86ffff66134', 0, '2019-03-02 04:50:53'),
('f51809bb8d68aa81f9e52062b9904a8e86ef3224cab78f7c69101d1710213bf702fa2db3c1b8d1ac', '467f08f925a48e391d3c9b812a12b17419a58956b90a6d8cea380b2540d72a0a6e74a4b9e06b9791', 1, '2019-03-21 23:17:22'),
('f5f869a5d7338389495572305b2b5372cfb4b9c9cd4c8aee33109df601478550f76b66b94aea6dbe', '4065f11b05de8f78307ab720f7b4814a46a459489a93c873d647e0118fc165123c359d5829887478', 1, '2019-03-16 08:14:58'),
('f606e6ff2601c135a15aaf5474f6fffaa0146697a190e0952c0ad904b2d1b62aef16fb6373fe3308', '7cd57ad90f792dfa39fce15d36a3d7f10021548ee62a3bc5562e87f76aba2cf35a40839aa11d3345', 1, '2019-03-21 00:38:20'),
('f62d2e8c00d958647e14cf87b9c3d3643b4e71a6cff42940e268c1528da573c90018bd29c0e5932c', '510325c55bedc6aaed8627080e6c8edcc2d18d8456ebbf9c0fc965ea5e4f83eb2054d9016e13fb56', 0, '2019-03-01 04:49:13'),
('f64df4f4a4e39dac53e4a5459ccb357fbcde3ba02abb52aa8db690c6964da5a74c0fc93728857771', '682b8353b2bdaa5b1a10139e7188390652ea24af3896879294184290a84699f87a2a4e4408aa5c48', 1, '2019-03-21 00:25:58'),
('f67aab345c399a8ea75c9d740f4a545d0674a8493a2fef4451b57e163fd5e8eeee4145a37d088f45', '378e7d5a043c024a75aab48f3e3fa0e68e3764e7c0ecf58704af047254d62216ce537db5a828be15', 1, '2019-03-22 05:10:18'),
('f686432b7de0d9e03949f9aeeb10b67dc1a3bf40e4f3675789cc9b65b576b18e9d85edfced47761b', '70fbeaf07be0ab509340b7c973331de1267c4df8756ff16ce080a08695b7ec1e95a92f98746687c4', 1, '2019-03-16 08:15:17'),
('f6b4a1e9afd54fdcfdc95ed206c53cd19beac5779444ca78f482c3fe3f6d11917096e1ec916eac6e', 'f10acedc7885e619a73331ab648ac3edbca2688647c9c3db4523187681fc90a006e4d1afc5afefd3', 1, '2019-03-21 01:59:38'),
('f6f90d2206df78d1669c4f40d1f5bdf709fdd82fba61f46695d53883c60d3f20650b4a81a21e350e', '6f1b5713712668bb1028aeb56acf5408141e49e1b552a1476ba4459790e98ddf690014deb1c6a236', 1, '2019-03-14 04:21:23'),
('f6fa6c4a6d9b2a437cb2bbc1b6aa6c77bc11edb376428b1f106f42defb2b235b1673dbb4fde3bfbd', '8f588e88d5431d64b1dd4930b0d1705a7587dceadf4f3c0eae7c43be7e55b75cb354c17306eab9e5', 1, '2019-03-23 01:31:48'),
('f75ec0070bd9744375887427f7967f46e279eb426fbef9f71770f7a3dd1c480c94fc4232ee266897', 'cd7171cb080ef6f17f27062966bc2ec1693dbdb9f9c3cc9a93f70ca346fa4b2bf58a629ffcf0f4ac', 1, '2019-03-21 05:59:30'),
('f7f66fb70c41a53ca0ed34c38ba33ebb892c5fa12fecac85a0b49328badc971b9c537929c7fd1399', '62c1e441bc1763dd8d7f0df3fc987f490cfa5d5438de6c1cb332f3042e9feee2f49e55f8dc413c65', 0, '2019-02-20 20:42:13'),
('f8d4e8e4fcb37136285987df366e73477a24190472393b9ac7a4c4306bcbaf052a04acc3c300ab22', 'f2528a8d421e6e20fb053bc55e7967c5b5f430d3089ff24f2f69adbc6da80949127d200925e97822', 1, '2019-03-14 03:01:32'),
('f8f6e42ebd91c889a73bdc20c2731dd73039228a9edc6303330909edee7f713971a041d9f6eb675c', 'e0cc382b82792cef979fed2691b9008f80d852513edcc293d0a56d4738f3de1029532a1c53015d93', 1, '2019-03-04 05:31:34'),
('f9183c34797d4c827bb4024e8ddf306e1d1a2d74344440027869d15719547dd76ebed1295e6450e7', 'a683deb7246aba2a599c30038c38b6cec76a903e42c1dec907d3cf7cc81f77330f25914522a3f0b4', 1, '2019-03-15 21:29:12'),
('f92c7367de48101b228f092b031f8d3a70b1137c943bb0dc85857a68c16195ad0a62211f3de61181', '9d10cf72970b2cd5151988c96b48303206cc283fb087fff38f9dfebedc09bb338c8c585fcaaf098b', 1, '2019-03-22 02:34:33'),
('f9670dcce1fa960fbf654fdec3741bb4934498dd1f4e95b450ea793899711db8d1ca0ccdfb177520', '610a3667bbc5bd03931135941b24e963e7c842a0a9f8b73f27461afa688e00410a2497bc655e6a28', 0, '2018-12-23 06:36:09'),
('f99f05bacb8ffe854a5e85fd4daeaff8ed8f7b80e89d49d9895cf32a4d318db29dbf2ed44550689b', '0fc3a49412e3ab323c3095c58a12e1ecfeb9a0a4f754179225f20e1af38dde690cb7aab35a00b682', 1, '2019-03-06 05:06:00'),
('f9fe8109d56006ae6245659dcbbeb6ee9e2d3fe402bff86b0784b8e3d01b4a9438e9597af43df600', 'be20652ae1abe896d57d75cb97f9599cf660e16ea4423b25de3b806685cea639f72c554ec04359db', 1, '2019-03-16 07:01:07'),
('fa01ca5afaa7c7a18e66546b1caa14a60f91b39fe9350dd84e1acf68c02d1895eef14d992652b151', '2f4c97c4d35eba6ba080824dd956647de09f09cc848135a1e97d752ff6b4e8cccf65dde5d0efe621', 1, '2019-03-22 05:16:48'),
('fa1f0ecedcd6b01ac664eeba3616d21ba8be1ea6011ee87a614cd7209774a430cfd192e08912a6a8', 'd5f1dbd37d9f273a0f728ba636effd9a034fcf6bb112725c10a9b2f30956156a6f7a25563ed80ff2', 0, '2019-03-06 07:13:50'),
('fa376074f7eb8ccf08326dc03a34d3ffe12a040e72c8878d774dbf765cfb5a961e87e936a85de96d', 'cabe1f63b6f7a48f382af8e3293327c81ecd2b266ee6368d3561753dcd6741b7b8de8b2ebb7b05ad', 0, '2018-12-21 08:35:19'),
('fa5a01e3c146a5bb85669f02bce81d419effc1da2340185aeb77de3648616f3d7a34b8778d2d1ed8', 'bb3bd9defc6fa106ea4cd6e1c11f0f412514d1cf3e7a45eb0732ee7cf51675d49ece38a291abafc7', 1, '2019-03-09 03:23:37'),
('fa5da3edbbf3e727e34916bce38e8c9bfc7d0e353179b98ca32519a32fe0f31fdf2433f74b076c25', '0aac5aabc26234f4868d091acea698ecfe3f2559a3344383d7e8b7f7ee7bfa23277fb9d8a31ed98f', 1, '2019-03-15 03:49:21'),
('fa99ee9555a55e73cd77420ed4386c2ba177c7c8260cc68b2ef811776b259c4fbc98cb8a70d85608', '6f7a1c1f06be4e2657a058cac8382c5039ec37845e2d296ef3697200f98b503ac3250f1f0b56e9b3', 1, '2019-03-15 01:32:06'),
('fb89fd2dbb9271e519035621695c261b27fd94770339c281adc046ae873aa492e8cb91ba0ac82072', 'e26c67bc72b924277f6035d32b3269348d4afeac061dd17f129923ee8844b7234cc71ff4e9857092', 1, '2019-03-14 05:49:27'),
('fba235e72a18afbf8371be3f00c5127916fc29b2631e29b3178747dfba4570f8a9f7ce0c47467e51', 'b918ff8b4ff4a5c8b2e5c54ee11e4a8cd05370d70452191a6961af7840790b4ea1951d69e71c1e40', 1, '2019-03-01 00:41:39'),
('fba8ce474abc95cbba9914a1149639b736340aadcd24ff2b4192bdc28eb5fd9368ad9645a51aa534', '20ad38439a7a2b4e8479270b11e4df1ef37330e15369265ab755296d73d0e3406f9fc30df4e35a8c', 1, '2019-03-13 01:40:26'),
('fc017f33fa43e5242b66c1257b789e2f4e36f3fea162e1756c52ce658097b521b96c67ba0bf4f244', '9922527bced4702ec1e7133ac0e765a2e64c0cb10209746039d382b75534e42a7605973ec760484e', 1, '2019-03-16 02:16:46'),
('fc51e2b9bad271c6ca7a29c8348b22f01bd752715bc2bfa362fb761532ada14bf2424d029bcc43b0', 'a0b2afc34a026faf34963921d6c0c1c0867e28a3cf02c71d0a8833930c2571586b3418ced7839da6', 1, '2019-03-09 09:48:02'),
('fc62bfec0d25e749e0c9b636be8a25143cbc0be969feb9470d0abe513f56fa36122c8a5c2ce336c7', '3fbf9670848cd0c1cc984577e874b136767e2dbcedb67095b9bddbbeb451561d7ea2496b199d998a', 1, '2019-03-09 06:42:19'),
('fcf61f792881e3f4f7781008d9f083992ba743f21a3b4357039658868c668f4c4340a0eb75590d0f', 'c8ae7c7082cb2faa0bb2baebbbfa8576f0ef67596bd612ac2d5a2867b91f64d6579f3c9768686b2f', 1, '2019-03-09 10:06:28'),
('fd0b93deefb0bedc91bb5c9f610f94a4a4eb7f7a73aee48a04f6b0fb33b325bd7f1ee470b6e5ba2b', '79f672b8f1975b06957e412bf6dfe85d8a9e2c4cc4420663586688f11b896241bb07c887eb01b24c', 1, '2019-03-21 02:00:10'),
('fd3574816e7be9a3252d616fe7a30f46f9cae8c92666ea7c6d2878bde6948c555e1eb0cac0e6e83d', '3337e3fbf6f1105a59368acf830ed6385a389c0061d2a53bf248844d9f8ccfa1a6658040dd0f792b', 1, '2019-03-21 22:38:48'),
('fd4d5c244c6f94fbbeb97e33b9008ba5fad3d00c3fb2b2e3a4838d62d2335a9f9c7c228fd5867da1', '4c41caf65df0d68fdb8fb50200e0ec92ba76431c94bb84998112cddac6ecd2d2ff9123b95ff9c83f', 1, '2019-03-01 04:22:03'),
('fd5bd6b6a42304f01d7e3674cfd166a5cea027c43ea57b7abcf36b4158ac0a4e4538fe6dc3cc880c', '9e7ab317ae5c8b55998e9b115356d002b72b558f20916d11c5cd67d43e0561a32847c46e09ef4244', 1, '2019-03-16 04:46:23'),
('fd8ecc7ee00d6e94cfa1a6601357d19ad9ea3a1abea2ac481e00d9bd861d633aa44e0e0af7809d89', 'a1c29a6c7fcad682159b68b3bed4c3cd03a83f9a3d7977c5b2ec077285b0fbfb5335679be8aeff61', 1, '2019-03-15 02:32:40'),
('fec6a2a11c3813c062e5a66400cef3b7ea41b69e0e097813226e589e1d2a1a9c1c12d98fdee4de4f', 'a72325442bda458120bb236bef684ddb5d0fedec9c0762404f10d57760193873222f0fd671ad86b8', 1, '2019-03-21 23:46:33'),
('fee64e1fceeb6d142484f6fa2b51633a84414c2c7aa306434ab85c55c788746791b8474eb66d33e9', 'caa347ad9147ee8d03fa915c909c05500748f5fb8d688a7c999ad908d5216ca8afd50afdad210971', 1, '2019-03-06 11:49:19'),
('ff05791b94c1ac327ae4b39cc7ae1409ab7bc2d2c7505e5df4333c62e0cbcf81bae2632d456f8f7f', '40dcc822ccc86a4b5aa9baa46095a26754c4d95afa179a3ec78c340d209e8579dd36d79b5b540682', 1, '2019-03-09 09:42:24'),
('ff6fef3c4b3d7d97973683261ec86249d3a4adac112f08b1e74c3fdfd669e4369ac34c784bf5c227', '0b8c62b4c9b94ce64c65bdfe09896ea3b0542229d8d7d1e3ba473063ed2e549b71314dacd5f3fa3f', 1, '2019-03-06 05:16:03'),
('ff89401afb86c9a23e448b98be679b4e8cb357c5e3ad89600c9ff496ee35feac5003297038c2725b', '5fdb7e4f91c2e0eb6782050ca5a84b25a59ddbc0943c0ed37f004dd41a182e7aa373bb084edcfcb6', 1, '2019-03-21 01:58:28'),
('ffa425a64725f40345458cd8064dbd026562f8b865253ca49c8bb289d1da481cecd29fce5de385e1', 'a61a809a1eebc7243845ffe194c24bcc3b31dec70007d430dec88af54cdb63e326f7cc38791a92b7', 0, '2019-03-08 07:12:21');

-- --------------------------------------------------------

--
-- Estructura de tabla para la tabla `password_resets`
--

CREATE TABLE `password_resets` (
  `email` varchar(255) COLLATE utf8mb4_unicode_ci NOT NULL,
  `token` varchar(255) COLLATE utf8mb4_unicode_ci NOT NULL,
  `created_at` timestamp NULL DEFAULT NULL
) ENGINE=InnoDB DEFAULT CHARSET=utf8mb4 COLLATE=utf8mb4_unicode_ci;

-- --------------------------------------------------------

--
-- Estructura de tabla para la tabla `po`
--

CREATE TABLE `po` (
  `id` int(11) NOT NULL,
  `code` varchar(20) COLLATE utf8mb4_unicode_ci DEFAULT NULL,
  `client_id` int(11) NOT NULL,
  `status` varchar(20) COLLATE utf8mb4_unicode_ci DEFAULT NULL,
  `po_customer` varchar(20) COLLATE utf8mb4_unicode_ci NOT NULL,
  `created_at` datetime NOT NULL,
  `updated_at` datetime NOT NULL
) ENGINE=InnoDB DEFAULT CHARSET=utf8mb4 COLLATE=utf8mb4_unicode_ci;

--
-- Volcado de datos para la tabla `po`
--

INSERT INTO `po` (`id`, `code`, `client_id`, `status`, `po_customer`, `created_at`, `updated_at`) VALUES
(1, 'PO-000001', 1, NULL, 'PO12345', '2018-03-22 09:41:28', '2018-03-22 09:41:28'),
(2, 'PO-000002', 1, NULL, 'PO123456', '2018-03-22 09:42:50', '2018-03-22 09:42:50'),
(3, 'PO-000003', 1, NULL, 'PO123456', '2018-03-22 09:43:43', '2018-03-22 09:43:43'),
(4, 'PO-000004', 1, NULL, 'PO1234567', '2018-03-22 09:46:22', '2018-03-22 09:46:22'),
(5, 'PO-000005', 1, NULL, 'PO12345678', '2018-03-22 09:49:08', '2018-03-22 09:49:08'),
(6, 'PO-000006', 1, NULL, 'PO1203', '2018-03-22 09:51:49', '2018-03-22 09:51:49'),
(7, 'PO-000007', 1, NULL, 'PO00012', '2018-03-22 09:53:42', '2018-03-22 09:53:42'),
(8, 'PO-000008', 1, NULL, 'PO100013', '2018-03-22 09:57:24', '2018-03-22 09:57:24');

-- --------------------------------------------------------

--
-- Estructura de tabla para la tabla `po_item`
--

CREATE TABLE `po_item` (
  `id` int(11) NOT NULL,
  `po_id` int(11) NOT NULL,
  `item_id` int(11) NOT NULL,
  `quantity` int(11) NOT NULL,
  `price` int(11) NOT NULL
) ENGINE=InnoDB DEFAULT CHARSET=utf8mb4 COLLATE=utf8mb4_unicode_ci;

--
-- Volcado de datos para la tabla `po_item`
--

INSERT INTO `po_item` (`id`, `po_id`, `item_id`, `quantity`, `price`) VALUES
(1, 1, 0, 5, 2900),
(2, 2, 0, 5, 5000),
(3, 3, 0, 8, 900),
(4, 4, 0, 3, 500),
(5, 5, 0, 3, 400),
(6, 6, 0, 4, 500),
(7, 7, 1, 5, 9),
(8, 8, 1, 4, 400);

-- --------------------------------------------------------

--
-- Estructura de tabla para la tabla `ranch`
--

CREATE TABLE `ranch` (
  `id` int(11) UNSIGNED NOT NULL,
  `code` varchar(3) DEFAULT NULL,
  `name` varchar(45) DEFAULT NULL
) ENGINE=InnoDB DEFAULT CHARSET=latin1;

--
-- Volcado de datos para la tabla `ranch`
--

INSERT INTO `ranch` (`id`, `code`, `name`) VALUES
(1, '000', 'Macias ANDRES'),
(2, '001', 'Jaime Ramires-RafaSV'),
(3, '002', 'Delfina'),
(4, '003', 'Alan'),
(5, '004', 'Francisco solis-asparagus'),
(6, '005', 'Hugo-squash'),
(7, '006', 'Humberto-Porvenir'),
(8, '007', 'Thai Basil-Jaime'),
(9, '008', 'Lalo - mexicali'),
(10, '009', 'Montoya - Tecate'),
(11, '010', 'Eduardo Moreno - La mision'),
(12, '011', 'Fernando Murillo - Maneadero'),
(13, '012', 'WEST COAST'),
(14, '013', 'ALVARO MACIAS LA PAZ'),
(15, '014', 'TERE PALIOMINO'),
(16, '015', 'RANCHO AGEO'),
(17, '016', 'COMERCIALIZADORA OLMOS'),
(18, '017', 'CARLOS MARGUERUM'),
(19, '018', 'PC AND SONS'),
(20, '019', 'RAYOSA'),
(21, '020', 'RANCHO SILVANO'),
(22, '021', 'JORGE ZAZUETA - SINALOA'),
(23, '022', 'CONQUISTA LAP');

-- --------------------------------------------------------

--
-- Estructura de tabla para la tabla `receive_order`
--

CREATE TABLE `receive_order` (
  `id` int(11) UNSIGNED NOT NULL,
  `code` varchar(8) DEFAULT NULL,
  `user_id` int(11) DEFAULT NULL,
  `ranch_id` int(11) DEFAULT NULL,
  `status` tinyint(1) UNSIGNED NOT NULL DEFAULT '1',
  `received` datetime DEFAULT NULL,
  `received_by` int(4) DEFAULT NULL,
  `temperature` varchar(3) DEFAULT NULL,
  `updated_at` datetime DEFAULT NULL,
  `created_at` datetime DEFAULT NULL
) ENGINE=InnoDB DEFAULT CHARSET=latin1;

--
-- Volcado de datos para la tabla `receive_order`
--

INSERT INTO `receive_order` (`id`, `code`, `user_id`, `ranch_id`, `status`, `received`, `received_by`, `temperature`, `updated_at`, `created_at`) VALUES
(1, 'R-000001', 1, 5, 3, '2017-09-25 00:00:00', NULL, '0', '2017-12-24 23:27:03', '2017-12-23 01:58:04'),
(2, 'R-000002', 1, 1, 3, '2017-09-26 00:00:00', NULL, '0', '2017-12-24 23:27:03', '2017-12-23 01:58:04'),
(3, 'R-000003', 1, 2, 3, '2017-09-26 00:00:00', NULL, '0', '2017-12-24 23:27:03', '2017-12-23 01:58:04'),
(4, 'R-000004', 1, 1, 3, '2017-09-27 00:00:00', NULL, '0', '2017-12-24 23:27:03', '2017-12-23 01:58:04'),
(5, 'R-000005', 1, 4, 3, '2017-09-27 00:00:00', NULL, '0', '2017-12-24 23:27:03', '2017-12-23 01:58:04'),
(6, 'R-000006', 1, 2, 3, '2017-09-27 00:00:00', NULL, '0', '2017-12-24 23:27:03', '2017-12-23 01:58:04'),
(7, 'R-000007', 1, 5, 3, '2017-09-28 00:00:00', NULL, '0', '2017-12-24 23:27:03', '2017-12-23 01:58:04'),
(8, 'R-000008', 1, 2, 3, '2017-09-29 00:00:00', NULL, '0', '2017-12-24 23:27:03', '2017-12-23 01:58:04'),
(9, 'R-000009', 1, 1, 3, '2017-09-29 00:00:00', NULL, '0', '2017-12-24 23:27:03', '2017-12-23 01:58:04'),
(10, 'R-000010', 1, 2, 3, '2017-09-30 00:00:00', NULL, '0', '2017-12-24 23:27:03', '2017-12-23 01:58:04'),
(11, 'R-000011', 1, 3, 3, '2017-10-01 00:00:00', NULL, '0', '2017-12-24 23:27:03', '2017-12-23 01:58:04'),
(12, 'R-000012', 1, 2, 3, '2017-10-01 00:00:00', NULL, '0', '2017-12-24 23:27:03', '2017-12-23 01:58:04'),
(13, 'R-000013', 1, 3, 3, '2017-10-02 00:00:00', NULL, '0', '2017-12-24 23:27:03', '2017-12-23 01:58:04'),
(14, 'R-000014', 1, 2, 3, '2017-10-02 00:00:00', NULL, '0', '2017-12-24 23:27:03', '2017-12-23 01:58:04'),
(15, 'R-000015', 1, 2, 3, '2017-10-03 00:00:00', NULL, '0', '2017-12-24 23:27:03', '2017-12-23 01:58:04'),
(16, 'R-000016', 1, 2, 3, '2017-10-04 00:00:00', NULL, '0', '2017-12-24 23:27:03', '2017-12-23 01:58:04'),
(17, 'R-000017', 1, 3, 3, '2017-10-04 00:00:00', NULL, '0', '2017-12-24 23:27:03', '2017-12-23 01:58:04'),
(18, 'R-000018', 1, 5, 3, '2017-10-04 00:00:00', NULL, '0', '2017-12-24 23:27:03', '2017-12-23 01:58:04'),
(19, 'R-000019', 1, 2, 3, '2017-10-05 00:00:00', NULL, '0', '2017-12-24 23:27:03', '2017-12-23 01:58:04'),
(20, 'R-000020', 1, 3, 3, '2017-10-05 00:00:00', NULL, '0', '2017-12-24 23:27:03', '2017-12-23 01:58:04'),
(21, 'R-000021', 1, 4, 3, '2017-10-05 00:00:00', NULL, '0', '2017-12-24 23:27:03', '2017-12-23 01:58:04'),
(22, 'R-000022', 1, 2, 3, '2017-10-07 00:00:00', NULL, '0', '2017-12-24 23:27:03', '2017-12-23 01:58:04'),
(23, 'R-000023', 1, 3, 3, '2017-10-07 00:00:00', NULL, '0', '2017-12-24 23:27:03', '2017-12-23 01:58:04'),
(24, 'R-000024', 1, 2, 3, '2017-10-07 00:00:00', NULL, '0', '2017-12-24 23:27:03', '2017-12-23 01:58:04'),
(25, 'R-000025', 1, 3, 3, '2017-10-07 00:00:00', NULL, '0', '2017-12-24 23:27:03', '2017-12-23 01:58:04'),
(26, 'R-000026', 1, 5, 3, '2017-10-08 00:00:00', NULL, '0', '2017-12-24 23:27:03', '2017-12-23 01:58:04'),
(27, 'R-000027', 1, 2, 3, '2017-10-09 00:00:00', NULL, '0', '2017-12-24 23:27:03', '2017-12-23 01:58:04'),
(28, 'R-000028', 1, 3, 3, '2017-10-09 00:00:00', NULL, '0', '2017-12-24 23:27:03', '2017-12-23 01:58:04'),
(29, 'R-000029', 1, 6, 3, '2017-10-10 00:00:00', NULL, '0', '2017-12-24 23:27:03', '2017-12-23 01:58:04'),
(30, 'R-000030', 1, 3, 3, '2017-10-10 00:00:00', NULL, '0', '2017-12-24 23:27:03', '2017-12-23 01:58:04'),
(31, 'R-000031', 1, 5, 3, '2017-10-12 00:00:00', NULL, '0', '2017-12-24 23:27:03', '2017-12-23 01:58:04'),
(32, 'R-000032', 1, 6, 3, '2017-10-13 00:00:00', NULL, '0', '2017-12-24 23:27:03', '2017-12-23 01:58:04'),
(33, 'R-000033', 1, 2, 3, '2017-10-13 00:00:00', NULL, '0', '2017-12-24 23:27:03', '2017-12-23 01:58:04'),
(34, 'R-000034', 1, 3, 3, '2017-10-13 00:00:00', NULL, '0', '2017-12-24 23:27:03', '2017-12-23 01:58:04'),
(35, 'R-000035', 1, 2, 3, '2017-10-13 00:00:00', NULL, '0', '2017-12-24 23:27:03', '2017-12-23 01:58:04'),
(36, 'R-000036', 1, 5, 3, '2017-10-15 00:00:00', NULL, '0', '2017-12-24 23:27:03', '2017-12-23 01:58:04'),
(37, 'R-000037', 1, 2, 3, '2017-10-15 00:00:00', NULL, '0', '2017-12-24 23:27:03', '2017-12-23 01:58:04'),
(38, 'R-000038', 1, 3, 3, '2017-10-15 00:00:00', NULL, '0', '2017-12-24 23:27:03', '2017-12-23 01:58:04'),
(39, 'R-000039', 1, 2, 3, '2017-10-17 00:00:00', NULL, '0', '2017-12-24 23:27:03', '2017-12-23 01:58:04'),
(40, 'R-000040', 1, 7, 3, '2017-10-17 00:00:00', NULL, '0', '2017-12-24 23:27:03', '2017-12-23 01:58:04'),
(41, 'R-000041', 1, 8, 3, '2017-10-18 00:00:00', NULL, '0', '2017-12-24 23:27:03', '2017-12-23 01:58:04'),
(42, 'R-000042', 1, 2, 3, '2017-10-18 00:00:00', NULL, '0', '2017-12-24 23:27:03', '2017-12-23 01:58:04'),
(43, 'R-000043', 1, 3, 3, '2017-10-18 00:00:00', NULL, '0', '2017-12-24 23:27:03', '2017-12-23 01:58:04'),
(44, 'R-000044', 1, 7, 3, '2017-10-18 00:00:00', NULL, '0', '2017-12-24 23:27:03', '2017-12-23 01:58:04'),
(45, 'R-000045', 1, 9, 3, '2017-10-18 00:00:00', NULL, '0', '2017-12-24 23:27:03', '2017-12-23 01:58:04'),
(46, 'R-000046', 1, 3, 3, '2017-10-20 00:00:00', NULL, '0', '2017-12-24 23:27:03', '2017-12-23 01:58:04'),
(47, 'R-000047', 1, 2, 3, '2017-10-20 00:00:00', NULL, '0', '2017-12-24 23:27:03', '2017-12-23 01:58:04'),
(48, 'R-000048', 1, 7, 3, '2017-10-20 00:00:00', NULL, '0', '2017-12-24 23:27:03', '2017-12-23 01:58:04'),
(49, 'R-000049', 1, 9, 3, '2017-10-20 00:00:00', NULL, '0', '2017-12-24 23:27:03', '2017-12-23 01:58:04'),
(50, 'R-000050', 1, 3, 3, '2017-10-21 00:00:00', NULL, '0', '2017-12-24 23:27:03', '2017-12-23 01:58:04'),
(51, 'R-000051', 1, 7, 3, '2017-10-21 00:00:00', NULL, '0', '2017-12-24 23:27:03', '2017-12-23 01:58:04'),
(52, 'R-000052', 1, 2, 3, '2017-10-21 00:00:00', NULL, '0', '2017-12-24 23:27:03', '2017-12-23 01:58:04'),
(53, 'R-000053', 1, 9, 3, '2017-10-21 00:00:00', NULL, '0', '2017-12-24 23:27:03', '2017-12-23 01:58:04'),
(54, 'R-000054', 1, 10, 3, '2017-10-22 00:00:00', NULL, '0', '2017-12-24 23:27:03', '2017-12-23 01:58:04'),
(55, 'R-000055', 1, 7, 3, '2017-10-23 00:00:00', NULL, '0', '2017-12-24 23:27:03', '2017-12-23 01:58:04'),
(56, 'R-000056', 1, 2, 3, '2017-10-24 00:00:00', NULL, '0', '2017-12-24 23:27:03', '2017-12-23 01:58:04'),
(57, 'R-000057', 1, 3, 3, '2017-10-24 00:00:00', NULL, '0', '2017-12-24 23:27:03', '2017-12-23 01:58:04'),
(58, 'R-000058', 1, 7, 3, '2017-10-24 00:00:00', NULL, '0', '2017-12-24 23:27:03', '2017-12-23 01:58:04'),
(59, 'R-000059', 1, 8, 3, '2017-10-25 00:00:00', NULL, '0', '2017-12-24 23:27:03', '2017-12-23 01:58:04'),
(60, 'R-000060', 1, 7, 3, '2017-10-25 00:00:00', NULL, '0', '2017-12-24 23:27:03', '2017-12-23 01:58:04'),
(61, 'R-000061', 1, 11, 3, '2017-10-26 00:00:00', NULL, '0', '2017-12-24 23:27:03', '2017-12-23 01:58:04'),
(62, 'R-000062', 1, 3, 3, '2017-10-26 00:00:00', NULL, '0', '2017-12-24 23:27:03', '2017-12-23 01:58:04'),
(63, 'R-000063', 1, 3, 3, '2017-10-26 00:00:00', NULL, '0', '2017-12-24 23:27:03', '2017-12-23 01:58:04'),
(64, 'R-000064', 1, 6, 3, '2017-10-26 00:00:00', NULL, '0', '2017-12-24 23:27:03', '2017-12-23 01:58:04'),
(65, 'R-000065', 1, 7, 3, '2017-10-26 00:00:00', NULL, '0', '2017-12-24 23:27:03', '2017-12-23 01:58:04'),
(66, 'R-000066', 1, 7, 3, '2017-10-26 00:00:00', NULL, '0', '2017-12-24 23:27:03', '2017-12-23 01:58:04'),
(67, 'R-000067', 1, 2, 3, '2017-10-26 00:00:00', NULL, '0', '2017-12-24 23:27:03', '2017-12-23 01:58:04'),
(68, 'R-000068', 1, 7, 3, '2017-10-27 00:00:00', NULL, '0', '2017-12-24 23:27:03', '2017-12-23 01:58:04'),
(69, 'R-000069', 1, 2, 3, '2017-10-28 00:00:00', NULL, '0', '2017-12-24 23:27:03', '2017-12-23 01:58:04'),
(70, 'R-000070', 1, 3, 3, '2017-10-28 00:00:00', NULL, '0', '2017-12-24 23:27:03', '2017-12-23 01:58:04'),
(71, 'R-000071', 1, 7, 3, '2017-10-28 00:00:00', NULL, '0', '2017-12-24 23:27:03', '2017-12-23 01:58:04'),
(72, 'R-000072', 1, 2, 3, '2017-10-30 00:00:00', NULL, '0', '2017-12-24 23:27:03', '2017-12-23 01:58:04'),
(73, 'R-000073', 1, 3, 3, '2017-10-30 00:00:00', NULL, '0', '2017-12-24 23:27:03', '2017-12-23 01:58:04'),
(74, 'R-000074', 1, 7, 3, '2017-10-30 00:00:00', NULL, '0', '2017-12-24 23:27:03', '2017-12-23 01:58:04'),
(75, 'R-000075', 1, 8, 3, '2017-10-30 00:00:00', NULL, '0', '2017-12-24 23:27:03', '2017-12-23 01:58:04'),
(76, 'R-000076', 1, 2, 3, '2017-11-01 00:00:00', NULL, '0', '2017-12-24 23:27:03', '2017-12-23 01:58:04'),
(77, 'R-000077', 1, 12, 3, '2017-11-01 00:00:00', NULL, '0', '2017-12-24 23:27:03', '2017-12-23 01:58:04'),
(78, 'R-000078', 1, 7, 3, '2017-11-01 00:00:00', NULL, '0', '2017-12-24 23:27:03', '2017-12-23 01:58:04'),
(79, 'R-000079', 1, 8, 3, '2017-11-01 00:00:00', NULL, '0', '2017-12-24 23:27:03', '2017-12-23 01:58:04'),
(80, 'R-000080', 1, 7, 3, '2017-11-02 00:00:00', NULL, '0', '2017-12-24 23:27:03', '2017-12-23 01:58:04'),
(81, 'R-000081', 1, 6, 3, '2017-11-03 00:00:00', NULL, '0', '2017-12-24 23:27:03', '2017-12-23 01:58:04'),
(82, 'R-000082', 1, 7, 3, '2017-11-03 00:00:00', NULL, '0', '2017-12-24 23:27:03', '2017-12-23 01:58:04'),
(83, 'R-000083', 1, 8, 3, '2017-11-03 00:00:00', NULL, '0', '2017-12-24 23:27:03', '2017-12-23 01:58:04'),
(84, 'R-000084', 1, 7, 3, '2017-11-03 00:00:00', NULL, '0', '2017-12-24 23:27:03', '2017-12-23 01:58:04'),
(85, 'R-000085', 1, 2, 3, '2017-11-04 00:00:00', NULL, '0', '2017-12-24 23:27:03', '2017-12-23 01:58:04'),
(86, 'R-000086', 1, 6, 3, '2017-11-04 00:00:00', NULL, '0', '2017-12-24 23:27:03', '2017-12-23 01:58:04'),
(87, 'R-000087', 1, 9, 3, '2017-11-05 00:00:00', NULL, '0', '2017-12-24 23:27:03', '2017-12-23 01:58:04'),
(88, 'R-000088', 1, 7, 3, '2017-11-07 00:00:00', NULL, '0', '2017-12-24 23:27:03', '2017-12-23 01:58:04'),
(89, 'R-000089', 1, 15, 3, '2017-11-08 00:00:00', NULL, '0', '2017-12-24 23:27:03', '2017-12-23 01:58:04'),
(90, 'R-000090', 1, 12, 3, '2017-11-08 00:00:00', NULL, '0', '2017-12-24 23:27:03', '2017-12-23 01:58:04'),
(91, 'R-000091', 1, 7, 3, '2017-11-08 00:00:00', NULL, '0', '2017-12-24 23:27:03', '2017-12-23 01:58:04'),
(92, 'R-000092', 1, 12, 3, '2017-11-09 00:00:00', NULL, '0', '2017-12-24 23:27:03', '2017-12-23 01:58:04'),
(93, 'R-000093', 1, 7, 3, '2017-11-09 00:00:00', NULL, '0', '2017-12-24 23:27:03', '2017-12-23 01:58:04'),
(94, 'R-000094', 1, 12, 3, '2017-11-09 00:00:00', NULL, '0', '2017-12-24 23:27:03', '2017-12-23 01:58:04'),
(95, 'R-000095', 1, 1, 3, '2017-11-10 00:00:00', NULL, '0', '2017-12-24 23:27:03', '2017-12-23 01:58:04'),
(96, 'R-000096', 1, 12, 3, '2017-11-10 00:00:00', NULL, '0', '2017-12-24 23:27:03', '2017-12-23 01:58:04'),
(97, 'R-000097', 1, 1, 3, '2017-11-10 00:00:00', NULL, '0', '2017-12-24 23:27:03', '2017-12-23 01:58:04'),
(98, 'R-000098', 1, 7, 3, '2017-11-10 00:00:00', NULL, '0', '2017-12-24 23:27:03', '2017-12-23 01:58:04'),
(99, 'R-000099', 1, 7, 3, '2017-11-11 00:00:00', NULL, '0', '2017-12-24 23:27:03', '2017-12-23 01:58:04'),
(100, 'R-000100', 1, 12, 3, '2017-11-11 00:00:00', NULL, '0', '2017-12-24 23:27:03', '2017-12-23 01:58:04'),
(101, 'R-000101', 1, 12, 3, '2017-11-11 00:00:00', NULL, '0', '2017-12-24 23:27:03', '2017-12-23 01:58:04'),
(102, 'R-000102', 1, 12, 3, '2017-11-13 00:00:00', NULL, '62', '2017-12-24 23:27:03', '2017-12-23 01:58:04'),
(103, 'R-000103', 1, 1, 3, '2017-11-13 00:00:00', NULL, '70', '2017-12-24 23:27:03', '2017-12-23 01:58:04'),
(104, 'R-000104', 1, 13, 3, '2017-11-13 00:00:00', NULL, '40', '2017-12-24 23:27:03', '2017-12-23 01:58:04'),
(105, 'R-000105', 1, 14, 3, '2017-11-13 00:00:00', NULL, '59', '2017-12-24 23:27:03', '2017-12-23 01:58:04'),
(106, 'R-000106', 1, 8, 3, '2017-11-13 00:00:00', NULL, '59.', '2017-12-24 23:27:03', '2017-12-23 01:58:04'),
(107, 'R-000107', 1, 14, 3, '2017-11-13 00:00:00', NULL, '61', '2017-12-24 23:27:03', '2017-12-23 01:58:04'),
(108, 'R-000108', 1, 7, 3, '2017-11-14 00:00:00', NULL, '58', '2017-12-24 23:27:03', '2017-12-23 01:58:04'),
(109, 'R-000109', 1, 1, 3, '2017-11-14 00:00:00', NULL, '65', '2017-12-24 23:27:03', '2017-12-23 01:58:04'),
(110, 'R-000110', 1, 7, 3, '2017-11-14 00:00:00', NULL, '80', '2017-12-24 23:27:03', '2017-12-23 01:58:04'),
(111, 'R-000111', 1, 7, 3, '2017-11-14 00:00:00', NULL, '0', '2017-12-24 23:27:03', '2017-12-23 01:58:04'),
(112, 'R-000112', 1, 12, 3, '2017-11-16 00:00:00', NULL, '67', '2017-12-24 23:27:03', '2017-12-23 01:58:04'),
(113, 'R-000113', 1, 14, 3, '2017-11-16 00:00:00', NULL, '0', '2017-12-24 23:27:03', '2017-12-23 01:58:04'),
(114, 'R-000114', 1, 14, 3, '2017-11-16 00:00:00', NULL, '0', '2017-12-24 23:27:03', '2017-12-23 01:58:04'),
(115, 'R-000115', 1, 14, 3, '2017-11-16 00:00:00', NULL, '0', '2017-12-24 23:27:03', '2017-12-23 01:58:04'),
(116, 'R-000116', 1, 9, 3, '2017-11-19 00:00:00', NULL, '0', '2017-12-24 23:27:03', '2017-12-23 01:58:04'),
(117, 'R-000117', 1, 6, 3, '2017-11-19 00:00:00', NULL, '0', '2017-12-24 23:27:03', '2017-12-23 01:58:04'),
(118, 'R-000118', 1, 7, 3, '2017-11-17 00:00:00', NULL, '70', '2017-12-24 23:27:03', '2017-12-23 01:58:04'),
(119, 'R-000119', 1, 7, 3, '2017-11-17 00:00:00', NULL, '68', '2017-12-24 23:27:03', '2017-12-23 01:58:04'),
(120, 'R-000120', 1, 7, 3, '2017-11-18 00:00:00', NULL, '67', '2017-12-24 23:27:03', '2017-12-23 01:58:04'),
(121, 'R-000121', 1, 7, 3, '2017-11-18 00:00:00', NULL, '65', '2017-12-24 23:27:03', '2017-12-23 01:58:04'),
(122, 'R-000122', 1, 1, 3, '2017-11-18 00:00:00', NULL, '0', '2017-12-24 23:27:03', '2017-12-23 01:58:04'),
(123, 'R-000123', 1, 7, 3, '2017-11-19 00:00:00', NULL, '0', '2017-12-24 23:27:03', '2017-12-23 01:58:04'),
(124, 'R-000124', 1, 14, 3, '2017-11-19 00:00:00', NULL, '0', '2017-12-24 23:27:03', '2017-12-23 01:58:04'),
(125, 'R-000125', 1, 15, 3, '2017-11-19 00:00:00', NULL, '0', '2017-12-24 23:27:03', '2017-12-23 01:58:04'),
(126, 'R-000126', 1, 15, 3, '2017-11-19 00:00:00', NULL, '0', '2017-12-24 23:27:03', '2017-12-23 01:58:04'),
(127, 'R-000127', 1, 7, 3, '2017-11-20 00:00:00', NULL, '56', '2017-12-24 23:27:03', '2017-12-23 01:58:04'),
(128, 'R-000128', 1, 7, 3, '2017-11-20 00:00:00', NULL, '63', '2017-12-24 23:27:03', '2017-12-23 01:58:04'),
(129, 'R-000130', 1, 1, 3, '2017-11-20 00:00:00', NULL, '55', '2017-12-24 23:27:03', '2017-12-23 01:58:04'),
(130, 'R-000131', 1, 7, 3, '2017-11-20 00:00:00', NULL, '69', '2017-12-24 23:27:03', '2017-12-23 01:58:04'),
(131, 'R-000132', 1, 7, 3, '2017-11-21 00:00:00', NULL, '0', '2017-12-24 23:27:03', '2017-12-23 01:58:04'),
(132, 'R-000133', 1, 7, 3, '2017-11-21 00:00:00', NULL, '70', '2017-12-24 23:27:03', '2017-12-23 01:58:04'),
(133, 'R-000134', 1, 13, 3, '2017-11-21 00:00:00', NULL, '50.', '2017-12-24 23:27:03', '2017-12-23 01:58:04'),
(134, 'R-000135', 1, 14, 3, '2017-11-21 00:00:00', NULL, '0', '2017-12-24 23:27:03', '2017-12-23 01:58:04'),
(135, 'R-000136', 1, 14, 3, '2017-11-22 00:00:00', NULL, '0', '2017-12-24 23:27:03', '2017-12-23 01:58:04'),
(136, 'R-000137', 1, 1, 3, '2017-11-22 00:00:00', NULL, '0', '2017-12-24 23:27:03', '2017-12-23 01:58:04'),
(137, 'R-000138', 1, 7, 3, '2017-11-22 00:00:00', NULL, '56', '2017-12-24 23:27:03', '2017-12-23 01:58:04'),
(138, 'R-000139', 1, 16, 3, '2017-11-23 00:00:00', NULL, '56', '2017-12-24 23:27:03', '2017-12-23 01:58:04'),
(139, 'R-000140', 1, 1, 3, '2017-11-23 00:00:00', NULL, '0', '2017-12-24 23:27:03', '2017-12-23 01:58:04'),
(140, 'R-000141', 1, 7, 3, '2017-11-24 00:00:00', NULL, '56', '2017-12-24 23:27:03', '2017-12-23 01:58:04'),
(141, 'R-000142', 1, 7, 3, '2017-11-24 00:00:00', NULL, '56', '2017-12-24 23:27:03', '2017-12-23 01:58:04'),
(142, 'R-000143', 1, 6, 3, '2017-11-25 00:00:00', NULL, '0', '2017-12-24 23:27:03', '2017-12-23 01:58:04'),
(143, 'R-000144', 1, 15, 3, '2017-11-25 00:00:00', NULL, '48', '2017-12-24 23:27:03', '2017-12-23 01:58:04'),
(144, 'R-000145', 1, 6, 3, '2017-11-25 00:00:00', NULL, '0', '2017-12-24 23:27:03', '2017-12-23 01:58:04'),
(145, 'R-000146', 1, 9, 3, '2017-11-25 00:00:00', NULL, '0', '2017-12-24 23:27:03', '2017-12-23 01:58:04'),
(146, 'R-000147', 1, 7, 3, '2017-11-25 00:00:00', NULL, '0', '2017-12-24 23:27:03', '2017-12-23 01:58:04'),
(147, 'R-000148', 1, 13, 3, '2017-11-25 00:00:00', NULL, '51', '2017-12-24 23:27:03', '2017-12-23 01:58:04'),
(148, 'R-000149', 1, 7, 3, '2017-11-25 00:00:00', NULL, '65', '2017-12-24 23:27:03', '2017-12-23 01:58:04'),
(149, 'R-000150', 1, 6, 3, '2017-11-25 00:00:00', NULL, '0', '2017-12-24 23:27:03', '2017-12-23 01:58:04'),
(150, 'R-000151', 1, 1, 3, '2017-11-25 00:00:00', NULL, '56', '2017-12-24 23:27:03', '2017-12-23 01:58:04'),
(151, 'R-000152', 1, 1, 3, '2017-11-26 00:00:00', NULL, '0', '2017-12-24 23:27:03', '2017-12-23 01:58:04'),
(152, 'R-000153', 1, 15, 3, '2017-11-26 00:00:00', NULL, '0', '2017-12-24 23:27:03', '2017-12-23 01:58:04'),
(153, 'R-000154', 1, 7, 3, '2017-11-27 00:00:00', NULL, '0', '2017-12-24 23:27:03', '2017-12-23 01:58:04'),
(154, 'R-000155', 1, 1, 3, '2017-11-27 00:00:00', NULL, '0', '2017-12-24 23:27:03', '2017-12-23 01:58:04'),
(155, 'R-000156', 1, 1, 3, '2017-11-28 00:00:00', NULL, '62', '2017-12-24 23:27:03', '2017-12-23 01:58:04'),
(156, 'R-000157', 1, 13, 3, '2017-11-29 00:00:00', NULL, '51', '2017-12-24 23:27:03', '2017-12-23 01:58:04'),
(157, 'R-000158', 1, 13, 3, '2017-11-30 00:00:00', NULL, '54', '2017-12-24 23:27:03', '2017-12-23 01:58:04'),
(158, 'R-000159', 1, 6, 3, '2017-11-30 00:00:00', NULL, '0', '2017-12-24 23:27:03', '2017-12-23 01:58:04'),
(159, 'R-000160', 1, 1, 3, '2017-11-30 00:00:00', NULL, '0', '2017-12-24 23:27:03', '2017-12-23 01:58:04'),
(160, 'R-000161', 1, 8, 3, '2017-12-01 00:00:00', NULL, '0', '2017-12-24 23:27:03', '2017-12-23 01:58:04'),
(161, 'R-000162', 1, 8, 3, '2017-12-01 00:00:00', NULL, '0', '2017-12-24 23:27:03', '2017-12-23 01:58:04'),
(162, 'R-000163', 1, 15, 3, '2017-12-01 00:00:00', NULL, '0', '2017-12-24 23:27:03', '2017-12-23 01:58:04'),
(163, 'R-000164', 1, 8, 3, '2017-12-01 00:00:00', NULL, '0', '2017-12-24 23:27:03', '2017-12-23 01:58:04'),
(164, 'R-000165', 1, 17, 3, '2017-12-02 00:00:00', NULL, '69', '2017-12-24 23:27:03', '2017-12-23 01:58:04'),
(165, 'R-000166', 1, 13, 3, '2017-12-03 00:00:00', NULL, '56', '2017-12-24 23:27:03', '2017-12-23 01:58:04'),
(166, 'R-000167', 1, 13, 3, '2017-12-03 00:00:00', NULL, '49', '2017-12-24 23:27:03', '2017-12-23 01:58:04'),
(167, 'R-000168', 1, 18, 3, '2017-12-04 00:00:00', NULL, '49', '2017-12-24 23:27:03', '2017-12-23 01:58:04'),
(168, 'R-000169', 1, 14, 3, '2017-12-04 00:00:00', NULL, '49', '2017-12-24 23:27:03', '2017-12-23 01:58:04'),
(169, 'R-000170', 1, 17, 3, '2017-12-04 00:00:00', NULL, '54.', '2017-12-24 23:27:03', '2017-12-23 01:58:04'),
(170, 'R-000171', 1, 6, 3, '2017-12-04 00:00:00', NULL, '0', '2017-12-24 23:27:03', '2017-12-23 01:58:04'),
(171, 'R-000172', 1, 20, 3, '2017-12-06 00:00:00', NULL, '61', '2017-12-24 23:27:03', '2017-12-23 01:58:04'),
(172, 'R-000173', 1, 15, 3, '2017-12-07 00:00:00', NULL, '48', '2017-12-24 23:27:03', '2017-12-23 01:58:04'),
(173, 'R-000174', 1, 14, 3, '2017-12-07 00:00:00', NULL, '48', '2017-12-24 23:27:03', '2017-12-23 01:58:04'),
(174, 'R-000175', 1, 13, 3, '2017-12-07 00:00:00', NULL, '43', '2017-12-24 23:27:03', '2017-12-23 01:58:04'),
(175, 'R-000176', 1, 20, 3, '2017-12-07 00:00:00', NULL, '50', '2017-12-24 23:27:03', '2017-12-23 01:58:04'),
(176, 'R-000177', 1, 7, 3, '2017-12-07 00:00:00', NULL, '54', '2017-12-24 23:27:03', '2017-12-23 01:58:04'),
(177, 'R-000178', 1, 2, 3, '2017-12-09 00:00:00', NULL, '51', '2017-12-24 23:27:03', '2017-12-23 01:58:04'),
(178, 'R-000179', 1, 1, 3, '2017-12-10 00:00:00', NULL, '58', '2017-12-24 23:27:03', '2017-12-23 01:58:04'),
(179, 'R-000180', 1, 14, 3, '2017-12-10 00:00:00', NULL, '49', '2017-12-24 23:27:03', '2017-12-23 01:58:04'),
(180, 'R-000181', 1, 11, 3, '2017-12-10 00:00:00', NULL, '49', '2017-12-24 23:27:03', '2017-12-23 01:58:04'),
(181, 'R-000182', 1, 20, 3, '2017-12-11 00:00:00', NULL, '50', '2017-12-24 23:27:03', '2017-12-23 01:58:04'),
(182, 'R-000183', 1, 17, 3, '2017-12-12 00:00:00', NULL, '49', '2017-12-24 23:27:03', '2017-12-23 01:58:04'),
(183, 'R-000184', 1, 20, 3, '2017-12-13 00:00:00', NULL, '60', '2017-12-24 23:27:03', '2017-12-23 01:58:04'),
(184, 'R-000185', 1, 13, 3, '2017-12-14 00:00:00', NULL, '44', '2017-12-24 23:27:03', '2017-12-23 01:58:04'),
(185, 'R-000186', 1, 17, 3, '2017-12-14 00:00:00', NULL, '49', '2017-12-24 23:27:03', '2017-12-23 01:58:04'),
(186, 'R-000187', 1, 20, 3, '2017-12-16 00:00:00', NULL, '59', '2017-12-24 23:27:03', '2017-12-23 01:58:04'),
(187, 'R-000188', 1, 14, 3, '2017-12-16 00:00:00', NULL, '50', '2017-12-24 23:27:03', '2017-12-23 01:58:04'),
(188, 'R-000189', 1, 15, 3, '2017-12-17 00:00:00', NULL, '50', '2017-12-24 23:27:03', '2017-12-23 01:58:04'),
(189, 'R-000190', 1, 22, 3, '2017-12-15 00:00:00', NULL, '49', '2017-12-24 23:27:03', '2017-12-23 01:58:04'),
(190, 'R-000191', 1, 22, 3, '2017-12-15 00:00:00', NULL, '49', '2017-12-24 23:27:03', '2017-12-23 01:58:04'),
(191, 'R-000192', 1, 13, 3, '2017-12-18 00:00:00', NULL, '46.', '2017-12-24 23:27:03', '2017-12-23 01:58:04'),
(192, 'R-000193', 1, 20, 3, '2017-12-19 00:00:00', NULL, '50', '2017-12-24 23:27:03', '2017-12-23 01:58:04'),
(193, 'R-000193', 1, 15, 3, '2017-12-23 00:00:00', NULL, NULL, '2017-12-23 16:12:41', '2017-12-23 16:12:41'),
(194, 'R-000194', 1, 19, 3, '2017-12-28 14:14:00', NULL, '40', '2017-12-28 22:16:41', '2017-12-28 22:16:41'),
(195, 'R-000195', 1, NULL, 1, NULL, NULL, '40', '2018-03-09 06:50:39', '2018-03-09 06:50:39'),
(196, 'R-000196', 1, 2, 1, NULL, NULL, '50', '2018-03-09 08:28:00', '2018-03-09 08:28:00'),
(197, 'R-000197', 1, 2, 1, NULL, NULL, '-1', '2018-03-09 08:53:21', '2018-03-09 08:53:21'),
(198, 'R-000198', 1, 1, 1, NULL, NULL, '44', '2018-03-09 09:39:57', '2018-03-09 09:39:57'),
(199, 'R-000199', 1, 1, 1, NULL, NULL, '70', '2018-03-13 18:42:24', '2018-03-13 18:42:24'),
(200, 'R-000200', 1, 4, 1, NULL, NULL, '88', '2018-03-13 18:46:59', '2018-03-13 18:46:58'),
(201, 'R-000201', 1, 3, 1, NULL, NULL, '9', '2018-03-13 19:37:50', '2018-03-13 19:37:49'),
(202, 'R-000202', 1, 4, 1, NULL, NULL, '10', '2018-03-14 09:22:46', '2018-03-14 09:22:46'),
(203, 'R-000203', 1, 5, 0, NULL, NULL, '60', '2018-03-16 05:33:53', '2018-03-16 05:33:53'),
(204, 'R-000204', 1, 3, 3, NULL, NULL, '80', '2018-03-16 05:38:29', '2018-03-16 05:38:29'),
(205, 'R-000205', 1, 3, 2, NULL, NULL, '4', '2018-03-22 00:35:15', '2018-03-21 02:26:33'),
(206, 'R-000206', 1, 4, 1, NULL, NULL, '88', '2018-03-21 05:21:38', '2018-03-21 05:21:38'),
(207, 'R-000207', 1, 1, 4, NULL, NULL, '4', '2018-03-22 06:42:39', '2018-03-22 02:31:56'),
(208, 'R-000208', 1, 2, 4, NULL, NULL, '17', '2018-03-22 06:52:32', '2018-03-22 06:47:28'),
(209, 'R-000209', 1, 5, 4, NULL, NULL, '8', '2018-03-22 07:01:55', '2018-03-22 07:01:06'),
(210, 'R-000210', 1, 3, 3, NULL, NULL, '6', '2018-03-22 07:06:59', '2018-03-22 07:06:13'),
(211, 'R-000211', 1, 5, 3, NULL, NULL, '4', '2018-03-22 07:15:43', '2018-03-22 07:15:11'),
(212, 'R-000212', 1, 12, 3, NULL, NULL, '7', '2018-03-22 07:19:51', '2018-03-22 07:18:55'),
(213, 'R-000213', 1, 3, 3, NULL, NULL, '3', '2018-03-22 07:34:40', '2018-03-22 07:33:53'),
(214, 'R-000214', 1, 1, 3, NULL, NULL, '4', '2018-03-22 07:40:44', '2018-03-22 07:40:05'),
(215, 'R-000215', 1, 1, 4, '2018-03-22 07:48:09', 1, '5', '2018-03-22 08:01:42', '2018-03-22 07:42:55'),
(216, 'R-000216', 1, 3, 4, '2018-03-23 00:41:28', 1, '6', '2018-03-23 00:41:39', '2018-03-23 00:39:54');

-- --------------------------------------------------------

--
-- Estructura de tabla para la tabla `receive_order_item`
--

CREATE TABLE `receive_order_item` (
  `id` int(11) UNSIGNED NOT NULL,
  `receive_order_id` int(11) NOT NULL,
  `item_id` int(11) DEFAULT NULL,
  `quantity` int(11) DEFAULT NULL,
  `quantity_Received` int(11) DEFAULT NULL,
  `quantity_Storaged` int(11) DEFAULT NULL,
  `price` decimal(6,4) DEFAULT NULL
) ENGINE=InnoDB DEFAULT CHARSET=latin1;

--
-- Volcado de datos para la tabla `receive_order_item`
--

INSERT INTO `receive_order_item` (`id`, `receive_order_id`, `item_id`, `quantity`, `quantity_Received`, `quantity_Storaged`, `price`) VALUES
(1, 1, 23, 68, NULL, NULL, NULL),
(2, 1, 24, 163, NULL, NULL, NULL),
(3, 1, 25, 61, NULL, NULL, NULL),
(4, 1, 27, 3, NULL, NULL, NULL),
(5, 2, 10, 132, NULL, NULL, NULL),
(6, 2, 11, 60, NULL, NULL, NULL),
(7, 2, 12, 5, NULL, NULL, NULL),
(8, 2, 13, 15, NULL, NULL, NULL),
(9, 2, 14, 3, NULL, NULL, NULL),
(10, 2, 15, 1, NULL, NULL, NULL),
(11, 3, 0, 55, NULL, NULL, NULL),
(12, 4, 10, 166, NULL, NULL, NULL),
(13, 4, 11, 36, NULL, NULL, NULL),
(14, 4, 12, 11, NULL, NULL, NULL),
(15, 4, 13, 18, NULL, NULL, NULL),
(16, 4, 0, 14, NULL, NULL, NULL),
(17, 5, 23, 100, NULL, NULL, NULL),
(18, 5, 24, 102, NULL, NULL, NULL),
(19, 5, 25, 50, NULL, NULL, NULL),
(20, 5, 27, 79, NULL, NULL, NULL),
(21, 6, 0, 85, NULL, NULL, NULL),
(22, 7, 23, 81, NULL, NULL, NULL),
(23, 7, 24, 156, NULL, NULL, NULL),
(24, 7, 25, 61, NULL, NULL, NULL),
(25, 7, 27, 3, NULL, NULL, NULL),
(26, 8, 0, 86, NULL, NULL, NULL),
(27, 8, 12, 3, NULL, NULL, NULL),
(28, 8, 0, 81, NULL, NULL, NULL),
(29, 9, 0, 204, NULL, NULL, NULL),
(30, 9, 11, 103, NULL, NULL, NULL),
(31, 9, 12, 30, NULL, NULL, NULL),
(32, 9, 13, 30, NULL, NULL, NULL),
(33, 9, 14, 9, NULL, NULL, NULL),
(34, 9, 15, 3, NULL, NULL, NULL),
(35, 10, 0, 97, NULL, NULL, NULL),
(36, 11, 0, 35, NULL, NULL, NULL),
(37, 11, 23, 82, NULL, NULL, NULL),
(38, 11, 24, 164, NULL, NULL, NULL),
(39, 11, 25, 61, NULL, NULL, NULL),
(40, 11, 27, 2, NULL, NULL, NULL),
(41, 12, 0, 97, NULL, NULL, NULL),
(42, 12, 12, 3, NULL, NULL, NULL),
(43, 13, 5, 40, NULL, NULL, NULL),
(44, 13, 6, 16, NULL, NULL, NULL),
(45, 13, 7, 3, NULL, NULL, NULL),
(46, 13, 13, 4, NULL, NULL, NULL),
(47, 13, 14, 1, NULL, NULL, NULL),
(48, 14, 9, 4, NULL, NULL, NULL),
(49, 14, 10, 8, NULL, NULL, NULL),
(50, 14, 11, 103, NULL, NULL, NULL),
(51, 14, 12, 7, NULL, NULL, NULL),
(52, 15, 9, 3, NULL, NULL, NULL),
(53, 15, 10, 7, NULL, NULL, NULL),
(54, 15, 11, 96, NULL, NULL, NULL),
(55, 15, 12, 1, NULL, NULL, NULL),
(56, 16, 12, 1, NULL, NULL, NULL),
(57, 16, 14, 9, NULL, NULL, NULL),
(58, 16, 15, 83, NULL, NULL, NULL),
(59, 17, 5, 84, NULL, NULL, NULL),
(60, 17, 6, 69, NULL, NULL, NULL),
(61, 17, 7, 60, NULL, NULL, NULL),
(62, 17, 16, 18, NULL, NULL, NULL),
(63, 18, 23, 78, NULL, NULL, NULL),
(64, 18, 24, 169, NULL, NULL, NULL),
(65, 18, 25, 71, NULL, NULL, NULL),
(66, 18, 26, 4, NULL, NULL, NULL),
(67, 19, 9, 4, NULL, NULL, NULL),
(68, 19, 10, 9, NULL, NULL, NULL),
(69, 19, 11, 75, NULL, NULL, NULL),
(70, 19, 12, 1, NULL, NULL, NULL),
(71, 20, 5, 73, NULL, NULL, NULL),
(72, 20, 6, 27, NULL, NULL, NULL),
(73, 20, 7, 5, NULL, NULL, NULL),
(74, 20, 16, 3, NULL, NULL, NULL),
(75, 21, 23, 31, NULL, NULL, NULL),
(76, 21, 24, 39, NULL, NULL, NULL),
(77, 21, 25, 26, NULL, NULL, NULL),
(78, 21, 27, 5, NULL, NULL, NULL),
(79, 22, 11, 65, NULL, NULL, NULL),
(80, 22, 12, 3, NULL, NULL, NULL),
(81, 23, 5, 52, NULL, NULL, NULL),
(82, 23, 6, 38, NULL, NULL, NULL),
(83, 23, 7, 12, NULL, NULL, NULL),
(84, 23, 16, 1, NULL, NULL, NULL),
(85, 24, 10, 14, NULL, NULL, NULL),
(86, 24, 11, 90, NULL, NULL, NULL),
(87, 24, 12, 4, NULL, NULL, NULL),
(88, 25, 5, 59, NULL, NULL, NULL),
(89, 25, 6, 53, NULL, NULL, NULL),
(90, 25, 7, 17, NULL, NULL, NULL),
(91, 25, 16, 1, NULL, NULL, NULL),
(92, 26, 23, 106, NULL, NULL, NULL),
(93, 26, 24, 186, NULL, NULL, NULL),
(94, 26, 25, 90, NULL, NULL, NULL),
(95, 26, 27, 3, NULL, NULL, NULL),
(96, 27, 10, 2, NULL, NULL, NULL),
(97, 27, 11, 199, NULL, NULL, NULL),
(98, 27, 12, 10, NULL, NULL, NULL),
(99, 28, 5, 73, NULL, NULL, NULL),
(100, 28, 6, 90, NULL, NULL, NULL),
(101, 28, 7, 122, NULL, NULL, NULL),
(102, 28, 16, 134, NULL, NULL, NULL),
(103, 29, 10, 703, NULL, NULL, NULL),
(104, 29, 11, 521, NULL, NULL, NULL),
(105, 30, 5, 47, NULL, NULL, NULL),
(106, 30, 6, 40, NULL, NULL, NULL),
(107, 30, 7, 12, NULL, NULL, NULL),
(108, 30, 10, 13, NULL, NULL, NULL),
(109, 30, 11, 73, NULL, NULL, NULL),
(110, 30, 12, 3, NULL, NULL, NULL),
(111, 31, 23, 78, NULL, NULL, NULL),
(112, 31, 24, 110, NULL, NULL, NULL),
(113, 31, 25, 111, NULL, NULL, NULL),
(114, 31, 27, 3, NULL, NULL, NULL),
(115, 32, 10, 535, NULL, NULL, NULL),
(116, 32, 11, 257, NULL, NULL, NULL),
(117, 33, 10, 6, NULL, NULL, NULL),
(118, 33, 11, 90, NULL, NULL, NULL),
(119, 34, 5, 129, NULL, NULL, NULL),
(120, 34, 6, 123, NULL, NULL, NULL),
(121, 34, 7, 48, NULL, NULL, NULL),
(122, 34, 16, 5, NULL, NULL, NULL),
(123, 35, 0, 31, NULL, NULL, NULL),
(124, 35, 15, 41, NULL, NULL, NULL),
(125, 35, 14, 4, NULL, NULL, NULL),
(126, 35, 15, 87, NULL, NULL, NULL),
(127, 35, 16, 3, NULL, NULL, NULL),
(128, 36, 23, 68, NULL, NULL, NULL),
(129, 36, 24, 156, NULL, NULL, NULL),
(130, 36, 25, 75, NULL, NULL, NULL),
(131, 36, 27, 3, NULL, NULL, NULL),
(132, 37, 10, 11, NULL, NULL, NULL),
(133, 37, 0, 74, NULL, NULL, NULL),
(134, 37, 12, 3, NULL, NULL, NULL),
(135, 37, 10, 21, NULL, NULL, NULL),
(136, 37, 11, 63, NULL, NULL, NULL),
(137, 37, 12, 3, NULL, NULL, NULL),
(138, 38, 5, 171, NULL, NULL, NULL),
(139, 38, 6, 128, NULL, NULL, NULL),
(140, 38, 7, 27, NULL, NULL, NULL),
(141, 38, 13, 10, NULL, NULL, NULL),
(142, 38, 14, 7, NULL, NULL, NULL),
(143, 38, 16, 4, NULL, NULL, NULL),
(144, 39, 10, 80, NULL, NULL, NULL),
(145, 39, 11, 73, NULL, NULL, NULL),
(146, 40, 14, 360, NULL, NULL, NULL),
(147, 40, 15, 144, NULL, NULL, NULL),
(148, 41, 19, 86, NULL, NULL, NULL),
(149, 42, 10, 37, NULL, NULL, NULL),
(150, 42, 11, 197, NULL, NULL, NULL),
(151, 43, 10, 111, NULL, NULL, NULL),
(152, 43, 11, 50, NULL, NULL, NULL),
(153, 43, 13, 157, NULL, NULL, NULL),
(154, 43, 14, 105, NULL, NULL, NULL),
(155, 43, 15, 28, NULL, NULL, NULL),
(156, 44, 10, 162, NULL, NULL, NULL),
(157, 44, 11, 55, NULL, NULL, NULL),
(158, 45, 17, 80, NULL, NULL, NULL),
(159, 46, 5, 136, NULL, NULL, NULL),
(160, 46, 6, 111, NULL, NULL, NULL),
(161, 46, 7, 15, NULL, NULL, NULL),
(162, 47, 10, 31, NULL, NULL, NULL),
(163, 47, 11, 125, NULL, NULL, NULL),
(164, 48, 9, 2, NULL, NULL, NULL),
(165, 48, 11, 495, NULL, NULL, NULL),
(166, 48, 12, 30, NULL, NULL, NULL),
(167, 49, 17, 120, NULL, NULL, NULL),
(168, 50, 1, 2, NULL, NULL, NULL),
(169, 50, 2, 7, NULL, NULL, NULL),
(170, 50, 4, 6, NULL, NULL, NULL),
(171, 50, 5, 175, NULL, NULL, NULL),
(172, 50, 6, 92, NULL, NULL, NULL),
(173, 50, 0, 14, NULL, NULL, NULL),
(174, 50, 8, 10, NULL, NULL, NULL),
(175, 50, 10, 20, NULL, NULL, NULL),
(176, 51, 1, 6, NULL, NULL, NULL),
(177, 51, 2, 232, NULL, NULL, NULL),
(178, 51, 3, 101, NULL, NULL, NULL),
(179, 51, 4, 10, NULL, NULL, NULL),
(180, 52, 10, 19, NULL, NULL, NULL),
(181, 52, 11, 899, NULL, NULL, NULL),
(182, 53, 17, 38, NULL, NULL, NULL),
(183, 54, 29, 695, NULL, NULL, NULL),
(184, 55, 1, 25, NULL, NULL, NULL),
(185, 55, 2, 269, NULL, NULL, NULL),
(186, 55, 3, 84, NULL, NULL, NULL),
(187, 55, 11, 18, NULL, NULL, NULL),
(188, 56, 0, 72, NULL, NULL, NULL),
(189, 56, 11, 72, NULL, NULL, NULL),
(190, 57, 5, 78, NULL, NULL, NULL),
(191, 57, 13, 202, NULL, NULL, NULL),
(192, 57, 14, 29, NULL, NULL, NULL),
(193, 58, 2, 266, NULL, NULL, NULL),
(194, 58, 3, 75, NULL, NULL, NULL),
(195, 58, 11, 16, NULL, NULL, NULL),
(196, 59, 19, 46, NULL, NULL, NULL),
(197, 60, 2, 171, NULL, NULL, NULL),
(198, 60, 3, 26, NULL, NULL, NULL),
(199, 61, 21, 32, NULL, NULL, NULL),
(200, 62, 5, 70, NULL, NULL, NULL),
(201, 63, 6, 10, NULL, NULL, NULL),
(202, 63, 10, 18, NULL, NULL, NULL),
(203, 63, 13, 102, NULL, NULL, NULL),
(204, 63, 14, 36, NULL, NULL, NULL),
(205, 64, 10, 1080, NULL, NULL, NULL),
(206, 64, 10, 72, NULL, NULL, NULL),
(207, 65, 1, 8, NULL, NULL, NULL),
(208, 66, 2, 212, NULL, NULL, NULL),
(209, 66, 3, 58, NULL, NULL, NULL),
(210, 67, 11, 85, NULL, NULL, NULL),
(211, 67, 12, 55, NULL, NULL, NULL),
(212, 68, 6, 117, NULL, NULL, NULL),
(213, 68, 7, 25, NULL, NULL, NULL),
(214, 69, 10, 24, NULL, NULL, NULL),
(215, 69, 11, 73, NULL, NULL, NULL),
(216, 69, 12, 2, NULL, NULL, NULL),
(217, 70, 2, 43, NULL, NULL, NULL),
(218, 70, 5, 22, NULL, NULL, NULL),
(219, 70, 9, 1, NULL, NULL, NULL),
(220, 70, 11, 37, NULL, NULL, NULL),
(221, 70, 13, 65, NULL, NULL, NULL),
(222, 70, 14, 45, NULL, NULL, NULL),
(223, 71, 2, 392, NULL, NULL, NULL),
(224, 71, 3, 48, NULL, NULL, NULL),
(225, 71, 5, 6, NULL, NULL, NULL),
(226, 71, 6, 271, NULL, NULL, NULL),
(227, 71, 7, 53, NULL, NULL, NULL),
(228, 72, 10, 21, NULL, NULL, NULL),
(229, 72, 11, 70, NULL, NULL, NULL),
(230, 73, 13, 84, NULL, NULL, NULL),
(231, 73, 14, 70, NULL, NULL, NULL),
(232, 73, 15, 32, NULL, NULL, NULL),
(233, 74, 2, 129, NULL, NULL, NULL),
(234, 74, 3, 63, NULL, NULL, NULL),
(235, 74, 5, 96, NULL, NULL, NULL),
(236, 74, 6, 338, NULL, NULL, NULL),
(237, 74, 7, 162, NULL, NULL, NULL),
(238, 75, 19, 73, NULL, NULL, NULL),
(239, 76, 11, 80, NULL, NULL, NULL),
(240, 76, 11, 160, NULL, NULL, NULL),
(241, 77, 5, 81, NULL, NULL, NULL),
(242, 77, 13, 76, NULL, NULL, NULL),
(243, 77, 14, 4, NULL, NULL, NULL),
(244, 78, 2, 303, NULL, NULL, NULL),
(245, 78, 3, 76, NULL, NULL, NULL),
(246, 78, 6, 347, NULL, NULL, NULL),
(247, 78, 7, 108, NULL, NULL, NULL),
(248, 79, 19, 154, NULL, NULL, NULL),
(249, 79, 19, 81, NULL, NULL, NULL),
(250, 80, 6, 47, NULL, NULL, NULL),
(251, 80, 7, 47, NULL, NULL, NULL),
(252, 81, 10, 448, NULL, NULL, NULL),
(253, 81, 11, 272, NULL, NULL, NULL),
(254, 82, 2, 160, NULL, NULL, NULL),
(255, 82, 6, 113, NULL, NULL, NULL),
(256, 82, 7, 33, NULL, NULL, NULL),
(257, 83, 19, 48, NULL, NULL, NULL),
(258, 84, 2, 336, NULL, NULL, NULL),
(259, 85, 1, 94, NULL, NULL, NULL),
(260, 85, 2, 24, NULL, NULL, NULL),
(261, 85, 3, 160, NULL, NULL, NULL),
(262, 85, 5, 72, NULL, NULL, NULL),
(263, 85, 6, 238, NULL, NULL, NULL),
(264, 85, 9, 1, NULL, NULL, NULL),
(265, 85, 11, 81, NULL, NULL, NULL),
(266, 86, 10, 288, NULL, NULL, NULL),
(267, 86, 11, 72, NULL, NULL, NULL),
(268, 87, 17, 697, NULL, NULL, NULL),
(269, 87, 17, 680, NULL, NULL, NULL),
(270, 88, 0, 184, NULL, NULL, NULL),
(271, 88, 0, 48, NULL, NULL, NULL),
(272, 88, 14, 171, NULL, NULL, NULL),
(273, 88, 15, 56, NULL, NULL, NULL),
(274, 89, 19, 33, NULL, NULL, NULL),
(275, 90, 10, 50, NULL, NULL, NULL),
(276, 90, 11, 10, NULL, NULL, NULL),
(277, 91, 13, 74, NULL, NULL, NULL),
(278, 91, 14, 95, NULL, NULL, NULL),
(279, 91, 15, 80, NULL, NULL, NULL),
(280, 92, 9, 6, NULL, NULL, NULL),
(281, 92, 10, 25, NULL, NULL, NULL),
(282, 92, 11, 14, NULL, NULL, NULL),
(283, 92, 13, 13, NULL, NULL, NULL),
(284, 92, 14, 25, NULL, NULL, NULL),
(285, 92, 15, 2, NULL, NULL, NULL),
(286, 93, 10, 193, NULL, NULL, NULL),
(287, 93, 11, 21, NULL, NULL, NULL),
(288, 93, 14, 34, NULL, NULL, NULL),
(289, 93, 15, 4, NULL, NULL, NULL),
(290, 94, 13, 7, NULL, NULL, NULL),
(291, 94, 14, 6, NULL, NULL, NULL),
(292, 94, 15, 15, NULL, NULL, NULL),
(293, 94, 16, 1, NULL, NULL, NULL),
(294, 95, 1, 13, NULL, NULL, NULL),
(295, 95, 2, 91, NULL, NULL, NULL),
(296, 95, 3, 35, NULL, NULL, NULL),
(297, 95, 12, 17, NULL, NULL, NULL),
(298, 96, 5, 8, NULL, NULL, NULL),
(299, 96, 10, 5, NULL, NULL, NULL),
(300, 96, 11, 3, NULL, NULL, NULL),
(301, 96, 12, 1, NULL, NULL, NULL),
(302, 96, 13, 16, NULL, NULL, NULL),
(303, 96, 14, 55, NULL, NULL, NULL),
(304, 96, 15, 22, NULL, NULL, NULL),
(305, 96, 16, 5, NULL, NULL, NULL),
(306, 97, 2, 80, NULL, NULL, NULL),
(307, 97, 3, 60, NULL, NULL, NULL),
(308, 97, 4, 10, NULL, NULL, NULL),
(309, 97, 6, 3, NULL, NULL, NULL),
(310, 97, 7, 1, NULL, NULL, NULL),
(311, 98, 6, 155, NULL, NULL, NULL),
(312, 98, 3, 120, NULL, NULL, NULL),
(313, 98, 5, 37, NULL, NULL, NULL),
(314, 98, 6, 59, NULL, NULL, NULL),
(315, 98, 7, 37, NULL, NULL, NULL),
(316, 99, 6, 97, NULL, NULL, NULL),
(317, 99, 7, 50, NULL, NULL, NULL),
(318, 99, 5, 146, NULL, NULL, NULL),
(319, 99, 6, 6, NULL, NULL, NULL),
(320, 99, 7, 35, NULL, NULL, NULL),
(321, 100, 0, 24, NULL, NULL, NULL),
(322, 100, 3, 10, NULL, NULL, NULL),
(323, 100, 4, 1, NULL, NULL, NULL),
(324, 100, 5, 38, NULL, NULL, NULL),
(325, 100, 6, 28, NULL, NULL, NULL),
(326, 100, 7, 1, NULL, NULL, NULL),
(327, 100, 8, 3, NULL, NULL, NULL),
(328, 101, 2, 5, NULL, NULL, NULL),
(329, 101, 3, 3, NULL, NULL, NULL),
(330, 101, 4, 1, NULL, NULL, NULL),
(331, 101, 5, 55, NULL, NULL, NULL),
(332, 101, 6, 24, NULL, NULL, NULL),
(333, 101, 7, 22, NULL, NULL, NULL),
(334, 101, 8, 5, NULL, NULL, NULL),
(335, 102, 2, 100, NULL, NULL, NULL),
(336, 102, 3, 28, NULL, NULL, NULL),
(337, 103, 1, 1, NULL, NULL, NULL),
(338, 103, 2, 87, NULL, NULL, NULL),
(339, 103, 3, 61, NULL, NULL, NULL),
(340, 103, 10, 10, NULL, NULL, NULL),
(341, 103, 11, 5, NULL, NULL, NULL),
(342, 103, 12, 17, NULL, NULL, NULL),
(343, 104, 30, 43, NULL, NULL, NULL),
(344, 104, 30, 123, NULL, NULL, NULL),
(345, 105, 19, 44, NULL, NULL, NULL),
(346, 105, 20, 9, NULL, NULL, NULL),
(347, 106, 19, 95, NULL, NULL, NULL),
(348, 107, 19, 23, NULL, NULL, NULL),
(349, 108, 2, 387, NULL, NULL, NULL),
(350, 108, 3, 71, NULL, NULL, NULL),
(351, 108, 6, 13, NULL, NULL, NULL),
(352, 108, 7, 163, NULL, NULL, NULL),
(353, 108, 8, 58, NULL, NULL, NULL),
(354, 109, 2, 67, NULL, NULL, NULL),
(355, 109, 3, 24, NULL, NULL, NULL),
(356, 109, 10, 5, NULL, NULL, NULL),
(357, 109, 11, 1, NULL, NULL, NULL),
(358, 109, 12, 3, NULL, NULL, NULL),
(359, 110, 2, 128, NULL, NULL, NULL),
(360, 111, 14, 120, NULL, NULL, NULL),
(361, 112, 9, 13, NULL, NULL, NULL),
(362, 112, 10, 9, NULL, NULL, NULL),
(363, 112, 11, 1, NULL, NULL, NULL),
(364, 112, 13, 25, NULL, NULL, NULL),
(365, 112, 14, 17, NULL, NULL, NULL),
(366, 112, 15, 10, NULL, NULL, NULL),
(367, 113, 19, 224, NULL, NULL, NULL),
(368, 114, 20, 56, NULL, NULL, NULL),
(369, 115, 19, 28, NULL, NULL, NULL),
(370, 116, 17, 640, NULL, NULL, NULL),
(371, 117, 13, 648, NULL, NULL, NULL),
(372, 117, 14, 792, NULL, NULL, NULL),
(373, 118, 2, 128, NULL, NULL, NULL),
(374, 119, 2, 124, NULL, NULL, NULL),
(375, 119, 3, 10, NULL, NULL, NULL),
(376, 120, 3, 52, NULL, NULL, NULL),
(377, 120, 2, 134, NULL, NULL, NULL),
(378, 121, 6, 112, NULL, NULL, NULL),
(379, 121, 7, 12, NULL, NULL, NULL),
(380, 122, 2, 283, NULL, NULL, NULL),
(381, 122, 3, 85, NULL, NULL, NULL),
(382, 122, 10, 31, NULL, NULL, NULL),
(383, 122, 11, 6, NULL, NULL, NULL),
(384, 122, 12, 4, NULL, NULL, NULL),
(385, 123, 2, 54, NULL, NULL, NULL),
(386, 123, 3, 40, NULL, NULL, NULL),
(387, 124, 19, 180, NULL, NULL, NULL),
(388, 125, 19, 66, NULL, NULL, NULL),
(389, 126, 20, 186, NULL, NULL, NULL),
(390, 127, 2, 120, NULL, NULL, NULL),
(391, 127, 3, 17, NULL, NULL, NULL),
(392, 127, 6, 104, NULL, NULL, NULL),
(393, 127, 7, 12, NULL, NULL, NULL),
(394, 128, 2, 112, NULL, NULL, NULL),
(395, 128, 3, 9, NULL, NULL, NULL),
(396, 129, 2, 265, NULL, NULL, NULL),
(397, 129, 3, 45, NULL, NULL, NULL),
(398, 129, 10, 21, NULL, NULL, NULL),
(399, 129, 11, 9, NULL, NULL, NULL),
(400, 129, 12, 1, NULL, NULL, NULL),
(401, 130, 2, 7, NULL, NULL, NULL),
(402, 130, 3, 3, NULL, NULL, NULL),
(403, 130, 6, 114, NULL, NULL, NULL),
(404, 130, 7, 9, NULL, NULL, NULL),
(405, 131, 2, 128, NULL, NULL, NULL),
(406, 132, 2, 8, NULL, NULL, NULL),
(407, 132, 3, 10, NULL, NULL, NULL),
(408, 132, 6, 127, NULL, NULL, NULL),
(409, 132, 7, 5, NULL, NULL, NULL),
(410, 133, 30, 212, NULL, NULL, NULL),
(411, 134, 19, 52, NULL, NULL, NULL),
(412, 135, 19, 93, NULL, NULL, NULL),
(413, 136, 2, 111, NULL, NULL, NULL),
(414, 136, 3, 21, NULL, NULL, NULL),
(415, 136, 6, 7, NULL, NULL, NULL),
(416, 137, 2, 161, NULL, NULL, NULL),
(417, 137, 3, 12, NULL, NULL, NULL),
(418, 137, 6, 97, NULL, NULL, NULL),
(419, 137, 0, 8, NULL, NULL, NULL),
(420, 138, 1, 45, NULL, NULL, NULL),
(421, 138, 2, 126, NULL, NULL, NULL),
(422, 138, 3, 75, NULL, NULL, NULL),
(423, 139, 2, 299, NULL, NULL, NULL),
(424, 139, 3, 145, NULL, NULL, NULL),
(425, 139, 6, 31, NULL, NULL, NULL),
(426, 139, 7, 9, NULL, NULL, NULL),
(427, 140, 2, 119, NULL, NULL, NULL),
(428, 140, 3, 14, NULL, NULL, NULL),
(429, 141, 3, 16, NULL, NULL, NULL),
(430, 141, 6, 90, NULL, NULL, NULL),
(431, 141, 7, 30, NULL, NULL, NULL),
(432, 142, 14, 1080, NULL, NULL, NULL),
(433, 143, 20, 203, NULL, NULL, NULL),
(434, 143, 19, 107, NULL, NULL, NULL),
(435, 144, 14, 360, NULL, NULL, NULL),
(436, 145, 17, 280, NULL, NULL, NULL),
(437, 146, 2, 134, NULL, NULL, NULL),
(438, 147, 30, 272, NULL, NULL, NULL),
(439, 148, 2, 6, NULL, NULL, NULL),
(440, 148, 3, 19, NULL, NULL, NULL),
(441, 148, 6, 69, NULL, NULL, NULL),
(442, 148, 7, 14, NULL, NULL, NULL),
(443, 149, 21, 118, NULL, NULL, NULL),
(444, 149, 21, 162, NULL, NULL, NULL),
(445, 150, 2, 308, NULL, NULL, NULL),
(446, 150, 3, 140, NULL, NULL, NULL),
(447, 150, 6, 13, NULL, NULL, NULL),
(448, 150, 7, 3, NULL, NULL, NULL),
(449, 150, 6, 69, NULL, NULL, NULL),
(450, 150, 7, 16, NULL, NULL, NULL),
(451, 151, 2, 118, NULL, NULL, NULL),
(452, 151, 3, 20, NULL, NULL, NULL),
(453, 152, 19, 370, NULL, NULL, NULL),
(454, 153, 3, 13, NULL, NULL, NULL),
(455, 153, 6, 77, NULL, NULL, NULL),
(456, 153, 7, 9, NULL, NULL, NULL),
(457, 154, 2, 107, NULL, NULL, NULL),
(458, 154, 3, 48, NULL, NULL, NULL),
(459, 155, 2, 184, NULL, NULL, NULL),
(460, 155, 3, 90, NULL, NULL, NULL),
(461, 155, 6, 52, NULL, NULL, NULL),
(462, 155, 7, 37, NULL, NULL, NULL),
(463, 156, 30, 336, NULL, NULL, NULL),
(464, 157, 30, 315, NULL, NULL, NULL),
(465, 158, 21, 269, NULL, NULL, NULL),
(466, 159, 6, 183, NULL, NULL, NULL),
(467, 159, 7, 92, NULL, NULL, NULL),
(468, 160, 19, 52, NULL, NULL, NULL),
(469, 161, 19, 55, NULL, NULL, NULL),
(470, 162, 19, 199, NULL, NULL, NULL),
(471, 163, 19, 98, NULL, NULL, NULL),
(472, 164, 0, 720, NULL, NULL, NULL),
(473, 165, 30, 84, NULL, NULL, NULL),
(474, 166, 30, 184, NULL, NULL, NULL),
(475, 167, 20, 85, NULL, NULL, NULL),
(476, 168, 20, 91, NULL, NULL, NULL),
(477, 168, 19, 112, NULL, NULL, NULL),
(478, 169, 5, 158, NULL, NULL, NULL),
(479, 169, 6, 303, NULL, NULL, NULL),
(480, 169, 7, 49, NULL, NULL, NULL),
(481, 170, 21, 347, NULL, NULL, NULL),
(482, 170, 21, 192, NULL, NULL, NULL),
(483, 171, 0, 540, NULL, NULL, NULL),
(484, 172, 19, 107, NULL, NULL, NULL),
(485, 173, 19, 137, NULL, NULL, NULL),
(486, 173, 20, 166, NULL, NULL, NULL),
(487, 174, 30, 134, NULL, NULL, NULL),
(488, 175, 0, 152, NULL, NULL, NULL),
(489, 176, 0, 281, NULL, NULL, NULL),
(490, 177, 19, 280, NULL, NULL, NULL),
(491, 178, 0, 331, NULL, NULL, NULL),
(492, 179, 19, 30, NULL, NULL, NULL),
(493, 180, 20, 156, NULL, NULL, NULL),
(494, 181, 0, 263, NULL, NULL, NULL),
(495, 182, 0, 215, NULL, NULL, NULL),
(496, 183, 5, 77, NULL, NULL, NULL),
(497, 183, 6, 25, NULL, NULL, NULL),
(498, 184, 30, 109, NULL, NULL, NULL),
(499, 185, 0, 222, NULL, NULL, NULL),
(500, 186, 5, 22, NULL, NULL, NULL),
(501, 186, 6, 116, NULL, NULL, NULL),
(502, 186, 7, 43, NULL, NULL, NULL),
(503, 187, 19, 168, NULL, NULL, NULL),
(504, 188, 20, 96, NULL, NULL, NULL),
(505, 189, 1, 831, NULL, NULL, NULL),
(506, 189, 2, 620, NULL, NULL, NULL),
(507, 190, 0, 309, NULL, NULL, NULL),
(508, 191, 30, 126, NULL, NULL, NULL),
(509, 192, 0, 239, NULL, NULL, NULL),
(510, 193, 19, 30, NULL, NULL, NULL),
(511, 193, 20, 245, NULL, NULL, NULL),
(512, 194, 5, 20, NULL, NULL, NULL),
(513, 195, 0, 40, NULL, NULL, '20.0000'),
(514, 196, 1, 40, NULL, NULL, NULL),
(515, 197, 0, -1, NULL, NULL, NULL),
(516, 198, 0, 44, NULL, NULL, NULL),
(517, 199, 0, 50, NULL, NULL, NULL),
(518, 200, 0, 88, NULL, NULL, NULL),
(519, 201, 0, 7, 5, NULL, NULL),
(522, 203, 4, 5, NULL, NULL, NULL),
(523, 204, 1, 5, 5, NULL, NULL),
(524, 205, 1, 2, 3, NULL, NULL),
(525, 202, 521, NULL, 5, NULL, NULL),
(528, 207, 0, 3, 3, 2, NULL),
(529, 207, 1, 3, 3, 2, NULL),
(530, 208, 0, 18, 18, 18, NULL),
(531, 208, 1, 16, 16, 16, NULL),
(532, 208, 2, 8, 8, 7, NULL),
(533, 209, 0, 9, 9, 8, NULL),
(534, 209, 1, 9, 9, 8, NULL),
(535, 210, 1, 5, 5, NULL, NULL),
(536, 211, 2, 5, 3, NULL, NULL),
(537, 212, 10, 6, 6, NULL, NULL),
(538, 213, 1, 6, 8, NULL, NULL),
(539, 214, 8, 5, 3, NULL, NULL),
(540, 215, 4, 3, 3, 3, NULL),
(541, 216, 0, 12, 11, 10, NULL);

-- --------------------------------------------------------

--
-- Estructura de tabla para la tabla `temporal_manifest`
--

CREATE TABLE `temporal_manifest` (
  `id` int(11) NOT NULL,
  `customer` int(11) DEFAULT NULL,
  `manifest` int(11) DEFAULT NULL,
  `loading` int(11) DEFAULT NULL,
  `truck_id` int(11) DEFAULT NULL,
  `container_id` int(11) DEFAULT NULL,
  `cup_truck_id` int(11) DEFAULT NULL,
  `driver_id` int(11) DEFAULT NULL,
  `sku` int(11) DEFAULT NULL,
  `item` int(11) DEFAULT NULL,
  `qty` int(11) DEFAULT NULL,
  `unit` int(11) DEFAULT NULL,
  `description` int(11) DEFAULT NULL,
  `unit_price` int(11) DEFAULT NULL,
  `total` int(11) DEFAULT NULL
) ENGINE=MyISAM DEFAULT CHARSET=latin1;

--
-- Volcado de datos para la tabla `temporal_manifest`
--

INSERT INTO `temporal_manifest` (`id`, `customer`, `manifest`, `loading`, `truck_id`, `container_id`, `cup_truck_id`, `driver_id`, `sku`, `item`, `qty`, `unit`, `description`, `unit_price`, `total`) VALUES
(1, 1, 139, 1, 0, 0, 0, 0, 0, 0, 78, 0, 0, 0, 0),
(2, 1, 139, 1, 0, 0, 0, 0, 0, 0, 11, 0, 0, 0, 0),
(3, 1, 139, 1, 0, 0, 0, 0, 0, 0, 377, 0, 0, 0, 0),
(4, 1, 139, 1, 0, 0, 0, 0, 0, 0, 2, 0, 0, 0, 0),
(5, 1, 139, 1, 0, 0, 0, 0, 0, 0, 15, 0, 0, 0, 0),
(6, 1, 139, 1, 0, 0, 0, 0, 0, 0, 28, 0, 0, 0, 0),
(7, 1, 139, 1, 0, 0, 0, 0, 0, 0, 35, 0, 0, 0, 0),
(8, 1, 139, 1, 0, 0, 0, 0, 0, 0, 475, 0, 0, 0, 0),
(9, 1, 141, 2, 0, 0, 0, 0, 0, 0, 262, 0, 0, 0, 0),
(10, 1, 141, 2, 0, 0, 0, 0, 0, 0, 352, 0, 0, 0, 0),
(11, 1, 141, 2, 0, 0, 0, 0, 0, 0, 38, 0, 0, 0, 0),
(12, 1, 141, 2, 0, 0, 0, 0, 0, 0, 36, 0, 0, 0, 0),
(13, 1, 141, 2, 0, 0, 0, 0, 0, 0, 14, 0, 0, 0, 0),
(14, 1, 147, 3, 0, 0, 0, 0, 0, 0, 232, 0, 0, 0, 0),
(15, 1, 147, 3, 0, 0, 0, 0, 0, 0, 142, 0, 0, 0, 0),
(16, 1, 147, 3, 0, 0, 0, 0, 0, 0, 27, 0, 0, 0, 0),
(17, 1, 147, 3, 0, 0, 0, 0, 0, 0, 18, 0, 0, 0, 0),
(18, 1, 147, 3, 0, 0, 0, 0, 0, 0, 3, 0, 0, 0, 0),
(19, 1, 147, 3, 0, 0, 0, 0, 0, 0, 401, 0, 0, 0, 0),
(20, 1, 147, 3, 0, 0, 0, 0, 0, 0, 162, 0, 0, 0, 0),
(21, 1, 147, 3, 0, 0, 0, 0, 0, 0, 24, 0, 0, 0, 0),
(22, 1, 147, 3, 0, 0, 0, 0, 0, 0, 32, 0, 0, 0, 0),
(23, 1, 147, 3, 0, 0, 0, 0, 0, 0, 15, 0, 0, 0, 0),
(24, 1, 147, 3, 0, 0, 0, 0, 0, 0, 6, 0, 0, 0, 0),
(25, 1, 148, 4, 5, 4, 1, 1, 0, 0, 80, 0, 0, 0, 0),
(26, 1, 148, 4, 5, 4, 1, 1, 0, 0, 80, 0, 0, 0, 0),
(27, 1, 148, 4, 5, 4, 1, 1, 0, 0, 776, 0, 0, 0, 0),
(28, 1, 148, 4, 5, 4, 1, 1, 0, 0, 328, 0, 0, 0, 0),
(29, 1, 148, 4, 5, 4, 1, 1, 0, 0, 26, 0, 0, 0, 0),
(30, 1, 148, 4, 5, 4, 1, 1, 0, 0, 45, 0, 0, 0, 0),
(31, 1, 149, 5, 4, 6, 1, 5, 0, 0, 81, 0, 0, 0, 0),
(32, 1, 149, 5, 4, 6, 1, 5, 0, 0, 154, 0, 0, 0, 0),
(33, 1, 149, 5, 4, 6, 1, 5, 0, 0, 38, 0, 0, 0, 0),
(34, 1, 149, 5, 4, 6, 1, 5, 0, 0, 2, 0, 0, 0, 0),
(35, 1, 149, 5, 4, 6, 1, 5, 0, 0, 178, 0, 0, 0, 0),
(36, 1, 149, 5, 4, 6, 1, 5, 0, 0, 94, 0, 0, 0, 0),
(37, 1, 149, 5, 4, 6, 1, 5, 0, 0, 24, 0, 0, 0, 0),
(38, 1, 149, 5, 4, 6, 1, 5, 0, 0, 4, 0, 0, 0, 0),
(39, 1, 149, 5, 4, 6, 1, 5, 0, 0, 368, 0, 0, 0, 0),
(40, 1, 149, 5, 4, 6, 1, 5, 0, 0, 258, 0, 0, 0, 0),
(41, 1, 149, 5, 4, 6, 1, 5, 0, 0, 74, 0, 0, 0, 0),
(42, 1, 149, 5, 4, 6, 1, 5, 0, 0, 13, 0, 0, 0, 0),
(43, 1, 149, 5, 4, 6, 1, 5, 0, 0, 8, 0, 0, 0, 0),
(44, 1, 150, 6, 6, 7, 1, 2, 0, 0, 48, 0, 0, 0, 0),
(45, 1, 150, 6, 6, 7, 1, 2, 0, 0, 176, 0, 0, 0, 0),
(46, 1, 150, 6, 6, 7, 1, 2, 0, 0, 65, 0, 0, 0, 0),
(47, 1, 150, 6, 6, 7, 1, 2, 0, 0, 1, 0, 0, 0, 0),
(48, 1, 150, 6, 6, 7, 1, 2, 0, 0, 3, 0, 0, 0, 0),
(49, 1, 150, 6, 6, 7, 1, 2, 0, 0, 480, 0, 0, 0, 0),
(50, 1, 150, 6, 6, 7, 1, 2, 0, 0, 480, 0, 0, 0, 0),
(51, 1, 150, 6, 6, 7, 1, 2, 0, 0, 84, 0, 0, 0, 0),
(52, 1, 150, 6, 6, 7, 1, 2, 0, 0, 32, 0, 0, 0, 0),
(53, 1, 150, 6, 6, 7, 1, 2, 0, 0, 24, 0, 0, 0, 0),
(54, 1, 150, 6, 6, 7, 1, 2, 0, 0, 16, 0, 0, 0, 0),
(55, 1, 151, 7, 3, 6, 1, 3, 0, 0, 24, 0, 0, 0, 0),
(56, 1, 151, 7, 3, 6, 1, 3, 0, 0, 16, 0, 0, 0, 0),
(57, 1, 151, 7, 3, 6, 1, 3, 0, 0, 400, 0, 0, 0, 0),
(58, 1, 151, 7, 3, 6, 1, 3, 0, 0, 328, 0, 0, 0, 0),
(59, 1, 151, 7, 3, 6, 1, 3, 0, 0, 42, 0, 0, 0, 0),
(60, 1, 151, 7, 3, 6, 1, 3, 0, 0, 29, 0, 0, 0, 0),
(61, 1, 151, 7, 3, 6, 1, 3, 0, 0, 21, 0, 0, 0, 0),
(62, 1, 151, 7, 3, 6, 1, 3, 0, 0, 6, 0, 0, 0, 0),
(63, 1, 151, 7, 3, 6, 1, 3, 0, 0, 8, 0, 0, 0, 0),
(64, 1, 152, 8, 7, 6, 1, 7, 0, 0, 63, 0, 0, 0, 0),
(65, 1, 152, 8, 7, 6, 1, 7, 0, 0, 511, 0, 0, 0, 0),
(66, 1, 152, 8, 7, 6, 1, 7, 0, 0, 307, 0, 0, 0, 0),
(67, 1, 152, 8, 7, 6, 1, 7, 0, 0, 1, 0, 0, 0, 0),
(68, 1, 152, 8, 7, 6, 1, 7, 0, 0, 3, 0, 0, 0, 0),
(69, 1, 152, 8, 7, 6, 1, 7, 0, 0, 40, 0, 0, 0, 0),
(70, 1, 152, 8, 7, 6, 1, 7, 0, 0, 40, 0, 0, 0, 0),
(71, 1, 152, 8, 7, 6, 1, 7, 0, 0, 16, 0, 0, 0, 0),
(72, 1, 152, 8, 7, 6, 1, 7, 0, 0, 144, 0, 0, 0, 0),
(73, 1, 152, 8, 7, 6, 1, 7, 0, 0, 80, 0, 0, 0, 0),
(74, 1, 152, 8, 7, 6, 1, 7, 0, 0, 77, 0, 0, 0, 0),
(75, 1, 152, 8, 7, 6, 1, 7, 0, 0, 84, 0, 0, 0, 0),
(76, 1, 153, 9, 4, 4, 1, 5, 0, 0, 80, 0, 0, 0, 0),
(77, 1, 153, 9, 4, 4, 1, 5, 0, 0, 304, 0, 0, 0, 0),
(78, 1, 153, 9, 4, 4, 1, 5, 0, 0, 320, 0, 0, 0, 0),
(79, 1, 153, 9, 4, 4, 1, 5, 0, 0, 84, 0, 0, 0, 0),
(80, 1, 153, 9, 4, 4, 1, 5, 0, 0, 12, 0, 0, 0, 0),
(81, 1, 153, 9, 4, 4, 1, 5, 0, 0, 27, 0, 0, 0, 0),
(82, 1, 153, 9, 4, 4, 1, 5, 0, 0, 108, 0, 0, 0, 0),
(83, 1, 153, 9, 4, 4, 1, 5, 0, 0, 7, 0, 0, 0, 0),
(84, 1, 153, 9, 4, 4, 1, 5, 0, 0, 6, 0, 0, 0, 0),
(85, 1, 153, 9, 4, 4, 1, 5, 0, 0, 360, 0, 0, 0, 0),
(86, 1, 153, 9, 4, 4, 1, 5, 0, 0, 240, 0, 0, 0, 0),
(87, 1, 154, 10, 6, 6, 1, 8, 0, 0, 21, 0, 0, 0, 0),
(88, 1, 154, 10, 6, 6, 1, 8, 0, 0, 30, 0, 0, 0, 0),
(89, 1, 154, 10, 6, 6, 1, 8, 0, 0, 4, 0, 0, 0, 0),
(90, 1, 154, 10, 6, 6, 1, 8, 0, 0, 17, 0, 0, 0, 0),
(91, 1, 154, 10, 6, 6, 1, 8, 0, 0, 7, 0, 0, 0, 0),
(92, 1, 154, 10, 6, 6, 1, 8, 0, 0, 233, 0, 0, 0, 0),
(93, 1, 154, 10, 6, 6, 1, 8, 0, 0, 80, 0, 0, 0, 0),
(94, 1, 154, 10, 6, 6, 1, 8, 0, 0, 42, 0, 0, 0, 0),
(95, 1, 154, 10, 6, 6, 1, 8, 0, 0, 151, 0, 0, 0, 0),
(96, 1, 154, 10, 6, 6, 1, 8, 0, 0, 47, 0, 0, 0, 0),
(97, 1, 154, 10, 6, 6, 1, 8, 0, 0, 56, 0, 0, 0, 0),
(98, 1, 154, 10, 6, 6, 1, 8, 0, 0, 3, 0, 0, 0, 0),
(99, 1, 154, 10, 6, 6, 1, 8, 0, 0, 2, 0, 0, 0, 0),
(100, 1, 155, 11, 5, 6, 1, 1, 0, 0, 1, 0, 0, 0, 0),
(101, 1, 155, 11, 5, 6, 1, 1, 0, 0, 1, 0, 0, 0, 0),
(102, 1, 155, 11, 5, 6, 1, 1, 0, 0, 4, 0, 0, 0, 0),
(103, 1, 155, 11, 5, 6, 1, 1, 0, 0, 572, 0, 0, 0, 0),
(104, 1, 155, 11, 5, 6, 1, 1, 0, 0, 294, 0, 0, 0, 0),
(105, 1, 155, 11, 5, 6, 1, 1, 0, 0, 44, 0, 0, 0, 0),
(106, 1, 155, 11, 5, 6, 1, 1, 0, 0, 24, 0, 0, 0, 0),
(107, 1, 155, 11, 5, 6, 1, 1, 0, 0, 12, 0, 0, 0, 0),
(108, 1, 155, 11, 5, 6, 1, 1, 0, 0, 124, 0, 0, 0, 0),
(109, 1, 155, 11, 5, 6, 1, 1, 0, 0, 42, 0, 0, 0, 0),
(110, 1, 155, 11, 5, 6, 1, 1, 0, 0, 49, 0, 0, 0, 0),
(111, 1, 155, 11, 5, 6, 1, 1, 0, 0, 139, 0, 0, 0, 0),
(112, 1, 155, 11, 5, 6, 1, 1, 0, 0, 54, 0, 0, 0, 0),
(113, 1, 155, 11, 5, 6, 1, 1, 0, 0, 2, 0, 0, 0, 0),
(114, 1, 156, 12, 5, 6, 1, 1, 0, 0, 294, 0, 0, 0, 0),
(115, 1, 156, 12, 5, 6, 1, 1, 0, 0, 89, 0, 0, 0, 0),
(116, 1, 156, 12, 5, 6, 1, 1, 0, 0, 39, 0, 0, 0, 0),
(117, 1, 156, 12, 5, 6, 1, 1, 0, 0, 6, 0, 0, 0, 0),
(118, 1, 156, 12, 5, 6, 1, 1, 0, 0, 17, 0, 0, 0, 0),
(119, 1, 156, 12, 5, 6, 1, 1, 0, 0, 5, 0, 0, 0, 0),
(120, 1, 156, 12, 5, 6, 1, 1, 0, 0, 240, 0, 0, 0, 0),
(121, 1, 156, 12, 5, 6, 1, 1, 0, 0, 360, 0, 0, 0, 0),
(122, 1, 157, 13, 4, 10, 1, 5, 0, 0, 88, 0, 0, 0, 0),
(123, 1, 157, 13, 4, 10, 1, 5, 0, 0, 482, 0, 0, 0, 0),
(124, 1, 157, 13, 4, 10, 1, 5, 0, 0, 324, 0, 0, 0, 0),
(125, 1, 157, 13, 4, 10, 1, 5, 0, 0, 2, 0, 0, 0, 0),
(126, 1, 157, 13, 4, 10, 1, 5, 0, 0, 43, 0, 0, 0, 0),
(127, 1, 158, 14, 6, 5, 1, 2, 0, 0, 5, 0, 0, 0, 0),
(128, 1, 158, 14, 6, 5, 1, 2, 0, 0, 454, 0, 0, 0, 0),
(129, 1, 158, 14, 6, 5, 1, 2, 0, 0, 261, 0, 0, 0, 0),
(130, 1, 158, 14, 6, 5, 1, 2, 0, 0, 25, 0, 0, 0, 0),
(131, 1, 158, 14, 6, 5, 1, 2, 0, 0, 46, 0, 0, 0, 0),
(132, 1, 158, 14, 6, 5, 1, 2, 0, 0, 16, 0, 0, 0, 0),
(133, 1, 158, 14, 6, 5, 1, 2, 0, 0, 2, 0, 0, 0, 0),
(134, 1, 158, 14, 6, 5, 1, 2, 0, 0, 82, 0, 0, 0, 0),
(135, 1, 159, 15, 5, 6, 1, 1, 0, 0, 211, 0, 0, 0, 0),
(136, 1, 159, 15, 5, 6, 1, 1, 0, 0, 112, 0, 0, 0, 0),
(137, 1, 159, 15, 5, 6, 1, 1, 0, 0, 9, 0, 0, 0, 0),
(138, 1, 159, 15, 5, 6, 1, 1, 0, 0, 234, 0, 0, 0, 0),
(139, 1, 159, 15, 5, 6, 1, 1, 0, 0, 97, 0, 0, 0, 0),
(140, 1, 159, 15, 5, 6, 1, 1, 0, 0, 15, 0, 0, 0, 0),
(141, 1, 159, 15, 5, 6, 1, 1, 0, 0, 36, 0, 0, 0, 0),
(142, 1, 159, 15, 5, 6, 1, 1, 0, 0, 17, 0, 0, 0, 0),
(143, 1, 159, 15, 5, 6, 1, 1, 0, 0, 3, 0, 0, 0, 0),
(144, 1, 159, 15, 5, 6, 1, 1, 0, 0, 108, 0, 0, 0, 0),
(145, 1, 159, 15, 5, 6, 1, 1, 0, 0, 247, 0, 0, 0, 0),
(146, 1, 159, 15, 5, 6, 1, 1, 0, 0, 72, 0, 0, 0, 0),
(147, 1, 159, 15, 5, 6, 1, 1, 0, 0, 2, 0, 0, 0, 0),
(148, 1, 160, 16, 2, 5, 1, 4, 0, 0, 172, 0, 0, 0, 0),
(149, 1, 160, 16, 2, 5, 1, 4, 0, 0, 284, 0, 0, 0, 0),
(150, 1, 160, 16, 2, 5, 1, 4, 0, 0, 171, 0, 0, 0, 0),
(151, 1, 160, 16, 2, 5, 1, 4, 0, 0, 17, 0, 0, 0, 0),
(152, 1, 160, 16, 2, 5, 1, 4, 0, 0, 19, 0, 0, 0, 0),
(153, 1, 160, 16, 2, 5, 1, 4, 0, 0, 11, 0, 0, 0, 0),
(154, 1, 160, 16, 2, 5, 1, 4, 0, 0, 5, 0, 0, 0, 0),
(155, 1, 160, 16, 2, 5, 1, 4, 0, 0, 1, 0, 0, 0, 0),
(156, 1, 160, 16, 2, 5, 1, 4, 0, 0, 1, 0, 0, 0, 0),
(157, 1, 160, 16, 2, 5, 1, 4, 0, 0, 68, 0, 0, 0, 0),
(158, 1, 160, 16, 2, 5, 1, 4, 0, 0, 163, 0, 0, 0, 0),
(159, 1, 160, 16, 2, 5, 1, 4, 0, 0, 61, 0, 0, 0, 0),
(160, 1, 160, 16, 2, 5, 1, 4, 0, 0, 3, 0, 0, 0, 0),
(161, 1, 161, 17, 5, 6, 1, 1, 0, 0, 16, 0, 0, 0, 0),
(162, 1, 161, 17, 5, 6, 1, 1, 0, 0, 70, 0, 0, 0, 0),
(163, 1, 161, 17, 5, 6, 1, 1, 0, 0, 47, 0, 0, 0, 0),
(164, 1, 161, 17, 5, 6, 1, 1, 0, 0, 12, 0, 0, 0, 0),
(165, 1, 161, 17, 5, 6, 1, 1, 0, 0, 323, 0, 0, 0, 0),
(166, 1, 161, 17, 5, 6, 1, 1, 0, 0, 125, 0, 0, 0, 0),
(167, 1, 161, 17, 5, 6, 1, 1, 0, 0, 16, 0, 0, 0, 0),
(168, 1, 161, 17, 5, 6, 1, 1, 0, 0, 18, 0, 0, 0, 0),
(169, 1, 161, 17, 5, 6, 1, 1, 0, 0, 37, 0, 0, 0, 0),
(170, 1, 161, 17, 5, 6, 1, 1, 0, 0, 12, 0, 0, 0, 0),
(171, 1, 161, 17, 5, 6, 1, 1, 0, 0, 1, 0, 0, 0, 0),
(172, 1, 161, 17, 5, 6, 1, 1, 0, 0, 50, 0, 0, 0, 0),
(173, 1, 161, 17, 5, 6, 1, 1, 0, 0, 102, 0, 0, 0, 0),
(174, 1, 161, 17, 5, 6, 1, 1, 0, 0, 100, 0, 0, 0, 0),
(175, 1, 161, 17, 5, 6, 1, 1, 0, 0, 79, 0, 0, 0, 0),
(176, 1, 162, 18, 5, 6, 1, 9, 0, 0, 205, 0, 0, 0, 0),
(177, 1, 162, 18, 5, 6, 1, 9, 0, 0, 103, 0, 0, 0, 0),
(178, 1, 162, 18, 5, 6, 1, 9, 0, 0, 30, 0, 0, 0, 0),
(179, 1, 162, 18, 5, 6, 1, 9, 0, 0, 8, 0, 0, 0, 0),
(180, 1, 162, 18, 5, 6, 1, 9, 0, 0, 2, 0, 0, 0, 0),
(181, 1, 162, 18, 5, 6, 1, 9, 0, 0, 8, 0, 0, 0, 0),
(182, 1, 162, 18, 5, 6, 1, 9, 0, 0, 29, 0, 0, 0, 0),
(183, 1, 162, 18, 5, 6, 1, 9, 0, 0, 123, 0, 0, 0, 0),
(184, 1, 162, 18, 5, 6, 1, 9, 0, 0, 35, 0, 0, 0, 0),
(185, 1, 162, 18, 5, 6, 1, 9, 0, 0, 57, 0, 0, 0, 0),
(186, 1, 162, 18, 5, 6, 1, 9, 0, 0, 31, 0, 0, 0, 0),
(187, 1, 162, 18, 5, 6, 1, 9, 0, 0, 81, 0, 0, 0, 0),
(188, 1, 162, 18, 5, 6, 1, 9, 0, 0, 156, 0, 0, 0, 0),
(189, 1, 162, 18, 5, 6, 1, 9, 0, 0, 61, 0, 0, 0, 0),
(190, 1, 162, 18, 5, 6, 1, 9, 0, 0, 3, 0, 0, 0, 0),
(191, 1, 163, 19, 4, 9, 1, 5, 0, 0, 18, 0, 0, 0, 0),
(192, 1, 163, 19, 4, 9, 1, 5, 0, 0, 382, 0, 0, 0, 0),
(193, 1, 163, 19, 4, 9, 1, 5, 0, 0, 13, 0, 0, 0, 0),
(194, 1, 163, 19, 4, 9, 1, 5, 0, 0, 41, 0, 0, 0, 0),
(195, 1, 163, 19, 4, 9, 1, 5, 0, 0, 14, 0, 0, 0, 0),
(196, 1, 163, 19, 4, 9, 1, 5, 0, 0, 18, 0, 0, 0, 0),
(197, 1, 163, 19, 4, 9, 1, 5, 0, 0, 22, 0, 0, 0, 0),
(198, 1, 163, 19, 4, 9, 1, 5, 0, 0, 1, 0, 0, 0, 0),
(199, 1, 163, 19, 4, 9, 1, 5, 0, 0, 82, 0, 0, 0, 0),
(200, 1, 163, 19, 4, 9, 1, 5, 0, 0, 164, 0, 0, 0, 0),
(201, 1, 163, 19, 4, 9, 1, 5, 0, 0, 61, 0, 0, 0, 0),
(202, 1, 163, 19, 4, 9, 1, 5, 0, 0, 2, 0, 0, 0, 0),
(203, 1, 164, 20, 2, 5, 1, 4, 0, 0, 12, 0, 0, 0, 0),
(204, 1, 164, 20, 2, 5, 1, 4, 0, 0, 26, 0, 0, 0, 0),
(205, 1, 164, 20, 2, 5, 1, 4, 0, 0, 156, 0, 0, 0, 0),
(206, 1, 164, 20, 2, 5, 1, 4, 0, 0, 109, 0, 0, 0, 0),
(207, 1, 164, 20, 2, 5, 1, 4, 0, 0, 208, 0, 0, 0, 0),
(208, 1, 164, 20, 2, 5, 1, 4, 0, 0, 97, 0, 0, 0, 0),
(209, 1, 164, 20, 2, 5, 1, 4, 0, 0, 9, 0, 0, 0, 0),
(210, 1, 165, 21, 2, 5, 1, 4, 0, 0, 67, 0, 0, 0, 0),
(211, 1, 165, 21, 2, 5, 1, 4, 0, 0, 282, 0, 0, 0, 0),
(212, 1, 165, 21, 2, 5, 1, 4, 0, 0, 19, 0, 0, 0, 0),
(213, 1, 165, 21, 2, 5, 1, 4, 0, 0, 181, 0, 0, 0, 0),
(214, 1, 165, 21, 2, 5, 1, 4, 0, 0, 173, 0, 0, 0, 0),
(215, 1, 165, 21, 2, 5, 1, 4, 0, 0, 149, 0, 0, 0, 0),
(216, 1, 165, 21, 2, 5, 1, 4, 0, 0, 154, 0, 0, 0, 0),
(217, 1, 165, 21, 2, 5, 1, 4, 0, 0, 106, 0, 0, 0, 0),
(218, 1, 165, 21, 2, 5, 1, 4, 0, 0, 186, 0, 0, 0, 0),
(219, 1, 165, 21, 2, 5, 1, 4, 0, 0, 90, 0, 0, 0, 0),
(220, 1, 165, 21, 2, 5, 1, 4, 0, 0, 3, 0, 0, 0, 0),
(221, 1, 166, 22, 4, 6, 1, 5, 0, 0, 703, 0, 0, 0, 0),
(222, 1, 166, 22, 4, 6, 1, 5, 0, 0, 521, 0, 0, 0, 0),
(223, 1, 166, 22, 4, 6, 1, 5, 0, 0, 47, 0, 0, 0, 0),
(224, 1, 166, 22, 4, 6, 1, 5, 0, 0, 40, 0, 0, 0, 0),
(225, 1, 166, 22, 4, 6, 1, 5, 0, 0, 12, 0, 0, 0, 0),
(226, 1, 167, 23, 4, 8, 1, 5, 0, 0, 564, 0, 0, 0, 0),
(227, 1, 167, 23, 4, 8, 1, 5, 0, 0, 460, 0, 0, 0, 0),
(228, 1, 167, 23, 4, 8, 1, 5, 0, 0, 129, 0, 0, 0, 0),
(229, 1, 167, 23, 4, 8, 1, 5, 0, 0, 121, 0, 0, 0, 0),
(230, 1, 167, 23, 4, 8, 1, 5, 0, 0, 48, 0, 0, 0, 0),
(231, 1, 167, 23, 4, 8, 1, 5, 0, 0, 78, 0, 0, 0, 0),
(232, 1, 167, 23, 4, 8, 1, 5, 0, 0, 110, 0, 0, 0, 0),
(233, 1, 167, 23, 4, 8, 1, 5, 0, 0, 111, 0, 0, 0, 0),
(234, 1, 167, 23, 4, 8, 1, 5, 0, 0, 3, 0, 0, 0, 0),
(235, 1, 168, 24, 5, 6, 1, 1, 0, 0, 36, 0, 0, 0, 0),
(236, 1, 168, 24, 5, 6, 1, 1, 0, 0, 224, 0, 0, 0, 0),
(237, 1, 168, 24, 5, 6, 1, 1, 0, 0, 9, 0, 0, 0, 0),
(238, 1, 168, 24, 5, 6, 1, 1, 0, 0, 12, 0, 0, 0, 0),
(239, 1, 168, 24, 5, 6, 1, 1, 0, 0, 164, 0, 0, 0, 0),
(240, 1, 168, 24, 5, 6, 1, 1, 0, 0, 8, 0, 0, 0, 0),
(241, 1, 168, 24, 5, 6, 1, 1, 0, 0, 135, 0, 0, 0, 0),
(242, 1, 168, 24, 5, 6, 1, 1, 0, 0, 10, 0, 0, 0, 0),
(243, 1, 168, 24, 5, 6, 1, 1, 0, 0, 27, 0, 0, 0, 0),
(244, 1, 168, 24, 5, 6, 1, 1, 0, 0, 68, 0, 0, 0, 0),
(245, 1, 168, 24, 5, 6, 1, 1, 0, 0, 156, 0, 0, 0, 0),
(246, 1, 168, 24, 5, 6, 1, 1, 0, 0, 75, 0, 0, 0, 0),
(247, 1, 168, 24, 5, 6, 1, 1, 0, 0, 3, 0, 0, 0, 0),
(248, 1, 169, 25, 4, 4, 1, 5, 0, 0, 80, 0, 0, 0, 0),
(249, 1, 169, 25, 4, 4, 1, 5, 0, 0, 73, 0, 0, 0, 0),
(250, 1, 169, 25, 4, 4, 1, 5, 0, 0, 360, 0, 0, 0, 0),
(251, 1, 169, 25, 4, 4, 1, 5, 0, 0, 144, 0, 0, 0, 0),
(252, 1, 169, 25, 4, 4, 1, 5, 0, 0, 86, 0, 0, 0, 0),
(253, 1, 170, 26, 5, 6, 1, 1, 0, 0, 48, 0, 0, 0, 0),
(254, 1, 170, 26, 5, 6, 1, 1, 0, 0, 262, 0, 0, 0, 0),
(255, 1, 170, 26, 5, 6, 1, 1, 0, 0, 302, 0, 0, 0, 0),
(256, 1, 170, 26, 5, 6, 1, 1, 0, 0, 157, 0, 0, 0, 0),
(257, 1, 170, 26, 5, 6, 1, 1, 0, 0, 105, 0, 0, 0, 0),
(258, 1, 170, 26, 5, 6, 1, 1, 0, 0, 28, 0, 0, 0, 0),
(259, 1, 170, 26, 5, 6, 1, 1, 0, 0, 80, 0, 0, 0, 0),
(260, 1, 171, 27, 5, 6, 1, 1, 0, 0, 2, 0, 0, 0, 0),
(261, 1, 171, 27, 5, 6, 1, 1, 0, 0, 31, 0, 0, 0, 0),
(262, 1, 171, 27, 5, 6, 1, 1, 0, 0, 620, 0, 0, 0, 0),
(263, 1, 171, 27, 5, 6, 1, 1, 0, 0, 30, 0, 0, 0, 0),
(264, 1, 171, 27, 5, 6, 1, 1, 0, 0, 136, 0, 0, 0, 0),
(265, 1, 171, 27, 5, 6, 1, 1, 0, 0, 111, 0, 0, 0, 0),
(266, 1, 171, 27, 5, 6, 1, 1, 0, 0, 15, 0, 0, 0, 0),
(267, 1, 171, 27, 5, 6, 1, 1, 0, 0, 120, 0, 0, 0, 0),
(268, 1, 172, 28, 5, 6, 1, 1, 0, 0, 4, 0, 0, 0, 0),
(269, 1, 172, 28, 5, 6, 1, 1, 0, 0, 7, 0, 0, 0, 0),
(270, 1, 172, 28, 5, 6, 1, 1, 0, 0, 273, 0, 0, 0, 0),
(271, 1, 172, 28, 5, 6, 1, 1, 0, 0, 19, 0, 0, 0, 0),
(272, 1, 172, 28, 5, 6, 1, 1, 0, 0, 71, 0, 0, 0, 0),
(273, 1, 172, 28, 5, 6, 1, 1, 0, 0, 102, 0, 0, 0, 0),
(274, 1, 172, 28, 5, 6, 1, 1, 0, 0, 16, 0, 0, 0, 0),
(275, 1, 172, 28, 5, 6, 1, 1, 0, 0, 175, 0, 0, 0, 0),
(276, 1, 172, 28, 5, 6, 1, 1, 0, 0, 92, 0, 0, 0, 0),
(277, 1, 172, 28, 5, 6, 1, 1, 0, 0, 14, 0, 0, 0, 0),
(278, 1, 172, 28, 5, 6, 1, 1, 0, 0, 10, 0, 0, 0, 0),
(279, 1, 172, 28, 5, 6, 1, 1, 0, 0, 38, 0, 0, 0, 0),
(280, 1, 173, 29, 4, 6, 1, 5, 0, 0, 695, 0, 0, 0, 0),
(281, 1, 174, 30, 5, 8, 1, 1, 0, 0, 25, 0, 0, 0, 0),
(282, 1, 174, 30, 5, 8, 1, 1, 0, 0, 535, 0, 0, 0, 0),
(283, 1, 174, 30, 5, 8, 1, 1, 0, 0, 159, 0, 0, 0, 0),
(284, 1, 174, 30, 5, 8, 1, 1, 0, 0, 78, 0, 0, 0, 0),
(285, 1, 174, 30, 5, 8, 1, 1, 0, 0, 72, 0, 0, 0, 0),
(286, 1, 174, 30, 5, 8, 1, 1, 0, 0, 106, 0, 0, 0, 0),
(287, 1, 174, 30, 5, 8, 1, 1, 0, 0, 202, 0, 0, 0, 0),
(288, 1, 174, 30, 5, 8, 1, 1, 0, 0, 29, 0, 0, 0, 0),
(289, 1, 174, 30, 5, 8, 1, 1, 0, 0, 46, 0, 0, 0, 0),
(290, 1, 175, 31, 5, 4, 1, 1, 0, 0, 8, 0, 0, 0, 0),
(291, 1, 175, 31, 5, 4, 1, 1, 0, 0, 383, 0, 0, 0, 0),
(292, 1, 175, 31, 5, 4, 1, 1, 0, 0, 1080, 0, 0, 0, 0),
(293, 1, 175, 31, 5, 4, 1, 1, 0, 0, 84, 0, 0, 0, 0),
(294, 1, 175, 31, 5, 4, 1, 1, 0, 0, 72, 0, 0, 0, 0),
(295, 1, 175, 31, 5, 4, 1, 1, 0, 0, 70, 0, 0, 0, 0),
(296, 1, 175, 31, 5, 4, 1, 1, 0, 0, 10, 0, 0, 0, 0),
(297, 1, 175, 31, 5, 4, 1, 1, 0, 0, 32, 0, 0, 0, 0),
(298, 1, 176, 32, 4, 6, 1, 5, 0, 0, 1, 0, 0, 0, 0),
(299, 1, 176, 32, 4, 6, 1, 5, 0, 0, 320, 0, 0, 0, 0),
(300, 1, 176, 32, 4, 6, 1, 5, 0, 0, 178, 0, 0, 0, 0),
(301, 1, 176, 32, 4, 6, 1, 5, 0, 0, 120, 0, 0, 0, 0),
(302, 1, 176, 32, 4, 6, 1, 5, 0, 0, 42, 0, 0, 0, 0),
(303, 1, 176, 32, 4, 6, 1, 5, 0, 0, 6, 0, 0, 0, 0),
(304, 1, 176, 32, 4, 6, 1, 5, 0, 0, 128, 0, 0, 0, 0),
(305, 1, 176, 32, 4, 6, 1, 5, 0, 0, 388, 0, 0, 0, 0),
(306, 1, 176, 32, 4, 6, 1, 5, 0, 0, 31, 0, 0, 0, 0),
(307, 1, 176, 32, 4, 6, 1, 5, 0, 0, 78, 0, 0, 0, 0),
(308, 1, 177, 33, 4, 6, 1, 5, 0, 0, 201, 0, 0, 0, 0),
(309, 1, 177, 33, 4, 6, 1, 5, 0, 0, 36, 0, 0, 0, 0),
(310, 1, 177, 33, 4, 6, 1, 5, 0, 0, 111, 0, 0, 0, 0),
(311, 1, 177, 33, 4, 6, 1, 5, 0, 0, 157, 0, 0, 0, 0),
(312, 1, 177, 33, 4, 6, 1, 5, 0, 0, 15, 0, 0, 0, 0),
(313, 1, 177, 33, 4, 6, 1, 5, 0, 0, 96, 0, 0, 0, 0),
(314, 1, 177, 33, 4, 6, 1, 5, 0, 0, 199, 0, 0, 0, 0),
(315, 1, 177, 33, 4, 6, 1, 5, 0, 0, 395, 0, 0, 0, 0),
(316, 1, 177, 33, 4, 6, 1, 5, 0, 0, 85, 0, 0, 0, 0),
(317, 1, 177, 33, 4, 6, 1, 5, 0, 0, 162, 0, 0, 0, 0),
(318, 1, 177, 33, 4, 6, 1, 5, 0, 0, 27, 0, 0, 0, 0),
(319, 1, 177, 33, 4, 6, 1, 5, 0, 0, 10, 0, 0, 0, 0),
(320, 1, 178, 34, 5, 6, 1, 1, 0, 0, 303, 0, 0, 0, 0),
(321, 1, 178, 34, 5, 6, 1, 1, 0, 0, 76, 0, 0, 0, 0),
(322, 1, 178, 34, 5, 6, 1, 1, 0, 0, 240, 0, 0, 0, 0),
(323, 1, 178, 34, 5, 6, 1, 1, 0, 0, 81, 0, 0, 0, 0),
(324, 1, 178, 34, 5, 6, 1, 1, 0, 0, 347, 0, 0, 0, 0),
(325, 1, 178, 34, 5, 6, 1, 1, 0, 0, 108, 0, 0, 0, 0),
(326, 1, 178, 34, 5, 6, 1, 1, 0, 0, 154, 0, 0, 0, 0),
(327, 1, 178, 34, 5, 6, 1, 1, 0, 0, 81, 0, 0, 0, 0),
(328, 1, 179, 35, 4, 8, 1, 5, 0, 0, 80, 0, 0, 0, 0),
(329, 1, 179, 35, 4, 8, 1, 5, 0, 0, 448, 0, 0, 0, 0),
(330, 1, 179, 35, 4, 8, 1, 5, 0, 0, 272, 0, 0, 0, 0),
(331, 1, 179, 35, 4, 8, 1, 5, 0, 0, 240, 0, 0, 0, 0),
(332, 1, 179, 35, 4, 8, 1, 5, 0, 0, 80, 0, 0, 0, 0),
(333, 1, 179, 35, 4, 8, 1, 5, 0, 0, 48, 0, 0, 0, 0),
(334, 1, 180, 36, 10, 6, 1, 1, 0, 0, 94, 0, 0, 0, 0),
(335, 1, 180, 36, 10, 6, 1, 1, 0, 0, 1, 0, 0, 0, 0),
(336, 1, 180, 36, 10, 6, 1, 1, 0, 0, 336, 0, 0, 0, 0),
(337, 1, 180, 36, 10, 6, 1, 1, 0, 0, 312, 0, 0, 0, 0),
(338, 1, 180, 36, 10, 6, 1, 1, 0, 0, 160, 0, 0, 0, 0),
(339, 1, 180, 36, 10, 6, 1, 1, 0, 0, 153, 0, 0, 0, 0),
(340, 1, 180, 36, 10, 6, 1, 1, 0, 0, 72, 0, 0, 0, 0),
(341, 1, 180, 36, 10, 6, 1, 1, 0, 0, 238, 0, 0, 0, 0),
(342, 1, 181, 37, 6, 5, 1, 2, 0, 0, 697, 0, 0, 0, 0),
(343, 1, 0, 38, 5, 8, 1, 1, 0, 0, 680, 0, 0, 0, 0),
(344, 1, 0, 39, 4, 6, 1, 5, 0, 0, 504, 0, 0, 0, 0),
(345, 1, 0, 39, 4, 6, 1, 1, 0, 0, 787, 0, 0, 0, 0),
(346, 1, 0, 39, 4, 6, 1, 1, 0, 0, 43, 0, 0, 0, 0),
(347, 1, 0, 40, 5, 8, 1, 1, 0, 0, 833, 0, 0, 0, 0),
(348, 1, 0, 40, 5, 8, 1, 1, 0, 0, 553, 0, 0, 0, 0),
(349, 1, 0, 40, 5, 8, 1, 1, 0, 0, 33, 0, 0, 0, 0),
(350, 1, 0, 41, 5, 6, 1, 1, 0, 0, 912, 0, 0, 0, 0),
(351, 1, 0, 41, 5, 6, 1, 1, 0, 0, 247, 0, 0, 0, 0),
(352, 1, 0, 41, 5, 6, 1, 1, 0, 0, 162, 0, 0, 0, 0),
(353, 1, 0, 42, 5, 6, 1, 1, 0, 0, 560, 0, 0, 0, 0),
(354, 1, 0, 42, 5, 6, 1, 1, 0, 0, 555, 0, 0, 0, 0),
(355, 1, 0, 42, 5, 6, 1, 1, 0, 0, 252, 0, 0, 0, 0),
(356, 1, 0, 42, 5, 6, 1, 1, 0, 0, 56, 0, 0, 0, 0),
(357, 1, 0, 43, 7, 9, 1, 10, 0, 0, 640, 0, 0, 0, 0),
(358, 1, 0, 44, 2, 5, 1, 4, 0, 0, 1368, 0, 0, 0, 0),
(359, 1, 0, 45, 5, 4, 1, 1, 0, 0, 742, 0, 0, 0, 0),
(360, 1, 0, 45, 5, 4, 1, 1, 0, 0, 354, 0, 0, 0, 0),
(361, 1, 0, 45, 5, 4, 1, 1, 0, 0, 246, 0, 0, 0, 0),
(362, 1, 0, 45, 5, 4, 1, 5, 0, 0, 186, 0, 0, 0, 0),
(363, 1, 0, 46, 5, 6, 1, 2, 0, 0, 212, 0, 0, 0, 0),
(364, 1, 0, 46, 5, 6, 1, 2, 0, 0, 145, 0, 0, 0, 0),
(365, 1, 0, 46, 5, 6, 1, 2, 0, 0, 576, 0, 0, 0, 0),
(366, 1, 0, 46, 5, 6, 1, 2, 0, 0, 432, 0, 0, 0, 0),
(367, 1, 0, 47, 5, 4, 1, 1, 0, 0, 1008, 0, 0, 0, 0),
(368, 1, 0, 47, 5, 4, 1, 1, 0, 0, 288, 0, 0, 0, 0),
(369, 1, 0, 48, 4, 6, 1, 5, 0, 0, 1080, 0, 0, 0, 0),
(370, 1, 0, 48, 4, 6, 1, 5, 0, 0, 203, 0, 0, 0, 0),
(371, 1, 0, 48, 4, 6, 1, 5, 0, 0, 107, 0, 0, 0, 0),
(372, 1, 0, 49, 6, 5, 1, 2, 0, 0, 432, 0, 0, 0, 0),
(373, 1, 0, 49, 6, 5, 1, 2, 0, 0, 72, 0, 0, 0, 0),
(374, 1, 0, 49, 6, 5, 1, 2, 0, 0, 280, 0, 0, 0, 0),
(375, 1, 0, 49, 6, 5, 1, 2, 0, 0, 229, 0, 0, 0, 0),
(376, 1, 0, 50, 5, 8, 1, 1, 0, 0, 288, 0, 0, 0, 0),
(377, 1, 0, 50, 5, 8, 1, 1, 0, 0, 648, 0, 0, 0, 0),
(378, 1, 0, 50, 5, 8, 1, 1, 0, 0, 105, 0, 0, 0, 0),
(379, 1, 0, 50, 5, 8, 1, 1, 0, 0, 321, 0, 0, 0, 0),
(380, 1, 0, 51, 5, 4, 1, 1, 0, 0, 595, 0, 0, 0, 0),
(381, 1, 0, 51, 5, 4, 1, 1, 0, 0, 397, 0, 0, 0, 0),
(382, 1, 0, 51, 5, 4, 1, 1, 0, 0, 291, 0, 0, 0, 0),
(383, 1, 0, 51, 5, 4, 1, 1, 0, 0, 49, 0, 0, 0, 0),
(384, 1, 0, 52, 4, 8, 1, 5, 0, 0, 727, 0, 0, 0, 0),
(385, 1, 0, 52, 4, 8, 1, 5, 0, 0, 348, 0, 0, 0, 0),
(386, 1, 0, 53, 4, 4, 1, 5, 0, 0, 510, 0, 0, 0, 0),
(387, 1, 0, 53, 4, 4, 1, 5, 0, 0, 534, 0, 0, 0, 0),
(388, 1, 0, 53, 4, 4, 1, 5, 0, 0, 112, 0, 0, 0, 0),
(389, 1, 0, 53, 4, 4, 1, 5, 0, 0, 85, 0, 0, 0, 0),
(390, 1, 0, 54, 5, 4, 1, 1, 0, 0, 474, 0, 0, 0, 0),
(391, 1, 0, 54, 5, 4, 1, 1, 0, 0, 271, 0, 0, 0, 0),
(392, 1, 0, 54, 5, 4, 1, 1, 0, 0, 244, 0, 0, 0, 0),
(393, 1, 0, 54, 5, 4, 1, 1, 0, 0, 179, 0, 0, 0, 0),
(394, 1, 0, 55, 5, 4, 1, 1, 0, 0, 749, 0, 0, 0, 0),
(395, 1, 0, 55, 5, 4, 1, 1, 0, 0, 56, 0, 0, 0, 0),
(396, 1, 0, 55, 5, 4, 1, 1, 0, 0, 286, 0, 0, 0, 0),
(397, 1, 0, 56, 4, 8, 1, 5, 0, 0, 420, 0, 0, 0, 0),
(398, 1, 0, 56, 4, 8, 1, 5, 0, 0, 15, 0, 0, 0, 0),
(399, 1, 0, 56, 4, 8, 1, 5, 0, 0, 155, 0, 0, 0, 0),
(400, 1, 0, 57, 1, 1, 2, 1, 0, 0, 324, 0, 0, 0, 0),
(401, 1, 0, 57, 1, 1, 2, 1, 0, 0, 102, 0, 0, 0, 0),
(402, 1, 0, 58, 5, 6, 1, 1, 0, 0, 72, 0, 0, 0, 0),
(403, 1, 0, 58, 5, 6, 1, 1, 0, 0, 504, 0, 0, 0, 0),
(404, 1, 0, 58, 5, 6, 1, 1, 0, 0, 164, 0, 0, 0, 0),
(405, 1, 0, 58, 5, 6, 1, 1, 0, 0, 29, 0, 0, 0, 0),
(406, 1, 0, 58, 5, 6, 1, 1, 0, 0, 18, 0, 0, 0, 0),
(407, 1, 0, 58, 5, 6, 1, 1, 0, 0, 116, 0, 0, 0, 0),
(408, 1, 0, 58, 5, 6, 1, 1, 0, 0, 39, 0, 0, 0, 0),
(409, 1, 0, 58, 5, 6, 1, 1, 0, 0, 168, 0, 0, 0, 0),
(410, 1, 0, 58, 5, 6, 1, 1, 0, 0, 95, 0, 0, 0, 0),
(411, 1, 0, 59, 5, 4, 1, 1, 0, 0, 126, 0, 0, 0, 0),
(412, 1, 0, 59, 5, 4, 1, 1, 0, 0, 121, 0, 0, 0, 0),
(413, 1, 0, 59, 5, 4, 1, 1, 0, 0, 432, 0, 0, 0, 0),
(414, 1, 0, 59, 5, 4, 1, 1, 0, 0, 288, 0, 0, 0, 0),
(415, 1, 0, 59, 5, 4, 1, 1, 0, 0, 72, 0, 0, 0, 0),
(416, 1, 0, 59, 5, 4, 1, 1, 0, 0, 10, 0, 0, 0, 0),
(417, 1, 0, 59, 5, 4, 1, 1, 0, 0, 167, 0, 0, 0, 0),
(418, 1, 0, 60, 4, 8, 1, 5, 0, 0, 520, 0, 0, 0, 0),
(419, 1, 0, 61, 5, 6, 1, 1, 0, 0, 27, 0, 0, 0, 0),
(420, 1, 0, 61, 5, 6, 1, 1, 0, 0, 345, 0, 0, 0, 0),
(421, 1, 0, 61, 5, 6, 1, 1, 0, 0, 247, 0, 0, 0, 0),
(422, 1, 0, 61, 5, 6, 1, 1, 0, 0, 86, 0, 0, 0, 0),
(423, 1, 0, 61, 5, 6, 1, 1, 0, 0, 213, 0, 0, 0, 0);

-- --------------------------------------------------------

--
-- Estructura de tabla para la tabla `transfer`
--

CREATE TABLE `transfer` (
  `id` int(11) NOT NULL,
  `code` varchar(10) DEFAULT NULL,
  `user_id` int(11) DEFAULT NULL,
  `client_id` int(11) NOT NULL,
  `co_truck` varchar(100) DEFAULT NULL,
  `truck` varchar(100) DEFAULT NULL,
  `driver` varchar(100) DEFAULT NULL,
  `container` varchar(100) DEFAULT NULL,
  `direccion_entrega` varchar(100) NOT NULL,
  `temperatura` varchar(10) NOT NULL,
  `manifest` varchar(255) DEFAULT NULL,
  `invoice` varchar(255) DEFAULT NULL,
  `date` date DEFAULT NULL,
  `updated_at` datetime NOT NULL,
  `created_at` datetime NOT NULL
) ENGINE=MyISAM DEFAULT CHARSET=latin1;

--
-- Volcado de datos para la tabla `transfer`
--

INSERT INTO `transfer` (`id`, `code`, `user_id`, `client_id`, `co_truck`, `truck`, `driver`, `container`, `direccion_entrega`, `temperatura`, `manifest`, `invoice`, `date`, `updated_at`, `created_at`) VALUES
(1, 'T-000001', 1, 1, '0', '0', '0', '0', '', '', '139', '', '2017-08-29', '2017-12-27 01:56:21', '2017-12-27 01:56:21'),
(2, 'T-000002', 1, 1, '0', '0', '0', '0', '', '', '141', '', '2017-08-31', '2017-12-27 01:56:21', '2017-12-27 01:56:21'),
(3, 'T-000003', 1, 1, '0', '0', '0', '0', '', '', '147', '', '2017-09-04', '2017-12-27 01:56:21', '2017-12-27 01:56:21'),
(4, 'T-000004', 1, 1, '1', '5', '1', '4', '', '', '148', '', '2017-09-05', '2017-12-27 01:56:21', '2017-12-27 01:56:21'),
(5, 'T-000005', 1, 1, '1', '4', '5', '6', '', '', '149', '', '2017-07-09', '2017-12-27 01:56:21', '2017-12-27 01:56:21'),
(6, 'T-000006', 1, 1, '1', '6', '2', '7', '', '', '150', '', '2017-09-10', '2017-12-27 01:56:21', '2017-12-27 01:56:21'),
(7, 'T-000007', 1, 1, '1', '3', '3', '6', '', '', '151', '', '2017-09-12', '2017-12-27 01:56:21', '2017-12-27 01:56:21'),
(8, 'T-000008', 1, 1, '1', '7', '7', '6', '', '', '152', '', '2017-09-14', '2017-12-27 01:56:21', '2017-12-27 01:56:21'),
(9, 'T-000009', 1, 1, '1', '4', '5', '4', '', '', '153', '', '2017-09-15', '2017-12-27 01:56:21', '2017-12-27 01:56:21'),
(10, 'T-000010', 1, 1, '1', '6', '8', '6', '', '', '154', '', '2017-09-16', '2017-12-27 01:56:21', '2017-12-27 01:56:21'),
(11, 'T-000011', 1, 1, '1', '5', '1', '6', '', '', '155', '', '2017-09-19', '2017-12-27 01:56:21', '2017-12-27 01:56:21'),
(12, 'T-000012', 1, 1, '1', '5', '1', '6', '', '', '156', '', '2017-09-20', '2017-12-27 01:56:21', '2017-12-27 01:56:21'),
(13, 'T-000013', 1, 1, '1', '4', '5', '10', '', '', '157', '', '2017-09-22', '2017-12-27 01:56:21', '2017-12-27 01:56:21'),
(14, 'T-000014', 1, 1, '1', '6', '2', '5', '', '', '158', '', '2017-09-22', '2017-12-27 01:56:21', '2017-12-27 01:56:21'),
(15, 'T-000015', 1, 1, '1', '5', '1', '6', '', '', '159', '', '2017-09-24', '2017-12-27 01:56:21', '2017-12-27 01:56:21'),
(16, 'T-000016', 1, 1, '1', '2', '4', '5', '', '', '160', '', '2017-09-26', '2017-12-27 01:56:21', '2017-12-27 01:56:21'),
(17, 'T-000017', 1, 1, '1', '5', '1', '6', '', '', '161', '', '2017-09-28', '2017-12-27 01:56:21', '2017-12-27 01:56:21'),
(18, 'T-000018', 1, 1, '1', '5', '9', '6', '', '', '162', '', '2017-09-30', '2017-12-27 01:56:21', '2017-12-27 01:56:21'),
(19, 'T-000019', 1, 1, '1', '4', '5', '9', '', '', '163', '', '2017-10-04', '2017-12-27 01:56:21', '2017-12-27 01:56:21'),
(20, 'T-000020', 1, 1, '1', '2', '4', '5', '', '', '164', '', '2017-10-06', '2017-12-27 01:56:21', '2017-12-27 01:56:21'),
(21, 'T-000021', 1, 1, '1', '2', '4', '5', '', '', '165', '', '2017-10-10', '2017-12-27 01:56:21', '2017-12-27 01:56:21'),
(22, 'T-000022', 1, 1, '1', '4', '5', '6', '', '', '166', '', '2017-10-11', '2017-12-27 01:56:21', '2017-12-27 01:56:21'),
(23, 'T-000023', 1, 1, '1', '4', '5', '8', '', '', '167', '', '2017-10-13', '2017-12-27 01:56:21', '2017-12-27 01:56:21'),
(24, 'T-000024', 1, 1, '1', '5', '1', '6', '', '', '168', '', '2017-10-16', '2017-12-27 01:56:21', '2017-12-27 01:56:21'),
(25, 'T-000025', 1, 1, '1', '4', '5', '4', '', '', '169', '', '2017-10-18', '2017-12-27 01:56:21', '2017-12-27 01:56:21'),
(26, 'T-000026', 1, 1, '1', '5', '1', '6', '', '', '170', '', '2017-10-19', '2017-12-27 01:56:21', '2017-12-27 01:56:21'),
(27, 'T-000027', 1, 1, '1', '5', '1', '6', '', '', '171', '', '2017-10-20', '2017-12-27 01:56:21', '2017-12-27 01:56:21'),
(28, 'T-000028', 1, 1, '1', '5', '1', '6', '', '', '172', '', '2017-10-22', '2017-12-27 01:56:21', '2017-12-27 01:56:21'),
(29, 'T-000029', 1, 1, '1', '4', '5', '6', '', '', '173', '', '2017-10-23', '2017-12-27 01:56:21', '2017-12-27 01:56:21'),
(30, 'T-000030', 1, 1, '1', '5', '1', '8', '', '', '174', '', '2017-10-25', '2017-12-27 01:56:21', '2017-12-27 01:56:21'),
(31, 'T-000031', 1, 1, '1', '5', '1', '4', '', '', '175', '', '2017-10-27', '2017-12-27 01:56:21', '2017-12-27 01:56:21'),
(32, 'T-000032', 1, 1, '1', '4', '5', '6', '', '', '176', '', '2017-10-29', '2017-12-27 01:56:21', '2017-12-27 01:56:21'),
(33, 'T-000033', 1, 1, '1', '4', '5', '6', '', '', '177', '', '2017-10-31', '2017-12-27 01:56:21', '2017-12-27 01:56:21'),
(34, 'T-000034', 1, 1, '1', '5', '1', '6', '', '', '178', '', '2017-11-02', '2017-12-27 01:56:21', '2017-12-27 01:56:21'),
(35, 'T-000035', 1, 1, '1', '4', '5', '8', '', '', '179', '', '2017-11-05', '2017-12-27 01:56:21', '2017-12-27 01:56:21'),
(36, 'T-000036', 1, 1, '1', '10', '1', '6', '', '', '180', '', '2017-11-05', '2017-12-27 01:56:21', '2017-12-27 01:56:21'),
(37, 'T-000037', 1, 1, '1', '6', '2', '5', '', '', '181', '', '2017-11-05', '2017-12-27 01:56:21', '2017-12-27 01:56:21'),
(38, 'T-000038', 1, 1, '1', '5', '1', '8', '', '', '182', '113', '2017-11-09', '2017-12-27 01:56:21', '2017-12-27 01:56:21'),
(39, 'T-000039', 1, 1, '1', '4', '5', '6', '', '', '183', '112', '2017-11-08', '2017-12-27 01:56:21', '2017-12-27 01:56:21'),
(40, 'T-000040', 1, 1, '1', '5', '1', '8', '', '', '184', '114', '2017-11-12', '2017-12-27 01:56:21', '2017-12-27 01:56:21'),
(41, 'T-000041', 1, 1, '1', '5', '1', '6', '', '', '185', '116', '2017-11-14', '2017-12-27 01:56:21', '2017-12-27 01:56:21'),
(42, 'T-000042', 1, 1, '1', '7', '10', '9', '', '', '186', '118', '2017-11-16', '2017-12-27 01:56:21', '2017-12-27 01:56:21'),
(43, 'T-000043', 1, 1, '1', '2', '4', '5', '', '', '187', '119', '2017-11-19', '2017-12-27 01:56:21', '2017-12-27 01:56:21'),
(44, 'T-000044', 1, 1, '1', '5', '1', '4', '', '', '188', '120', '2017-11-19', '2017-12-27 01:56:21', '2017-12-27 01:56:21'),
(45, 'T-000045', 1, 1, '1', '5', '2', '6', '', '', '189', '121', '2017-11-20', '2017-12-27 01:56:21', '2017-12-27 01:56:21'),
(46, 'T-000046', 1, 1, '1', '5', '1', '4', '', '', '189', '123', '2017-11-22', '2017-12-27 01:56:21', '2017-12-27 01:56:21'),
(47, 'T-000047', 1, 1, '1', '4', '5', '6', '', '', '190', '125', '2017-11-26', '2017-12-27 01:56:21', '2017-12-27 01:56:21'),
(48, 'T-000048', 1, 1, '1', '6', '2', '5', '', '', '190', '126', '2017-11-26', '2017-12-27 01:56:21', '2017-12-27 01:56:21'),
(49, 'T-000049', 1, 1, '1', '5', '1', '8', '', '', '190', '127', '2017-11-26', '2017-12-27 01:56:21', '2017-12-27 01:56:21'),
(50, 'T-000050', 1, 1, '1', '5', '1', '4', '', '', '190', '129', '2017-11-29', '2017-12-27 01:56:21', '2017-12-27 01:56:21'),
(51, 'T-000051', 1, 1, '1', '4', '5', '8', '', '', '191', '130', '2017-11-30', '2017-12-27 01:56:21', '2017-12-27 01:56:21'),
(52, 'T-000052', 1, 1, '1', '4', '5', '4', '', '', '192', '131', '2017-12-04', '2017-12-27 01:56:21', '2017-12-27 01:56:21'),
(53, 'T-000053', 1, 1, '1', '5', '1', '4', '', '', '193', '132', '2017-12-05', '2017-12-27 01:56:21', '2017-12-27 01:56:21'),
(54, 'T-000054', 1, 1, '1', '5', '1', '4', '', '', '194', '133', '2017-12-07', '2017-12-27 01:56:21', '2017-12-27 01:56:21'),
(55, 'T-000055', 1, 1, '1', '4', '5', '8', '', '', '195', '134', '2017-12-10', '2017-12-27 01:56:21', '2017-12-27 01:56:21'),
(56, 'T-000056', 1, 1, '1', '1', '1', '1', '', '', '196', '135', '2017-12-12', '2017-12-27 01:56:21', '2017-12-27 01:56:21'),
(57, 'T-000057', 1, 1, '1', '5', '1', '6', '', '', '197', '136', '2017-12-16', '2017-12-27 01:56:21', '2017-12-27 01:56:21'),
(58, 'T-000058', 1, 1, '1', '5', '1', '4', '', '', '198', '137', '2017-12-18', '2017-12-27 01:56:21', '2017-12-27 01:56:21'),
(59, 'T-000059', 1, 1, '1', '4', '5', '8', '', '', '199', '139', '2017-12-20', '2017-12-27 01:56:21', '2017-12-27 01:56:21'),
(60, 'T-000060', 1, 1, '1', '5', '1', '6', '', '', '200', '140', '2017-12-21', '2017-12-27 01:56:21', '2017-12-27 01:56:21'),
(61, 'T-000061', 1, 1, '1', '0', '0', '0', '', '', '201', '141', '2017-12-24', '2017-12-27 01:56:21', '2017-12-27 01:56:21'),
(62, NULL, 1, 1, 'ricolino', '123314f', 'bla', 'sdf342', 'la us', '50', NULL, NULL, '2017-02-20', '2018-03-09 04:34:37', '2018-03-09 04:34:37'),
(63, NULL, 1, 1, 'ricolino', '123314f', 'bla', 'sdf342', 'la us', '50', NULL, NULL, '2017-02-20', '2018-03-09 04:36:20', '2018-03-09 04:36:20'),
(64, 'S-17000064', 1, 1, 'ricolino', '123314f', 'bla', 'sdf342', 'la us', '50', NULL, NULL, '2017-02-20', '2018-03-09 04:38:40', '2018-03-09 04:38:40'),
(65, NULL, 1, 1, 'ricolino', '123314f', 'bla', 'sdf342', 'la us', '50', NULL, NULL, '2017-02-20', '2018-03-09 04:46:13', '2018-03-09 04:46:13'),
(66, 'S-17080066', 1, 1, 'ricolino', '123314f', 'bla', 'sdf342', 'la us', '50', NULL, NULL, '2017-02-20', '2018-03-09 04:47:04', '2018-03-09 04:47:04'),
(67, 'S-17080067', 1, 1, 'ricolino', '123314f', 'bla', 'sdf342', 'la us', '50', NULL, NULL, '2017-02-20', '2018-03-09 04:48:13', '2018-03-09 04:48:13'),
(68, 'S-18100068', 1, 1, 'raulco', 'asd34', 'raul', 'asd34', 'asd43', '40', NULL, NULL, '2018-03-06', '2018-03-09 06:53:15', '2018-03-09 06:53:15'),
(69, 'S-18100069', 1, 1, 'raulco', 'rau234q', 'raul', 'rau239q', 'rau239q', '40', NULL, NULL, '2018-03-06', '2018-03-09 06:58:14', '2018-03-09 06:58:14'),
(70, NULL, 1, 1, 'sdgfdfg', 'dfgdfg', 'as', 'dfgdfg', 'dfgdfg', '37', NULL, NULL, NULL, '2018-03-09 09:38:24', '2018-03-09 09:38:24'),
(71, 'S-18100071', 1, 1, 'asda', 'asd', 'asd', 'asd', 'asd', '23', NULL, NULL, '2018-03-07', '2018-03-09 09:48:59', '2018-03-09 09:48:59'),
(72, 'S-18100072', 1, 1, 'sdf', 'sadfsd', 'asdsd', 'sdfsdf', 'fsdfs', '54', NULL, NULL, '2018-03-05', '2018-03-09 09:52:29', '2018-03-09 09:52:29'),
(73, 'S-18100073', 1, 1, 'sdf', 'sadfsd', 'asdsd', 'sdfsdf', 'fsdfs', '54', NULL, NULL, '2018-03-05', '2018-03-09 09:53:20', '2018-03-09 09:53:20'),
(74, NULL, 1, 1, 'asdas', 'dasdas', 'dasd', 'dasdad', 'dasdasd', '23', NULL, NULL, NULL, '2018-03-09 09:54:12', '2018-03-09 09:54:12'),
(75, 'S-17080075', 1, 1, 'ricolino', '123314f', 'bla', 'sdf342', 'la us', '50', NULL, NULL, '2017-02-20', '2018-03-09 09:55:06', '2018-03-09 09:55:06'),
(76, 'S-18100076', 1, 1, 'asdas', 'dasdas', 'dasd', 'dasdad', 'dasdasd', '23', NULL, NULL, '2018-03-06', '2018-03-09 10:00:05', '2018-03-09 10:00:05'),
(77, 'S-18100077', 1, 1, 'asd', 'asdasd', 'asdasd', 'arirasda', 'asdririir', '45', NULL, NULL, '2018-03-05', '2018-03-09 10:04:28', '2018-03-09 10:04:28'),
(78, 'S-18100078', 1, 1, 'sdfsdf', 'fafsfa', 'faff', 'fasff', 'fafaf', '45', NULL, NULL, '2018-03-05', '2018-03-09 10:10:20', '2018-03-09 10:10:20'),
(79, 'S-17080079', 1, 1, 'ricolino', '123314f', 'bla', 'sdf342', 'la us', '51', NULL, NULL, '2017-02-20', '2018-03-09 10:12:13', '2018-03-09 10:12:13'),
(80, 'S-18100080', 1, 1, '34ef', 'fsdf', 'fsadf', 'asd', 'dasd', '34', NULL, NULL, '2018-03-06', '2018-03-09 10:18:04', '2018-03-09 10:18:04'),
(81, 'S-18100081', 1, 1, 'hola', 'sd222', 'sdf', 'asd1233', 'asd123', '234', NULL, NULL, '2018-03-06', '2018-03-09 10:25:42', '2018-03-09 10:25:42'),
(82, 'S-18100082', 1, 1, 'probando', 'probando', 'probando', 'probando', 'probando', '34', NULL, NULL, '2018-03-06', '2018-03-09 10:27:47', '2018-03-09 10:27:47'),
(83, 'S-18100083', 1, 1, 'asdas', 'dasdas', 'dasdas', 'asdasd', 'dasdas', '234', NULL, NULL, '2018-03-05', '2018-03-09 10:35:53', '2018-03-09 10:35:53'),
(84, 'S-18100084', 1, 1, 'asdas', 'dasdas', 'dasdas', 'asdasd', 'dasdas', '234', NULL, NULL, '2018-03-05', '2018-03-09 10:42:22', '2018-03-09 10:42:22'),
(85, 'S-18100085', 1, 1, 'asdas', 'dasdas', 'dasdas', 'asdasd', 'dasdas888', '234', NULL, NULL, '2018-03-05', '2018-03-09 10:59:15', '2018-03-09 10:59:15'),
(86, 'S-18100086', 1, 1, 'jhjh', 'asdasd', 'sdsdf', 'asd', 'dasd', '43', NULL, NULL, '2018-03-06', '2018-03-09 11:08:08', '2018-03-09 11:08:08'),
(87, 'S-18090087', 1, 1, 'final', 'final', 'final', 'final', 'final', '34', NULL, NULL, '2018-03-01', '2018-03-09 11:14:33', '2018-03-09 11:14:33'),
(88, 'S-18100088', 1, 1, 'asda', 'asd', 'asd', 'asd', 'asd', '45', NULL, NULL, '2018-03-06', '2018-03-09 20:25:27', '2018-03-09 20:25:27'),
(89, 'S-18100089', 1, 1, 'asdasdprueba final', 'prueba final', 'prueba final', 'prueba final', 'prueba final', '45', NULL, NULL, '2018-03-06', '2018-03-09 21:06:54', '2018-03-09 21:06:54'),
(90, 'S-18100090', 1, 1, 'asd', 'asd', 'asd', 'asd', 'asd', '23', NULL, NULL, '2018-03-07', '2018-03-09 21:09:41', '2018-03-09 21:09:41'),
(91, 'S-18100091', 1, 1, 'prueba final', 'prueba final', 'prueba final', 'prueba final', 'prueba final', '10', NULL, NULL, '2018-03-06', '2018-03-09 21:11:47', '2018-03-09 21:11:47'),
(92, 'S-18100092', 1, 1, 'subido', 'subido', 'subido', 'subido', 'subido', '34', NULL, NULL, '2018-03-06', '2018-03-09 21:27:47', '2018-03-09 21:27:47'),
(93, 'S-18110093', 1, 1, 'nosubido', 'nosubido', 'nosubido', 'nosubido', 'nosubido', '34', NULL, NULL, '2018-03-12', '2018-03-09 21:31:31', '2018-03-09 21:31:31'),
(94, 'S-18110094', 1, 1, 'nosubido', 'nosubido', 'nosubido', 'nosubido', 'nosubido', '34', NULL, NULL, '2018-03-12', '2018-03-09 21:35:24', '2018-03-09 21:35:24'),
(95, 'S-18100095', 1, 1, 'nc', '646', 'nd', '6462', 'de', '72', NULL, NULL, '2018-03-10', '2018-03-11 05:42:28', '2018-03-11 05:42:28'),
(96, 'S-18110096', 1, 1, 'ricoco', 'ricolino', 'rico', 'ricolico2', 'ricolinolandia', '50', NULL, NULL, '2018-03-12', '2018-03-13 04:15:28', '2018-03-13 04:15:28'),
(97, 'S-18110097', 1, 1, 'rect', 'rect', 'recty', 'rect', 'rect', '40', NULL, NULL, '2018-03-12', '2018-03-13 04:21:00', '2018-03-13 04:21:00'),
(98, 'S-18110098', 1, 1, 'rect', 'rect', 'rect', 'rect', 'rect', '43', NULL, NULL, '2018-03-12', '2018-03-13 04:22:04', '2018-03-13 04:22:04'),
(99, 'S-18110099', 1, 1, 'rico123', 'rico123', 'rico123', 'rico123', 'rico123', '34', NULL, NULL, '2018-03-12', '2018-03-13 04:24:59', '2018-03-13 04:24:59'),
(100, 'S-17080100', 1, 1, 'ricolino', '123314f', 'bla', 'sdf342', 'la us', '51', NULL, NULL, '2017-02-20', '2018-03-13 06:06:19', '2018-03-13 06:06:19'),
(101, 'S-17080101', 1, 1, 'ricolino', '123314f', 'bla', 'sdf342', 'la us', '51', NULL, NULL, '2017-02-20', '2018-03-13 06:07:32', '2018-03-13 06:07:32'),
(102, 'S-17080102', 1, 1, 'ricolino', '123314f', 'bla', 'sdf342', 'la us', '51', NULL, NULL, '2017-02-20', '2018-03-13 06:46:33', '2018-03-13 06:46:33'),
(103, 'S-18110103', 1, 1, 'uno', 'tres', 'dos', 'cuatro', 'cinco', '40', NULL, NULL, '2018-03-16', '2018-03-16 10:09:53', '2018-03-16 10:09:53'),
(104, 'S-18110104', 1, 1, 'cinco', 'siete', 'seis', 'ocho', 'nueve', '10', NULL, NULL, '2018-03-16', '2018-03-16 10:25:25', '2018-03-16 10:25:25'),
(105, 'S-18120105', 1, 1, 'hola', 'hola3', 'hola2', 'hola4', 'hola5', '5', NULL, NULL, '2018-03-20', '2018-03-21 04:29:38', '2018-03-21 04:29:38'),
(106, 'S-18120106', 1, 1, '12345', '12345', '12345', '12345', '12345', '12345', NULL, NULL, '2018-03-20', '2018-03-21 04:38:56', '2018-03-21 04:38:56'),
(107, 'S-18120107', 1, 1, 'asd123', 'asd123', 'asd123', 'asd123', 'asd123', '123', NULL, NULL, '2018-03-21', '2018-03-21 21:41:27', '2018-03-21 21:41:27'),
(108, 'S-18120108', 1, 1, '123', '123', '123', '123', '123', '123', NULL, NULL, '2018-03-21', '2018-03-21 22:04:37', '2018-03-21 22:04:37');

-- --------------------------------------------------------

--
-- Estructura de tabla para la tabla `transfer_item`
--

CREATE TABLE `transfer_item` (
  `id` int(11) NOT NULL,
  `transfer_id` int(11) NOT NULL,
  `item_id` int(11) NOT NULL,
  `quantity` int(11) NOT NULL,
  `peso` varchar(10) NOT NULL DEFAULT '123',
  `price` varchar(20) NOT NULL
) ENGINE=MyISAM DEFAULT CHARSET=latin1;

--
-- Volcado de datos para la tabla `transfer_item`
--

INSERT INTO `transfer_item` (`id`, `transfer_id`, `item_id`, `quantity`, `peso`, `price`) VALUES
(1, 1, 4, 78, '', '0'),
(2, 1, 1, 11, '', '0'),
(3, 1, 2, 377, '', '0'),
(4, 1, 16, 2, '', '0'),
(5, 1, 13, 15, '', '0'),
(6, 1, 14, 28, '', '0'),
(7, 1, 15, 35, '', '0'),
(8, 1, 3, 475, '', '0'),
(9, 2, 2, 262, '', '0'),
(10, 2, 3, 352, '', '0'),
(11, 2, 14, 38, '', '0'),
(12, 2, 11, 36, '', '0'),
(13, 2, 12, 14, '', '0'),
(14, 3, 2, 232, '', '0'),
(15, 3, 3, 142, '', '0'),
(16, 3, 5, 27, '', '0'),
(17, 3, 6, 18, '', '0'),
(18, 3, 7, 3, '', '0'),
(19, 3, 14, 401, '', '0'),
(20, 3, 11, 162, '', '0'),
(21, 3, 12, 24, '', '0'),
(22, 3, 13, 32, '', '0'),
(23, 3, 14, 15, '', '0'),
(24, 3, 15, 6, '', '0'),
(25, 4, 2, 80, '', '0'),
(26, 4, 3, 80, '', '0'),
(27, 4, 14, 776, '', '0'),
(28, 4, 11, 328, '', '0'),
(29, 4, 9, 26, '', '0'),
(30, 4, 14, 45, '', '0'),
(31, 5, 25, 81, '', '0'),
(32, 5, 24, 154, '', '0'),
(33, 5, 23, 38, '', '0'),
(34, 5, 27, 2, '', '0'),
(35, 5, 2, 178, '', '0'),
(36, 5, 3, 94, '', '0'),
(37, 5, 6, 24, '', '0'),
(38, 5, 7, 4, '', '0'),
(39, 5, 14, 368, '', '0'),
(40, 5, 11, 258, '', '0'),
(41, 5, 12, 74, '', '0'),
(42, 5, 14, 13, '', '0'),
(43, 5, 15, 8, '', '0'),
(44, 6, 23, 48, '', '0'),
(45, 6, 24, 176, '', '0'),
(46, 6, 25, 65, '', '0'),
(47, 6, 26, 1, '', '0'),
(48, 6, 27, 3, '', '0'),
(49, 6, 14, 480, '', '0'),
(50, 6, 11, 480, '', '0'),
(51, 6, 12, 84, '', '0'),
(52, 6, 13, 32, '', '0'),
(53, 6, 5, 24, '', '0'),
(54, 6, 6, 16, '', '0'),
(55, 7, 2, 24, '', '0'),
(56, 7, 3, 16, '', '0'),
(57, 7, 14, 400, '', '0'),
(58, 7, 11, 328, '', '0'),
(59, 7, 12, 42, '', '0'),
(60, 7, 5, 29, '', '0'),
(61, 7, 6, 21, '', '0'),
(62, 7, 7, 6, '', '0'),
(63, 7, 13, 8, '', '0'),
(64, 8, 23, 63, '', '0'),
(65, 8, 24, 511, '', '0'),
(66, 8, 25, 307, '', '0'),
(67, 8, 26, 1, '', '0'),
(68, 8, 27, 3, '', '0'),
(69, 8, 2, 40, '', '0'),
(70, 8, 3, 40, '', '0'),
(71, 8, 9, 16, '', '0'),
(72, 8, 14, 144, '', '0'),
(73, 8, 11, 80, '', '0'),
(74, 8, 12, 77, '', '0'),
(75, 8, 0, 84, '', '0'),
(76, 9, 2, 80, '', '0'),
(77, 9, 10, 304, '', '0'),
(78, 9, 11, 320, '', '0'),
(79, 9, 12, 84, '', '0'),
(80, 9, 5, 12, '', '0'),
(81, 9, 6, 27, '', '0'),
(82, 9, 7, 108, '', '0'),
(83, 9, 13, 7, '', '0'),
(84, 9, 15, 6, '', '0'),
(85, 9, 24, 360, '', '0'),
(86, 9, 25, 240, '', '0'),
(87, 10, 5, 21, '', '0'),
(88, 10, 6, 30, '', '0'),
(89, 10, 7, 4, '', '0'),
(90, 10, 13, 17, '', '0'),
(91, 10, 14, 7, '', '0'),
(92, 10, 14, 233, '', '0'),
(93, 10, 11, 80, '', '0'),
(94, 10, 12, 42, '', '0'),
(95, 10, 24, 151, '', '0'),
(96, 10, 23, 47, '', '0'),
(97, 10, 25, 56, '', '0'),
(98, 10, 27, 3, '', '0'),
(99, 10, 26, 2, '', '0'),
(100, 11, 1, 1, '', '0'),
(101, 11, 2, 1, '', '0'),
(102, 11, 3, 4, '', '0'),
(103, 11, 14, 572, '', '0'),
(104, 11, 11, 294, '', '0'),
(105, 11, 13, 44, '', '0'),
(106, 11, 14, 24, '', '0'),
(107, 11, 15, 12, '', '0'),
(108, 11, 12, 124, '', '0'),
(109, 11, 0, 42, '', '0'),
(110, 11, 23, 49, '', '0'),
(111, 11, 24, 139, '', '0'),
(112, 11, 25, 54, '', '0'),
(113, 11, 27, 2, '', '0'),
(114, 12, 14, 294, '', '0'),
(115, 12, 11, 89, '', '0'),
(116, 12, 13, 39, '', '0'),
(117, 12, 14, 6, '', '0'),
(118, 12, 12, 17, '', '0'),
(119, 12, 16, 5, '', '0'),
(120, 12, 24, 240, '', '0'),
(121, 12, 25, 360, '', '0'),
(122, 13, 23, 88, '', '0'),
(123, 13, 24, 482, '', '0'),
(124, 13, 25, 324, '', '0'),
(125, 13, 26, 2, '', '0'),
(126, 13, 27, 43, '', '0'),
(127, 14, 9, 5, '', '0'),
(128, 14, 14, 454, '', '0'),
(129, 14, 11, 261, '', '0'),
(130, 14, 12, 25, '', '0'),
(131, 14, 13, 46, '', '0'),
(132, 14, 14, 16, '', '0'),
(133, 14, 15, 2, '', '0'),
(134, 14, 0, 82, '', '0'),
(135, 15, 2, 211, '', '0'),
(136, 15, 3, 112, '', '0'),
(137, 15, 9, 9, '', '0'),
(138, 15, 10, 234, '', '0'),
(139, 15, 11, 97, '', '0'),
(140, 15, 12, 15, '', '0'),
(141, 15, 13, 36, '', '0'),
(142, 15, 14, 17, '', '0'),
(143, 15, 15, 3, '', '0'),
(144, 15, 23, 108, '', '0'),
(145, 15, 24, 247, '', '0'),
(146, 15, 25, 72, '', '0'),
(147, 15, 27, 2, '', '0'),
(148, 16, 14, 172, '', '0'),
(149, 16, 11, 284, '', '0'),
(150, 16, 12, 171, '', '0'),
(151, 16, 13, 17, '', '0'),
(152, 16, 14, 19, '', '0'),
(153, 16, 15, 11, '', '0'),
(154, 16, 16, 5, '', '0'),
(155, 16, 2, 1, '', '0'),
(156, 16, 3, 1, '', '0'),
(157, 16, 23, 68, '', '0'),
(158, 16, 24, 163, '', '0'),
(159, 16, 25, 61, '', '0'),
(160, 16, 27, 3, '', '0'),
(161, 17, 1, 16, '', '0'),
(162, 17, 2, 70, '', '0'),
(163, 17, 3, 47, '', '0'),
(164, 17, 9, 12, '', '0'),
(165, 17, 14, 323, '', '0'),
(166, 17, 11, 125, '', '0'),
(167, 17, 12, 16, '', '0'),
(168, 17, 0, 18, '', '0'),
(169, 17, 13, 37, '', '0'),
(170, 17, 14, 12, '', '0'),
(171, 17, 15, 1, '', '0'),
(172, 17, 25, 50, '', '0'),
(173, 17, 24, 102, '', '0'),
(174, 17, 23, 100, '', '0'),
(175, 17, 27, 79, '', '0'),
(176, 18, 2, 205, '', '0'),
(177, 18, 3, 103, '', '0'),
(178, 18, 5, 30, '', '0'),
(179, 18, 6, 8, '', '0'),
(180, 18, 7, 2, '', '0'),
(181, 18, 9, 8, '', '0'),
(182, 18, 14, 29, '', '0'),
(183, 18, 11, 123, '', '0'),
(184, 18, 12, 35, '', '0'),
(185, 18, 13, 57, '', '0'),
(186, 18, 14, 31, '', '0'),
(187, 18, 23, 81, '', '0'),
(188, 18, 24, 156, '', '0'),
(189, 18, 25, 61, '', '0'),
(190, 18, 27, 3, '', '0'),
(191, 19, 14, 18, '', '0'),
(192, 19, 11, 382, '', '0'),
(193, 19, 12, 13, '', '0'),
(194, 19, 13, 41, '', '0'),
(195, 19, 5, 14, '', '0'),
(196, 19, 6, 18, '', '0'),
(197, 19, 14, 22, '', '0'),
(198, 19, 7, 1, '', '0'),
(199, 19, 23, 82, '', '0'),
(200, 19, 24, 164, '', '0'),
(201, 19, 25, 61, '', '0'),
(202, 19, 27, 2, '', '0'),
(203, 20, 9, 12, '', '0'),
(204, 20, 14, 26, '', '0'),
(205, 20, 11, 156, '', '0'),
(206, 20, 23, 109, '', '0'),
(207, 20, 24, 208, '', '0'),
(208, 20, 25, 97, '', '0'),
(209, 20, 27, 9, '', '0'),
(210, 21, 14, 67, '', '0'),
(211, 21, 11, 282, '', '0'),
(212, 21, 12, 19, '', '0'),
(213, 21, 5, 181, '', '0'),
(214, 21, 6, 173, '', '0'),
(215, 21, 7, 149, '', '0'),
(216, 21, 16, 154, '', '0'),
(217, 21, 23, 106, '', '0'),
(218, 21, 24, 186, '', '0'),
(219, 21, 25, 90, '', '0'),
(220, 21, 27, 3, '', '0'),
(221, 22, 14, 703, '', '0'),
(222, 22, 11, 521, '', '0'),
(223, 22, 5, 47, '', '0'),
(224, 22, 6, 40, '', '0'),
(225, 22, 7, 12, '', '0'),
(226, 23, 14, 564, '', '0'),
(227, 23, 11, 460, '', '0'),
(228, 23, 5, 129, '', '0'),
(229, 23, 6, 121, '', '0'),
(230, 23, 7, 48, '', '0'),
(231, 23, 23, 78, '', '0'),
(232, 23, 24, 110, '', '0'),
(233, 23, 25, 111, '', '0'),
(234, 23, 27, 3, '', '0'),
(235, 24, 14, 36, '', '0'),
(236, 24, 11, 224, '', '0'),
(237, 24, 12, 9, '', '0'),
(238, 24, 16, 12, '', '0'),
(239, 24, 5, 164, '', '0'),
(240, 24, 13, 8, '', '0'),
(241, 24, 6, 135, '', '0'),
(242, 24, 14, 10, '', '0'),
(243, 24, 7, 27, '', '0'),
(244, 24, 23, 68, '', '0'),
(245, 24, 24, 156, '', '0'),
(246, 24, 25, 75, '', '0'),
(247, 24, 27, 3, '', '0'),
(248, 25, 14, 80, '', '0'),
(249, 25, 11, 73, '', '0'),
(250, 25, 14, 360, '', '0'),
(251, 25, 15, 144, '', '0'),
(252, 25, 19, 86, '', '0'),
(253, 26, 9, 48, '', '0'),
(254, 26, 14, 262, '', '0'),
(255, 26, 11, 302, '', '0'),
(256, 26, 5, 157, '', '0'),
(257, 26, 6, 105, '', '0'),
(258, 26, 7, 28, '', '0'),
(259, 26, 17, 80, '', '0'),
(260, 27, 9, 2, '', '0'),
(261, 27, 14, 31, '', '0'),
(262, 27, 11, 620, '', '0'),
(263, 27, 12, 30, '', '0'),
(264, 27, 5, 136, '', '0'),
(265, 27, 6, 111, '', '0'),
(266, 27, 7, 15, '', '0'),
(267, 27, 17, 120, '', '0'),
(268, 28, 1, 4, '', '0'),
(269, 28, 9, 7, '', '0'),
(270, 28, 2, 273, '', '0'),
(271, 28, 14, 19, '', '0'),
(272, 28, 3, 71, '', '0'),
(273, 28, 11, 102, '', '0'),
(274, 28, 12, 16, '', '0'),
(275, 28, 1, 175, '', '0'),
(276, 28, 6, 92, '', '0'),
(277, 28, 7, 14, '', '0'),
(278, 28, 16, 10, '', '0'),
(279, 28, 17, 38, '', '0'),
(280, 29, 17, 695, '', '0'),
(281, 30, 1, 25, '', '0'),
(282, 30, 2, 535, '', '0'),
(283, 30, 3, 159, '', '0'),
(284, 30, 5, 78, '', '0'),
(285, 30, 14, 72, '', '0'),
(286, 30, 11, 106, '', '0'),
(287, 30, 13, 202, '', '0'),
(288, 30, 14, 29, '', '0'),
(289, 30, 19, 46, '', '0'),
(290, 31, 1, 8, '', '0'),
(291, 31, 2, 383, '', '0'),
(292, 31, 14, 1080, '', '0'),
(293, 31, 3, 84, '', '0'),
(294, 31, 11, 72, '', '0'),
(295, 31, 5, 70, '', '0'),
(296, 31, 6, 10, '', '0'),
(297, 31, 21, 32, '', '0'),
(298, 32, 9, 1, '', '0'),
(299, 32, 2, 320, '', '0'),
(300, 32, 14, 178, '', '0'),
(301, 32, 11, 120, '', '0'),
(302, 32, 12, 42, '', '0'),
(303, 32, 5, 6, '', '0'),
(304, 32, 13, 128, '', '0'),
(305, 32, 6, 388, '', '0'),
(306, 32, 14, 31, '', '0'),
(307, 32, 7, 78, '', '0'),
(308, 33, 2, 201, '', '0'),
(309, 33, 14, 36, '', '0'),
(310, 33, 3, 111, '', '0'),
(311, 33, 11, 157, '', '0'),
(312, 33, 12, 15, '', '0'),
(313, 33, 5, 96, '', '0'),
(314, 33, 13, 199, '', '0'),
(315, 33, 6, 395, '', '0'),
(316, 33, 14, 85, '', '0'),
(317, 33, 7, 162, '', '0'),
(318, 33, 15, 27, '', '0'),
(319, 33, 19, 10, '', '0'),
(320, 34, 2, 303, '', '0'),
(321, 34, 3, 76, '', '0'),
(322, 34, 11, 240, '', '0'),
(323, 34, 5, 81, '', '0'),
(324, 34, 6, 347, '', '0'),
(325, 34, 7, 108, '', '0'),
(326, 34, 19, 154, '', '0'),
(327, 34, 20, 81, '', '0'),
(328, 35, 2, 80, '', '0'),
(329, 35, 14, 448, '', '0'),
(330, 35, 11, 272, '', '0'),
(331, 35, 6, 240, '', '0'),
(332, 35, 7, 80, '', '0'),
(333, 35, 19, 48, '', '0'),
(334, 36, 1, 94, '', '0'),
(335, 36, 9, 1, '', '0'),
(336, 36, 2, 336, '', '0'),
(337, 36, 14, 312, '', '0'),
(338, 36, 3, 160, '', '0'),
(339, 36, 11, 153, '', '0'),
(340, 36, 5, 72, '', '0'),
(341, 36, 2, 238, '', '0'),
(342, 37, 17, 697, '', '0'),
(343, 38, 17, 680, '', '0'),
(344, 39, 0, 504, '', '0'),
(345, 39, 0, 787, '', '0'),
(346, 39, 19, 43, '', '0'),
(347, 40, 0, 833, '', '0'),
(348, 40, 0, 553, '', '0'),
(349, 40, 19, 33, '', '0'),
(350, 41, 0, 912, '', '0'),
(351, 41, 0, 247, '', '0'),
(352, 41, 19, 162, '', '0'),
(353, 42, 0, 560, '', '0'),
(354, 42, 0, 555, '', '0'),
(355, 42, 19, 252, '', '0'),
(356, 42, 19, 56, '', '0'),
(357, 43, 17, 640, '', '0'),
(358, 44, 0, 1368, '', '0'),
(359, 45, 0, 742, '', '0'),
(360, 45, 0, 354, '', '0'),
(361, 45, 19, 246, '', '0'),
(362, 45, 20, 186, '', '0'),
(363, 46, 30, 212, '', '0'),
(364, 46, 19, 145, '', '0'),
(365, 46, 0, 576, '', '0'),
(366, 46, 0, 432, '', '0'),
(367, 47, 0, 1008, '', '0'),
(368, 47, 0, 288, '', '0'),
(369, 48, 0, 1080, '', '0'),
(370, 48, 19, 203, '', '0'),
(371, 48, 20, 107, '', '0'),
(372, 49, 0, 432, '', '0'),
(373, 49, 0, 72, '', '0'),
(374, 49, 17, 280, '', '0'),
(375, 49, 30, 229, '', '0'),
(376, 50, 0, 288, '', '0'),
(377, 50, 0, 648, '', '0'),
(378, 50, 21, 105, '', '0'),
(379, 50, 19, 321, '', '0'),
(380, 51, 0, 595, '', '0'),
(381, 51, 0, 397, '', '0'),
(382, 51, 30, 291, '', '0'),
(383, 51, 19, 49, '', '0'),
(384, 52, 0, 727, '', '0'),
(385, 52, 19, 348, '', '0'),
(386, 53, 0, 510, '', '0'),
(387, 53, 21, 534, '', '0'),
(388, 53, 19, 112, '', '0'),
(389, 53, 20, 85, '', '0'),
(390, 54, 0, 474, '', '0'),
(391, 54, 20, 271, '', '0'),
(392, 54, 19, 244, '', '0'),
(393, 54, 21, 179, '', '0'),
(394, 55, 0, 749, '', '0'),
(395, 55, 20, 56, '', '0'),
(396, 55, 19, 286, '', '0'),
(397, 56, 0, 420, '', '0'),
(398, 56, 19, 15, '', '0'),
(399, 56, 20, 155, '', '0'),
(400, 57, 0, 324, '', '0'),
(401, 57, 30, 102, '', '0'),
(402, 58, 1, 72, '', '0'),
(403, 58, 2, 504, '', '0'),
(404, 58, 3, 164, '', '0'),
(405, 58, 4, 29, '', '0'),
(406, 58, 5, 18, '', '0'),
(407, 58, 6, 116, '', '0'),
(408, 58, 7, 39, '', '0'),
(409, 58, 19, 168, '', '0'),
(410, 58, 20, 95, '', '0'),
(411, 59, 30, 126, '', '0'),
(412, 59, 1, 121, '', '0'),
(413, 59, 2, 432, '', '0'),
(414, 59, 3, 288, '', '0'),
(415, 59, 4, 72, '', '0'),
(416, 59, 5, 10, '', '0'),
(417, 59, 6, 167, '', '0'),
(418, 60, 21, 520, '', '0'),
(419, 61, 5, 27, '', '0'),
(420, 61, 6, 345, '', '0'),
(421, 61, 20, 247, '', '0'),
(422, 61, 19, 86, '', '0'),
(423, 61, 30, 213, '', '0'),
(424, 68, 1, 50, '', '3'),
(425, 69, 0, 40, '', '30'),
(426, 84, 1, 2, '123', '2'),
(427, 85, 1, 2, '123', '2'),
(428, 86, 1, 2, '123', '4'),
(429, 87, 0, 2, '2', '7'),
(430, 88, 0, 4, '3', '7'),
(431, 89, 0, 1, '1', '1'),
(432, 90, 0, 1, '1', '1'),
(433, 91, 1, 2, '2', '2'),
(434, 92, 0, 1, '1', '1'),
(435, 93, 1, 2, '2', '2'),
(436, 94, 1, 1, '1', '1'),
(437, 95, 9, 14, '9', '98'),
(438, 96, 1, 2, '1', '2'),
(439, 97, 1, 2, '3', '2'),
(440, 98, 1, 2, '23', '233'),
(441, 99, 1, 2, '3', '3'),
(442, 103, 1, 1, '2', '3'),
(443, 104, 1, 2, '2', '1'),
(444, 105, 0, 2, '4', '4'),
(445, 105, 1, 3, '2', '5'),
(446, 106, 3, 6, '12', '7'),
(447, 107, 0, 6, '5', '6'),
(448, 107, 1, 7, '8', '10'),
(449, 108, 2, 3, '5', '5');

-- --------------------------------------------------------

--
-- Estructura de tabla para la tabla `users`
--

CREATE TABLE `users` (
  `id` int(10) UNSIGNED NOT NULL,
  `name` varchar(255) CHARACTER SET utf8 NOT NULL,
  `email` varchar(255) CHARACTER SET utf8 NOT NULL,
  `password` varchar(255) CHARACTER SET utf8 NOT NULL,
  `remember_token` varchar(100) CHARACTER SET utf8 DEFAULT NULL,
  `created_at` timestamp NULL DEFAULT NULL,
  `updated_at` timestamp NULL DEFAULT NULL
) ENGINE=InnoDB DEFAULT CHARSET=latin1;

--
-- Volcado de datos para la tabla `users`
--

INSERT INTO `users` (`id`, `name`, `email`, `password`, `remember_token`, `created_at`, `updated_at`) VALUES
(1, 'Admin', 'house-delights@delights.com', '$2y$10$rUskDsz7eGBFeq6VId2TSe47P5uarGD8X6jHjb2TNoC9sgKy08auC', 'MedSSYIwEhLl59QghLZ6sMnQOj30hTt3SC0EYzxCZENcAh0AhbFYgVPSFlyz', '2017-12-10 10:14:11', '2017-12-10 10:14:11');

--
-- Índices para tablas volcadas
--

--
-- Indices de la tabla `cliente`
--
ALTER TABLE `cliente`
  ADD PRIMARY KEY (`id`);

--
-- Indices de la tabla `item`
--
ALTER TABLE `item`
  ADD PRIMARY KEY (`id`);

--
-- Indices de la tabla `item_box`
--
ALTER TABLE `item_box`
  ADD PRIMARY KEY (`id`);

--
-- Indices de la tabla `item_serie`
--
ALTER TABLE `item_serie`
  ADD PRIMARY KEY (`id`);

--
-- Indices de la tabla `item_size`
--
ALTER TABLE `item_size`
  ADD PRIMARY KEY (`id`);

--
-- Indices de la tabla `item_type`
--
ALTER TABLE `item_type`
  ADD PRIMARY KEY (`id`);

--
-- Indices de la tabla `migrations`
--
ALTER TABLE `migrations`
  ADD PRIMARY KEY (`id`);

--
-- Indices de la tabla `oauth_access_tokens`
--
ALTER TABLE `oauth_access_tokens`
  ADD PRIMARY KEY (`id`),
  ADD KEY `oauth_access_tokens_user_id_index` (`user_id`);

--
-- Indices de la tabla `oauth_auth_codes`
--
ALTER TABLE `oauth_auth_codes`
  ADD PRIMARY KEY (`id`);

--
-- Indices de la tabla `oauth_clients`
--
ALTER TABLE `oauth_clients`
  ADD PRIMARY KEY (`id`),
  ADD KEY `oauth_clients_user_id_index` (`user_id`);

--
-- Indices de la tabla `oauth_personal_access_clients`
--
ALTER TABLE `oauth_personal_access_clients`
  ADD PRIMARY KEY (`id`),
  ADD KEY `oauth_personal_access_clients_client_id_index` (`client_id`);

--
-- Indices de la tabla `oauth_refresh_tokens`
--
ALTER TABLE `oauth_refresh_tokens`
  ADD PRIMARY KEY (`id`),
  ADD KEY `oauth_refresh_tokens_access_token_id_index` (`access_token_id`);

--
-- Indices de la tabla `password_resets`
--
ALTER TABLE `password_resets`
  ADD KEY `password_resets_email_index` (`email`(191));

--
-- Indices de la tabla `po`
--
ALTER TABLE `po`
  ADD PRIMARY KEY (`id`);

--
-- Indices de la tabla `po_item`
--
ALTER TABLE `po_item`
  ADD PRIMARY KEY (`id`);

--
-- Indices de la tabla `ranch`
--
ALTER TABLE `ranch`
  ADD PRIMARY KEY (`id`);

--
-- Indices de la tabla `receive_order`
--
ALTER TABLE `receive_order`
  ADD PRIMARY KEY (`id`);

--
-- Indices de la tabla `receive_order_item`
--
ALTER TABLE `receive_order_item`
  ADD PRIMARY KEY (`id`);

--
-- Indices de la tabla `temporal_manifest`
--
ALTER TABLE `temporal_manifest`
  ADD PRIMARY KEY (`id`);

--
-- Indices de la tabla `transfer`
--
ALTER TABLE `transfer`
  ADD PRIMARY KEY (`id`);

--
-- Indices de la tabla `transfer_item`
--
ALTER TABLE `transfer_item`
  ADD PRIMARY KEY (`id`);

--
-- Indices de la tabla `users`
--
ALTER TABLE `users`
  ADD PRIMARY KEY (`id`),
  ADD UNIQUE KEY `users_email_unique` (`email`);

--
-- AUTO_INCREMENT de las tablas volcadas
--

--
-- AUTO_INCREMENT de la tabla `cliente`
--
ALTER TABLE `cliente`
  MODIFY `id` int(10) NOT NULL AUTO_INCREMENT, AUTO_INCREMENT=2;

--
-- AUTO_INCREMENT de la tabla `item`
--
ALTER TABLE `item`
  MODIFY `id` int(11) UNSIGNED NOT NULL AUTO_INCREMENT, AUTO_INCREMENT=31;

--
-- AUTO_INCREMENT de la tabla `item_box`
--
ALTER TABLE `item_box`
  MODIFY `id` int(11) NOT NULL AUTO_INCREMENT, AUTO_INCREMENT=17;

--
-- AUTO_INCREMENT de la tabla `item_serie`
--
ALTER TABLE `item_serie`
  MODIFY `id` int(11) NOT NULL AUTO_INCREMENT, AUTO_INCREMENT=9;

--
-- AUTO_INCREMENT de la tabla `item_size`
--
ALTER TABLE `item_size`
  MODIFY `id` int(11) NOT NULL AUTO_INCREMENT, AUTO_INCREMENT=6;

--
-- AUTO_INCREMENT de la tabla `item_type`
--
ALTER TABLE `item_type`
  MODIFY `id` int(11) NOT NULL AUTO_INCREMENT, AUTO_INCREMENT=9;

--
-- AUTO_INCREMENT de la tabla `migrations`
--
ALTER TABLE `migrations`
  MODIFY `id` int(10) UNSIGNED NOT NULL AUTO_INCREMENT, AUTO_INCREMENT=8;

--
-- AUTO_INCREMENT de la tabla `oauth_clients`
--
ALTER TABLE `oauth_clients`
  MODIFY `id` int(10) UNSIGNED NOT NULL AUTO_INCREMENT, AUTO_INCREMENT=8;

--
-- AUTO_INCREMENT de la tabla `oauth_personal_access_clients`
--
ALTER TABLE `oauth_personal_access_clients`
  MODIFY `id` int(10) UNSIGNED NOT NULL AUTO_INCREMENT, AUTO_INCREMENT=3;

--
-- AUTO_INCREMENT de la tabla `po`
--
ALTER TABLE `po`
  MODIFY `id` int(11) NOT NULL AUTO_INCREMENT, AUTO_INCREMENT=9;

--
-- AUTO_INCREMENT de la tabla `po_item`
--
ALTER TABLE `po_item`
  MODIFY `id` int(11) NOT NULL AUTO_INCREMENT, AUTO_INCREMENT=9;

--
-- AUTO_INCREMENT de la tabla `ranch`
--
ALTER TABLE `ranch`
  MODIFY `id` int(11) UNSIGNED NOT NULL AUTO_INCREMENT, AUTO_INCREMENT=24;

--
-- AUTO_INCREMENT de la tabla `receive_order`
--
ALTER TABLE `receive_order`
  MODIFY `id` int(11) UNSIGNED NOT NULL AUTO_INCREMENT, AUTO_INCREMENT=217;

--
-- AUTO_INCREMENT de la tabla `receive_order_item`
--
ALTER TABLE `receive_order_item`
  MODIFY `id` int(11) UNSIGNED NOT NULL AUTO_INCREMENT, AUTO_INCREMENT=542;

--
-- AUTO_INCREMENT de la tabla `temporal_manifest`
--
ALTER TABLE `temporal_manifest`
  MODIFY `id` int(11) NOT NULL AUTO_INCREMENT, AUTO_INCREMENT=424;

--
-- AUTO_INCREMENT de la tabla `transfer`
--
ALTER TABLE `transfer`
  MODIFY `id` int(11) NOT NULL AUTO_INCREMENT, AUTO_INCREMENT=109;

--
-- AUTO_INCREMENT de la tabla `transfer_item`
--
ALTER TABLE `transfer_item`
  MODIFY `id` int(11) NOT NULL AUTO_INCREMENT, AUTO_INCREMENT=450;

--
-- AUTO_INCREMENT de la tabla `users`
--
ALTER TABLE `users`
  MODIFY `id` int(10) UNSIGNED NOT NULL AUTO_INCREMENT, AUTO_INCREMENT=2;
COMMIT;

/*!40101 SET CHARACTER_SET_CLIENT=@OLD_CHARACTER_SET_CLIENT */;
/*!40101 SET CHARACTER_SET_RESULTS=@OLD_CHARACTER_SET_RESULTS */;
/*!40101 SET COLLATION_CONNECTION=@OLD_COLLATION_CONNECTION */;
